Item_Id,vtex_sku_id,status
1000099,10790,Mapped
1000598,30760,Mapped
1000623,290,Mapped
1000624,320,Mapped
1000627,289,Mapped
1000628,318,Mapped
1000735,30764,Mapped
1000783,23892,Mapped
1000877,30773,Mapped
1000918,6854,Mapped
1000919,6853,Mapped
1000929,1643,Mapped
1001097,46525,Mapped
1001147,N/A,Unmapped
1001150,N/A,Unmapped
1001236,116144,Mapped
1001565,24000,Mapped
1002041,9551,Mapped
1002054,94543,Mapped
1002565001,7998,Mapped
1002565002,22071,Mapped
1003539,11230,Mapped
1004065,10237,Mapped
1009212,50174,Mapped
1009438,4082,Mapped
1010541,7370,Mapped
1010542,7368,Mapped
1010569,9324,Mapped
1013659,174,Mapped
1014048,1401,Mapped
1014096,10202,Mapped
1014660,18634,Mapped
1018036,8654,Mapped
1018037,24582,Mapped
1018040,24584,Mapped
1018041,24580,Mapped
1018042,24581,Mapped
1018282,3677,Mapped
1018301,11035,Mapped
1018304,14635,Mapped
1018447,5213,Mapped
1018488,4871,Mapped
1018490,8513,Mapped
1018491,8512,Mapped
1018505,19562,Mapped
1019148,30823,Mapped
1019538,23269,Mapped
1019540,23278,Mapped
1019738,12519,Mapped
1019739,13277,Mapped
1019740,12520,Mapped
1019741,4744,Mapped
1021102,24941,Mapped
1021103,24942,Mapped
1021477,30829,Mapped
1021479,23107,Mapped
1021627,8076,Mapped
1022036,16488,Mapped
1022039,6717,Mapped
1022043,1259,Mapped
1022044,N/A,Unmapped
1022045,N/A,Unmapped
1022046,N/A,Unmapped
1022568,19587,Mapped
1022597,5300,Mapped
1023599,20069,Mapped
1023905,22114,Mapped
1023906,7761,Mapped
1023960,19155,Mapped
1023973,3214,Mapped
1024328,1405,Mapped
1024407,150338,Mapped
1024411,60415,Mapped
1024461,N/A,Unmapped
1024462,N/A,Unmapped
1024463,N/A,Unmapped
1024470,N/A,Unmapped
1024473,N/A,Unmapped
1024474,N/A,Unmapped
1024475,N/A,Unmapped
1024479,N/A,Unmapped
1024480,N/A,Unmapped
1024481,N/A,Unmapped
1024494,N/A,Unmapped
1024505,N/A,Unmapped
1024507,N/A,Unmapped
1024614,4791,Mapped
1024715,18971,Mapped
1024795,1623,Mapped
1024796,8475,Mapped
1024797,8474,Mapped
1024799,8493,Mapped
1024819,7488,Mapped
1024820,21849,Mapped
1024864,4401,Mapped
1024865,4398,Mapped
1024866,4372,Mapped
1024867,4399,Mapped
1024868,4400,Mapped
1024879,914,Mapped
1024881,583,Mapped
1024882,582,Mapped
1024992,161847,Mapped
1025192,163,Mapped
1025347,14320,Mapped
1025348,1558,Mapped
1025398,N/A,Unmapped
1026082,24943,Mapped
1026084,12055,Mapped
1026544001,10352,Mapped
1026544002,10351,Mapped
1026544004,10349,Mapped
1026544005,10350,Mapped
1026552003,13705,Mapped
1026645,21673,Mapped
1026647,24938,Mapped
1026648,24939,Mapped
1026649,24940,Mapped
1026652,5640,Mapped
1026653,5641,Mapped
1026654,5639,Mapped
1026667,1650,Mapped
1026769,8400,Mapped
1026770,8399,Mapped
1026771,8396,Mapped
1026772,8402,Mapped
1026773,8388,Mapped
1026774,8389,Mapped
1026775,8390,Mapped
1026777,55190,Mapped
1026808,3448,Mapped
1026832,3938,Mapped
1026845,N/A,Unmapped
1026847,N/A,Unmapped
1026851,N/A,Unmapped
1026862,N/A,Unmapped
1026863,N/A,Unmapped
1026870,N/A,Unmapped
1026875,N/A,Unmapped
1026876,N/A,Unmapped
1026877,N/A,Unmapped
1026880,N/A,Unmapped
1026881,N/A,Unmapped
1026887,N/A,Unmapped
1026891,N/A,Unmapped
1026892,N/A,Unmapped
1026918,N/A,Unmapped
1026920,2276,Mapped
1026921,2277,Mapped
1026952,21725,Mapped
1027012,N/A,Unmapped
1027084,5660,Mapped
1027093,3002,Mapped
1027094,3001,Mapped
1027095,3003,Mapped
1027096,3004,Mapped
1027097,2999,Mapped
1027098,2997,Mapped
1027099,2998,Mapped
1027100,3006,Mapped
1027136,3951,Mapped
1027562,N/A,Unmapped
1027640,N/A,Unmapped
1027641,N/A,Unmapped
1028110,5929,Mapped
1028244,11355,Mapped
1029066,2257,Mapped
1029067,2249,Mapped
1029089,25091,Mapped
1029090,25090,Mapped
1029244,25394,Mapped
1029248,1732,Mapped
1029318,125,Mapped
1029319,6101,Mapped
1029968,19175,Mapped
1029969,19176,Mapped
1029976,19174,Mapped
1029977,19156,Mapped
1029981,14618,Mapped
1030131,4073,Mapped
1030132,3934,Mapped
1030165,16854,Mapped
1030180,21681,Mapped
1030609,8735,Mapped
1030721001,20328,Mapped
1030721002,153,Mapped
1030721003,6922,Mapped
1030723,19180,Mapped
1031150,3935,Mapped
1031258008,10427,Mapped
1031367,5076,Mapped
1031501,149417,Mapped
1031505,25356,Mapped
1031569,30908,Mapped
1031570,30909,Mapped
1032038,91089,Mapped
1032052,17369,Mapped
1032053,11345,Mapped
1033037,6458,Mapped
1033075,4052,Mapped
1033137,30913,Mapped
1033138,138702,Mapped
1033659,15715,Mapped
1035064,4041,Mapped
1035065,4040,Mapped
1035067,4028,Mapped
1035069,4027,Mapped
1035074,3936,Mapped
1035080,2592,Mapped
1037538,2495,Mapped
1037540,3580,Mapped
1037553,19159,Mapped
1037554,3799,Mapped
1038112,9788,Mapped
1038113,32239,Mapped
1041601,21528,Mapped
1041602,553,Mapped
1041603,552,Mapped
1041604,50181,Mapped
1041607,10016,Mapped
1041608,10014,Mapped
1041609,10015,Mapped
1041634,10050,Mapped
1041686,2213,Mapped
1042041,30925,Mapped
1042541,55898,Mapped
1042543,62603,Mapped
1042548,N/A,Unmapped
1042550,63055,Mapped
1042551,63056,Mapped
1045039,3167,Mapped
1045040,3162,Mapped
1045042,4627,Mapped
1045925,4930,Mapped
1045935,N/A,Unmapped
1046063,23222,Mapped
1046092001,7955,Mapped
1046092002,7956,Mapped
1046539,22943,Mapped
1046541,22942,Mapped
1046542,30938,Mapped
1047037,11316,Mapped
1047038,17335,Mapped
1047039,11344,Mapped
1047045,17333,Mapped
1047050,17020,Mapped
1047051,3389,Mapped
1047674,7625,Mapped
1047681,21815,Mapped
1048043,14359,Mapped
1048044,2806,Mapped
1048046,2807,Mapped
1049603,N/A,Unmapped
1049608,8253,Mapped
1049614,10248,Mapped
1049643,2230,Mapped
1050082,22273,Mapped
1050091,12065,Mapped
1050096,2236,Mapped
1050686002,55718,Mapped
1050686004,55719,Mapped
1050724,30967,Mapped
1050725,24841,Mapped
1050726,24842,Mapped
1050855,87614,Mapped
1050878,155670,Mapped
1051037,1444,Mapped
1051038,1446,Mapped
1051045,30969,Mapped
1051047,11396,Mapped
1051187,2788,Mapped
1051188,2790,Mapped
1051189,2794,Mapped
1051190,2796,Mapped
1051191,2791,Mapped
1051192,2792,Mapped
1051193,2787,Mapped
1052135,444,Mapped
1052234,2183,Mapped
1052236,2182,Mapped
1052239,2186,Mapped
1053255,30980,Mapped
1053295,18711,Mapped
1053558,749,Mapped
1053562,11424,Mapped
1054044,22453,Mapped
1054050,22455,Mapped
1054060,9638,Mapped
1054382,53176,Mapped
1054383,53177,Mapped
1054384,53178,Mapped
1054534,7638,Mapped
1054603,56831,Mapped
1054604,5898,Mapped
1054606,N/A,Unmapped
1054771,3205,Mapped
1054772,14403,Mapped
1054776,14405,Mapped
1054799,80269,Mapped
1054815,8664,Mapped
1054831,8434,Mapped
1054878,9328,Mapped
1055216,12398,Mapped
1055761,N/A,Unmapped
1055798,N/A,Unmapped
1055799,N/A,Unmapped
1055828,31001,Mapped
1055829,31002,Mapped
1055877,21957,Mapped
1055878,7548,Mapped
1055879,7550,Mapped
1055994,72395,Mapped
1056026,31004,Mapped
1056121,8593,Mapped
1056122,8591,Mapped
1056123,8589,Mapped
1056124,8590,Mapped
1056125,8592,Mapped
1056126,8588,Mapped
1056411,11226,Mapped
1056821,9684,Mapped
1057678,9855,Mapped
1057696,N/A,Unmapped
1057716,150212,Mapped
1057820,22201,Mapped
1057850,N/A,Unmapped
1057865,6832,Mapped
1057866,132279,Mapped
1057870,47374,Mapped
1057898,16545,Mapped
1057899,2220,Mapped
1057902,16547,Mapped
1057907,16550,Mapped
1057909,16552,Mapped
1057929,132943,Mapped
1057930,132944,Mapped
1057944,N/A,Unmapped
1057946,N/A,Unmapped
1057947,N/A,Unmapped
1057948,N/A,Unmapped
1058042,N/A,Unmapped
1058227,7826,Mapped
1058228,7827,Mapped
1058437,31021,Mapped
1058438,31022,Mapped
1058696,N/A,Unmapped
1058697,N/A,Unmapped
1058698,N/A,Unmapped
1058700,N/A,Unmapped
1058705,N/A,Unmapped
1058713,N/A,Unmapped
1058808,1669,Mapped
1058929,12084,Mapped
1059079,25358,Mapped
1059270,7821,Mapped
1059577,56837,Mapped
1060050,16214,Mapped
106039,18486,Mapped
106041,18487,Mapped
1060537,N/A,Unmapped
1060538,18895,Mapped
1061542,12121,Mapped
1062184,19488,Mapped
1062587,N/A,Unmapped
1066040,267,Mapped
1067038,17079,Mapped
1067039,17078,Mapped
1067043,167009,Mapped
1067577,15509,Mapped
1070537,880,Mapped
1070548,53952,Mapped
1070583,N/A,Unmapped
1073073,95709,Mapped
1073093,24858,Mapped
1073094,24863,Mapped
1073123,8005,Mapped
1073127,1792,Mapped
1073538,11912,Mapped
1073539,12099,Mapped
1073540,11962,Mapped
1073541,25425,Mapped
1073755,3637,Mapped
1073788,101855,Mapped
1073803,22553,Mapped
1073804,6621,Mapped
1074046,18973,Mapped
1074047,N/A,Unmapped
1074394,N/A,Unmapped
1074396,N/A,Unmapped
1074552,6562,Mapped
1074606,18701,Mapped
1074607,31099,Mapped
1074752,31104,Mapped
1075122,12067,Mapped
1075140,10821,Mapped
1075141,10820,Mapped
1075148,9514,Mapped
1075167,31105,Mapped
1076266,23463,Mapped
1076506,24139,Mapped
1076557,16130,Mapped
1076558,16131,Mapped
1076618,10175,Mapped
1076637,60429,Mapped
107700,4593,Mapped
1077271,93105,Mapped
1077675,8149,Mapped
1077793,6431,Mapped
107787,4604,Mapped
107793,4610,Mapped
107794,4611,Mapped
107797,4615,Mapped
107798,4616,Mapped
107802,4619,Mapped
107805,4621,Mapped
1078636,1483,Mapped
1078637,1482,Mapped
1081042,9958,Mapped
1082556,17924,Mapped
1082642,22219,Mapped
1082643,22220,Mapped
1082644,22218,Mapped
1082647,22217,Mapped
1082688,31133,Mapped
1082817,183,Mapped
1082818,22353,Mapped
1082820,31136,Mapped
1082821,22354,Mapped
1082960,31139,Mapped
1083035,N/A,Unmapped
1083036,N/A,Unmapped
1083037,N/A,Unmapped
1083039,N/A,Unmapped
1083068,31140,Mapped
1083125,22000,Mapped
1083154,560,Mapped
1083155,55198,Mapped
1083250,25390,Mapped
1083537,8902,Mapped
1083546,53179,Mapped
1083550,7918,Mapped
1083695,1262,Mapped
1083696,1261,Mapped
1083699,1018,Mapped
1083950,54350,Mapped
1083954,24843,Mapped
1083955,11423,Mapped
1083956,58035,Mapped
1083961,3644,Mapped
1083962,3642,Mapped
1084036,53183,Mapped
1084037,53184,Mapped
1084046,N/A,Unmapped
1084047,N/A,Unmapped
1084048,N/A,Unmapped
1084055003,7222,Mapped
1084055004,25559,Mapped
1084057,7225,Mapped
1084483,31150,Mapped
1084484,31151,Mapped
1084485,31152,Mapped
1086048,10105,Mapped
1086688,8004,Mapped
1086693,7361,Mapped
1086694,7375,Mapped
1086695,7372,Mapped
1086696,7373,Mapped
1086931,3888,Mapped
1086932,3887,Mapped
1086945002,757,Mapped
1086945004,760,Mapped
1086947,6676,Mapped
1087132,159225,Mapped
1087133,159227,Mapped
1087387,31168,Mapped
1087390,31169,Mapped
1087423,16233,Mapped
1087429,N/A,Unmapped
1087536,9251,Mapped
1088046,8776,Mapped
108853,69210,Mapped
1088537,9512,Mapped
1088541,15769,Mapped
1088542,31172,Mapped
1088543,15770,Mapped
108939,4965,Mapped
1090192,22874,Mapped
1090193,22875,Mapped
109020,4778,Mapped
1092052,55200,Mapped
1092177,N/A,Unmapped
1092605,56847,Mapped
1092672,N/A,Unmapped
1092674,N/A,Unmapped
1092678,N/A,Unmapped
1093049,10051,Mapped
1093050,53280,Mapped
1093191,N/A,Unmapped
1093200,138267,Mapped
1093540,11372,Mapped
1093629,23550,Mapped
1093653,10152,Mapped
1094036,22461,Mapped
1094040,8585,Mapped
1094043,12592,Mapped
1094045,22462,Mapped
1094050,12591,Mapped
1094056,8582,Mapped
1094058,22463,Mapped
1094065,8124,Mapped
1094629,25427,Mapped
1095035,510,Mapped
1095051001,738,Mapped
1095051002,739,Mapped
1096085,25209,Mapped
1096140,5129,Mapped
1096141,5128,Mapped
1096144,5126,Mapped
1096146,5124,Mapped
1096147,5122,Mapped
1096148,5121,Mapped
1096154,4814,Mapped
1096726,56848,Mapped
1096852,7631,Mapped
1097189,31215,Mapped
1097204,17338,Mapped
1097205,17337,Mapped
1097206,31217,Mapped
1097566,159936,Mapped
1097687,N/A,Unmapped
1097688,N/A,Unmapped
1097729,N/A,Unmapped
1098050,19382,Mapped
1098259,4760,Mapped
1102050,60432,Mapped
1103413,9749,Mapped
1104809,9748,Mapped
1104816,1637,Mapped
1114245,12437,Mapped
1114246,5426,Mapped
1114250,12232,Mapped
1114251,12233,Mapped
1114385,2546,Mapped
1116577,18638,Mapped
1116635,31238,Mapped
1116644,5108,Mapped
1116645,82873,Mapped
1116652,5332,Mapped
1116700,22412,Mapped
1116701,22413,Mapped
1116702,22411,Mapped
1116703,13331,Mapped
1116706,22409,Mapped
1116710,22406,Mapped
1116721,22456,Mapped
1118582,20648,Mapped
1118747,76190,Mapped
1118812,9869,Mapped
1119078,21354,Mapped
1119128,82946,Mapped
1119129,82947,Mapped
1119130,82948,Mapped
1119131,82949,Mapped
1119132,82950,Mapped
1119133,82951,Mapped
1119134,82952,Mapped
1119147,17925,Mapped
1119175,N/A,Unmapped
1119176,N/A,Unmapped
1119182,N/A,Unmapped
1119183,N/A,Unmapped
1119188,N/A,Unmapped
1119190,N/A,Unmapped
1119191,N/A,Unmapped
1119194,N/A,Unmapped
1119195,N/A,Unmapped
1119203,N/A,Unmapped
1119204,N/A,Unmapped
1119205,N/A,Unmapped
1119207,N/A,Unmapped
1119208,N/A,Unmapped
1119209,N/A,Unmapped
1119211,N/A,Unmapped
1119214,17134,Mapped
1119230,N/A,Unmapped
1119231,N/A,Unmapped
1119233,N/A,Unmapped
1119234,N/A,Unmapped
1119242,N/A,Unmapped
1119243,N/A,Unmapped
1119244,N/A,Unmapped
1119245,N/A,Unmapped
1119246,N/A,Unmapped
1119247,N/A,Unmapped
1119249,N/A,Unmapped
1119254,N/A,Unmapped
1119255,N/A,Unmapped
1119256,N/A,Unmapped
1119259,N/A,Unmapped
1119263,N/A,Unmapped
1119268,N/A,Unmapped
1119275,N/A,Unmapped
1119278,N/A,Unmapped
1119291,N/A,Unmapped
1119307,N/A,Unmapped
1119311,N/A,Unmapped
1119317,N/A,Unmapped
1119318,N/A,Unmapped
1119319,N/A,Unmapped
1119320,N/A,Unmapped
1119327,N/A,Unmapped
1119350,N/A,Unmapped
1119351,N/A,Unmapped
1119352,N/A,Unmapped
1119353,N/A,Unmapped
1119362,N/A,Unmapped
1119363,N/A,Unmapped
1119364,N/A,Unmapped
1119365,N/A,Unmapped
1119367,N/A,Unmapped
1119368,N/A,Unmapped
1119369,N/A,Unmapped
1119370,N/A,Unmapped
1119377,N/A,Unmapped
1119384,N/A,Unmapped
1119387,N/A,Unmapped
1119388,N/A,Unmapped
1119394,N/A,Unmapped
1119397,N/A,Unmapped
1119398,N/A,Unmapped
1119400,N/A,Unmapped
1119401,N/A,Unmapped
1119402,N/A,Unmapped
1119403,N/A,Unmapped
1119404,N/A,Unmapped
1119405,N/A,Unmapped
1119406,N/A,Unmapped
1119408,N/A,Unmapped
1119413,N/A,Unmapped
1119414,N/A,Unmapped
1119415,N/A,Unmapped
1119416,N/A,Unmapped
1119418,N/A,Unmapped
1119419,N/A,Unmapped
1119421,N/A,Unmapped
1119423,N/A,Unmapped
1119424,N/A,Unmapped
1119432,N/A,Unmapped
1119434,N/A,Unmapped
1119435,N/A,Unmapped
1119437,N/A,Unmapped
1119441,N/A,Unmapped
1119442,N/A,Unmapped
1119443,N/A,Unmapped
1119450,N/A,Unmapped
1119451,N/A,Unmapped
1119458,N/A,Unmapped
1119463,N/A,Unmapped
1119473,N/A,Unmapped
1119474,N/A,Unmapped
1119475,N/A,Unmapped
1119476,N/A,Unmapped
1119477,N/A,Unmapped
1119478,N/A,Unmapped
1119479,N/A,Unmapped
1119480,N/A,Unmapped
1119481,N/A,Unmapped
1119482,N/A,Unmapped
1119486,N/A,Unmapped
1119489,N/A,Unmapped
1119490,N/A,Unmapped
1119496,N/A,Unmapped
1119498,N/A,Unmapped
1119506,N/A,Unmapped
1119507,N/A,Unmapped
1119512,N/A,Unmapped
1119514,N/A,Unmapped
1119516,N/A,Unmapped
1119530,N/A,Unmapped
1119531,N/A,Unmapped
1119532,N/A,Unmapped
1119533,N/A,Unmapped
1119665,8632,Mapped
1119667,8631,Mapped
1120037,8312,Mapped
1120040,7536,Mapped
1120041,21763,Mapped
1120081,21801,Mapped
1120087,16336,Mapped
1120248,N/A,Unmapped
1120249,N/A,Unmapped
1120252,N/A,Unmapped
1120253,N/A,Unmapped
1120254,N/A,Unmapped
1120256,N/A,Unmapped
1120265,N/A,Unmapped
1120268,N/A,Unmapped
1120274,N/A,Unmapped
1120275,N/A,Unmapped
1120276,N/A,Unmapped
1120278,N/A,Unmapped
1120280,N/A,Unmapped
1120281,N/A,Unmapped
1120299,N/A,Unmapped
1120300,N/A,Unmapped
1120304,N/A,Unmapped
1120305,N/A,Unmapped
1120308,N/A,Unmapped
1120309,N/A,Unmapped
1120311,N/A,Unmapped
1120312,N/A,Unmapped
1120313,N/A,Unmapped
1120315,N/A,Unmapped
1120316,N/A,Unmapped
1120319,N/A,Unmapped
1120320,N/A,Unmapped
1120321,N/A,Unmapped
1120322,N/A,Unmapped
1120323,N/A,Unmapped
1120329,N/A,Unmapped
1120331,N/A,Unmapped
1120332,N/A,Unmapped
1120333,N/A,Unmapped
1120342,N/A,Unmapped
1120344,N/A,Unmapped
1120353,N/A,Unmapped
1120354,N/A,Unmapped
1120357,N/A,Unmapped
1120361,N/A,Unmapped
1120362,N/A,Unmapped
1120364,N/A,Unmapped
1120365,N/A,Unmapped
1120366,N/A,Unmapped
1120371,N/A,Unmapped
1120374,N/A,Unmapped
1120376,8754,Mapped
1120378,8753,Mapped
1120381,N/A,Unmapped
1120384,N/A,Unmapped
1120385,N/A,Unmapped
1120386,N/A,Unmapped
1120387,N/A,Unmapped
1120388,N/A,Unmapped
1120392,N/A,Unmapped
1120393,N/A,Unmapped
1120402,N/A,Unmapped
1120405,N/A,Unmapped
1120406,N/A,Unmapped
1120407,N/A,Unmapped
1120413,N/A,Unmapped
1120414,N/A,Unmapped
1120418,N/A,Unmapped
1120419,N/A,Unmapped
1120420,N/A,Unmapped
1120421,N/A,Unmapped
1120422,N/A,Unmapped
1120423,N/A,Unmapped
1120425,N/A,Unmapped
1120429,N/A,Unmapped
1120432,N/A,Unmapped
1120433,N/A,Unmapped
1120434,N/A,Unmapped
1120435,N/A,Unmapped
1120436,N/A,Unmapped
1120437,N/A,Unmapped
1120439,N/A,Unmapped
1120440,N/A,Unmapped
1120441,N/A,Unmapped
1120454,N/A,Unmapped
1120457,N/A,Unmapped
1120458,N/A,Unmapped
1120466,N/A,Unmapped
1120467,N/A,Unmapped
1120469,N/A,Unmapped
1120471,N/A,Unmapped
1120472,N/A,Unmapped
1120480,N/A,Unmapped
1120481,N/A,Unmapped
1120482,N/A,Unmapped
1120501,N/A,Unmapped
1120502,N/A,Unmapped
1120505,N/A,Unmapped
1120509,N/A,Unmapped
1120510,N/A,Unmapped
1120512,N/A,Unmapped
1120514,N/A,Unmapped
1120526,N/A,Unmapped
1120534,N/A,Unmapped
1120726,21743,Mapped
1120727,8062,Mapped
1120886,10955,Mapped
1121074,3643,Mapped
1121595,7818,Mapped
1121630,4459,Mapped
1121640,60435,Mapped
1121654,23893,Mapped
1122052,N/A,Unmapped
1122064,31283,Mapped
1122536,N/A,Unmapped
1122539,N/A,Unmapped
1122540,N/A,Unmapped
1122541,N/A,Unmapped
1122552,N/A,Unmapped
1122553,N/A,Unmapped
1122554,N/A,Unmapped
1122555,N/A,Unmapped
1122556,N/A,Unmapped
1122557,N/A,Unmapped
1122559,N/A,Unmapped
1122560,N/A,Unmapped
1122561,N/A,Unmapped
1122565,N/A,Unmapped
1122566,N/A,Unmapped
1122567,N/A,Unmapped
1122568,N/A,Unmapped
1122569,N/A,Unmapped
1122571,N/A,Unmapped
1122572,N/A,Unmapped
1122573,N/A,Unmapped
1122574,N/A,Unmapped
1122575,N/A,Unmapped
1122576,N/A,Unmapped
1122577,N/A,Unmapped
1122580,N/A,Unmapped
1122583,N/A,Unmapped
1122584,N/A,Unmapped
1122586,N/A,Unmapped
1122594,N/A,Unmapped
1122595,N/A,Unmapped
1122596,N/A,Unmapped
1122597,N/A,Unmapped
1122599,N/A,Unmapped
1122606,N/A,Unmapped
1122607,N/A,Unmapped
1122610,N/A,Unmapped
1122611,N/A,Unmapped
1122612,N/A,Unmapped
1122613,N/A,Unmapped
1122614,N/A,Unmapped
1122617,N/A,Unmapped
1122619,N/A,Unmapped
1122620,N/A,Unmapped
1122621,N/A,Unmapped
1122624,N/A,Unmapped
1122625,N/A,Unmapped
1122630,N/A,Unmapped
1122631,N/A,Unmapped
1122636,N/A,Unmapped
1122637,N/A,Unmapped
1122638,N/A,Unmapped
1122650,N/A,Unmapped
1122653,N/A,Unmapped
1122657,N/A,Unmapped
1122659,N/A,Unmapped
1122661,N/A,Unmapped
1122664,N/A,Unmapped
1122671,N/A,Unmapped
1122672,N/A,Unmapped
1122675,N/A,Unmapped
1122676,N/A,Unmapped
1122677,N/A,Unmapped
1122678,N/A,Unmapped
1122679,N/A,Unmapped
1122683,N/A,Unmapped
1122684,N/A,Unmapped
1122685,N/A,Unmapped
1122687,N/A,Unmapped
1122689,N/A,Unmapped
1122694,N/A,Unmapped
1122695,N/A,Unmapped
1122699,N/A,Unmapped
1122700,N/A,Unmapped
1122704,N/A,Unmapped
1122707,N/A,Unmapped
1122708,N/A,Unmapped
1122709,N/A,Unmapped
1122711,N/A,Unmapped
1122717,N/A,Unmapped
1122718,N/A,Unmapped
1122719,N/A,Unmapped
1122720,N/A,Unmapped
1122721,N/A,Unmapped
1122722,N/A,Unmapped
1122724,N/A,Unmapped
1122726,N/A,Unmapped
1122728,N/A,Unmapped
1122729,N/A,Unmapped
1122730,N/A,Unmapped
1122731,N/A,Unmapped
1122732,N/A,Unmapped
1122733,N/A,Unmapped
1122738,N/A,Unmapped
1122740,N/A,Unmapped
1122744,N/A,Unmapped
1122745,N/A,Unmapped
1122746,N/A,Unmapped
1122747,N/A,Unmapped
1122748,N/A,Unmapped
1122781,N/A,Unmapped
1122782,N/A,Unmapped
1122784,N/A,Unmapped
1122785,N/A,Unmapped
1122786,N/A,Unmapped
1122789,N/A,Unmapped
1122791,N/A,Unmapped
1122792,N/A,Unmapped
1122793,N/A,Unmapped
1122795,N/A,Unmapped
1122805,N/A,Unmapped
1122806,N/A,Unmapped
1122808,N/A,Unmapped
1122809,N/A,Unmapped
1122812,N/A,Unmapped
1122815,N/A,Unmapped
1122816,N/A,Unmapped
1122817,N/A,Unmapped
1122819,N/A,Unmapped
1122820,N/A,Unmapped
1122834,12797,Mapped
1123035,N/A,Unmapped
1123037,N/A,Unmapped
1123038,N/A,Unmapped
1123040,N/A,Unmapped
1123046,N/A,Unmapped
1123050,N/A,Unmapped
1123051,N/A,Unmapped
1123052,N/A,Unmapped
1123054,N/A,Unmapped
1123055,N/A,Unmapped
1123058,N/A,Unmapped
1123059,N/A,Unmapped
1123064,N/A,Unmapped
1123078,N/A,Unmapped
1123079,N/A,Unmapped
1123081,N/A,Unmapped
1123082,N/A,Unmapped
1123083,N/A,Unmapped
1123089,N/A,Unmapped
1123090,N/A,Unmapped
1123098,N/A,Unmapped
1123100,N/A,Unmapped
1123102,N/A,Unmapped
1123103,N/A,Unmapped
1123104,N/A,Unmapped
1123110,N/A,Unmapped
1123116,N/A,Unmapped
1123117,N/A,Unmapped
1123128,N/A,Unmapped
1123129,N/A,Unmapped
1123130,N/A,Unmapped
1123138,N/A,Unmapped
1123139,N/A,Unmapped
1123140,N/A,Unmapped
1123141,N/A,Unmapped
1123142,N/A,Unmapped
1123143,N/A,Unmapped
1123144,N/A,Unmapped
1123145,N/A,Unmapped
1123146,N/A,Unmapped
1123147,N/A,Unmapped
1123150,N/A,Unmapped
1123151,N/A,Unmapped
1123154,N/A,Unmapped
1123155,N/A,Unmapped
1123159,N/A,Unmapped
1123160,N/A,Unmapped
1123161,N/A,Unmapped
1123167,N/A,Unmapped
1123168,N/A,Unmapped
1123169,N/A,Unmapped
1123172,N/A,Unmapped
1123173,N/A,Unmapped
1123175,N/A,Unmapped
1123177,N/A,Unmapped
1123180,N/A,Unmapped
1123184,N/A,Unmapped
1123188,N/A,Unmapped
1123191,N/A,Unmapped
1123193,N/A,Unmapped
1123194,N/A,Unmapped
1123195,N/A,Unmapped
1123196,N/A,Unmapped
1123197,N/A,Unmapped
1123199,N/A,Unmapped
1123201,N/A,Unmapped
1123202,N/A,Unmapped
1123203,N/A,Unmapped
1123204,N/A,Unmapped
1123205,N/A,Unmapped
1123207,N/A,Unmapped
1123209,N/A,Unmapped
1123214,N/A,Unmapped
1123219,N/A,Unmapped
1123230,N/A,Unmapped
1123232,N/A,Unmapped
1123233,N/A,Unmapped
1123234,N/A,Unmapped
1123239,N/A,Unmapped
1123240,N/A,Unmapped
1123241,N/A,Unmapped
1123249,N/A,Unmapped
1123250,N/A,Unmapped
1123251,N/A,Unmapped
1123253,N/A,Unmapped
1123254,N/A,Unmapped
1123255,N/A,Unmapped
1123258,N/A,Unmapped
1123259,N/A,Unmapped
1123265,N/A,Unmapped
1123276,N/A,Unmapped
1123277,N/A,Unmapped
1123278,N/A,Unmapped
1123279,N/A,Unmapped
1123280,N/A,Unmapped
1123281,N/A,Unmapped
1123293,N/A,Unmapped
1123294,N/A,Unmapped
1123298,N/A,Unmapped
1123299,N/A,Unmapped
1123302,61618,Mapped
1123308,61621,Mapped
1123310,61623,Mapped
1123312,61624,Mapped
1123313,61625,Mapped
1123319,61630,Mapped
1123320,61631,Mapped
1123321,61632,Mapped
1123329,61638,Mapped
1123336,61642,Mapped
1123348,61645,Mapped
1123359,61649,Mapped
1123555,96891,Mapped
1123624,N/A,Unmapped
1123627,N/A,Unmapped
1123630,N/A,Unmapped
1123745,11308,Mapped
1123931,12588,Mapped
1123936,10341,Mapped
1124035,12567,Mapped
1124055,61656,Mapped
1124056,61657,Mapped
1124072,61662,Mapped
1124084,61666,Mapped
1124090,61669,Mapped
1124103,61676,Mapped
1124104,61677,Mapped
1124119,61684,Mapped
1124125,61689,Mapped
1124135,61695,Mapped
1124144,61698,Mapped
1124244,12217,Mapped
1124269,N/A,Unmapped
1124270,N/A,Unmapped
1124271,N/A,Unmapped
1124537,N/A,Unmapped
1124538,N/A,Unmapped
1124539,N/A,Unmapped
1124546,N/A,Unmapped
1124551,N/A,Unmapped
1124552,N/A,Unmapped
1124554,N/A,Unmapped
1124557,N/A,Unmapped
1124560,N/A,Unmapped
1124566,N/A,Unmapped
1124582,N/A,Unmapped
1124584,N/A,Unmapped
1124586,N/A,Unmapped
1124588,N/A,Unmapped
1124589,N/A,Unmapped
1124593,N/A,Unmapped
1124594,N/A,Unmapped
1124595,N/A,Unmapped
1124598,N/A,Unmapped
1124601,N/A,Unmapped
1124611,N/A,Unmapped
1124613,N/A,Unmapped
1124616,N/A,Unmapped
1124617,N/A,Unmapped
1124618,N/A,Unmapped
1124619,N/A,Unmapped
1124621,N/A,Unmapped
1124623,N/A,Unmapped
1124626,N/A,Unmapped
1124628,N/A,Unmapped
1124630,N/A,Unmapped
1124633,N/A,Unmapped
1124635,N/A,Unmapped
1124637,N/A,Unmapped
1124646,N/A,Unmapped
1124659,N/A,Unmapped
1124663,N/A,Unmapped
1124664,N/A,Unmapped
1124667,N/A,Unmapped
1124670,N/A,Unmapped
1124672,N/A,Unmapped
1124676,N/A,Unmapped
1124678,N/A,Unmapped
1124679,N/A,Unmapped
1124685,N/A,Unmapped
1124687,N/A,Unmapped
1124688,N/A,Unmapped
1124689,N/A,Unmapped
1124694,N/A,Unmapped
1124702,N/A,Unmapped
1124704,N/A,Unmapped
1124706,N/A,Unmapped
1124711,N/A,Unmapped
1124713,N/A,Unmapped
1124714,N/A,Unmapped
1124715,N/A,Unmapped
1124717,N/A,Unmapped
1124718,N/A,Unmapped
1124719,N/A,Unmapped
1124721,N/A,Unmapped
1124723,N/A,Unmapped
1124728,N/A,Unmapped
1124731,N/A,Unmapped
1124737,N/A,Unmapped
1124738,N/A,Unmapped
1124740,N/A,Unmapped
1124744,N/A,Unmapped
1124751,N/A,Unmapped
1124752,N/A,Unmapped
1124753,N/A,Unmapped
1124759,N/A,Unmapped
1124761,N/A,Unmapped
1124763,N/A,Unmapped
1124770,N/A,Unmapped
1124771,N/A,Unmapped
1124772,N/A,Unmapped
1124775,N/A,Unmapped
1124776,N/A,Unmapped
1124778,N/A,Unmapped
1124779,N/A,Unmapped
1124781,N/A,Unmapped
1124782,N/A,Unmapped
1124784,N/A,Unmapped
1124786,N/A,Unmapped
1124797,N/A,Unmapped
1124803,N/A,Unmapped
1124806,N/A,Unmapped
1124807,N/A,Unmapped
1124808,N/A,Unmapped
1124813,N/A,Unmapped
1124822,N/A,Unmapped
1124830,N/A,Unmapped
1124831,N/A,Unmapped
1124835,N/A,Unmapped
1124837,N/A,Unmapped
1124838,N/A,Unmapped
1124841,N/A,Unmapped
1124843,N/A,Unmapped
1124844,N/A,Unmapped
1124846,N/A,Unmapped
1124847,N/A,Unmapped
1124848,N/A,Unmapped
1124850,N/A,Unmapped
1124851,N/A,Unmapped
1124855,N/A,Unmapped
1124857,N/A,Unmapped
1124861,N/A,Unmapped
1124862,N/A,Unmapped
1124863,N/A,Unmapped
1124864,N/A,Unmapped
1124865,N/A,Unmapped
1124874,N/A,Unmapped
1124915,15474,Mapped
1125018,31297,Mapped
1125019,31298,Mapped
1125020,31299,Mapped
1125023,31302,Mapped
1125028,58040,Mapped
1125033,31303,Mapped
1125034,58042,Mapped
1125045,3640,Mapped
1125164,17092,Mapped
1125185,4412,Mapped
1125186,4414,Mapped
1125213,5579,Mapped
1125214,53920,Mapped
1125216,53921,Mapped
1125218,53922,Mapped
1125219,5581,Mapped
1125221,18364,Mapped
1125224,60438,Mapped
1125228,60442,Mapped
1125285,N/A,Unmapped
1125286,N/A,Unmapped
1125287,N/A,Unmapped
1125288,N/A,Unmapped
1125290,N/A,Unmapped
1125491,N/A,Unmapped
1125496,24545,Mapped
1125544,2574,Mapped
1125568,N/A,Unmapped
1125570,N/A,Unmapped
1125572,N/A,Unmapped
1125573,N/A,Unmapped
1125574,N/A,Unmapped
1125575,N/A,Unmapped
1125577,N/A,Unmapped
1125595,N/A,Unmapped
1125596,N/A,Unmapped
1125597,N/A,Unmapped
1125599,N/A,Unmapped
1125601,N/A,Unmapped
1125602,N/A,Unmapped
1125606,N/A,Unmapped
1125611,N/A,Unmapped
1125613,N/A,Unmapped
1125621,N/A,Unmapped
1125624,N/A,Unmapped
1125625,N/A,Unmapped
1125628,113720,Mapped
1125629,113719,Mapped
1125630,N/A,Unmapped
1125633,N/A,Unmapped
1125636,N/A,Unmapped
1125637,N/A,Unmapped
1125638,N/A,Unmapped
1125640,113721,Mapped
1125641,N/A,Unmapped
1125644,N/A,Unmapped
1125646,N/A,Unmapped
1125647,N/A,Unmapped
1125659,N/A,Unmapped
1125660,N/A,Unmapped
1125661,N/A,Unmapped
1125662,N/A,Unmapped
1125665,N/A,Unmapped
1125669,N/A,Unmapped
1125672,N/A,Unmapped
1125679,N/A,Unmapped
1125680,N/A,Unmapped
1125693,N/A,Unmapped
1125694,N/A,Unmapped
1125695,N/A,Unmapped
1125696,N/A,Unmapped
1125697,N/A,Unmapped
1125698,N/A,Unmapped
1125699,N/A,Unmapped
1125700,N/A,Unmapped
1125701,N/A,Unmapped
1125702,N/A,Unmapped
1125703,N/A,Unmapped
1125704,N/A,Unmapped
1125711,N/A,Unmapped
1125719,N/A,Unmapped
1125720,N/A,Unmapped
1125721,N/A,Unmapped
1125722,N/A,Unmapped
1125723,N/A,Unmapped
1125724,N/A,Unmapped
1125725,N/A,Unmapped
1125729,N/A,Unmapped
1125730,N/A,Unmapped
1125734,N/A,Unmapped
1125740,N/A,Unmapped
1125745,N/A,Unmapped
1125752,N/A,Unmapped
1125755,N/A,Unmapped
1125759,N/A,Unmapped
1125760,N/A,Unmapped
1125762,N/A,Unmapped
1125770,N/A,Unmapped
1125781,N/A,Unmapped
1125785,N/A,Unmapped
1125786,N/A,Unmapped
1125792,N/A,Unmapped
1125793,N/A,Unmapped
1125799,N/A,Unmapped
1125800,N/A,Unmapped
1125801,N/A,Unmapped
1125819,N/A,Unmapped
1125820,N/A,Unmapped
1125825,N/A,Unmapped
1125826,N/A,Unmapped
1125827,N/A,Unmapped
1125828,N/A,Unmapped
1125831,N/A,Unmapped
1125832,N/A,Unmapped
1125833,N/A,Unmapped
1125840,N/A,Unmapped
1125841,N/A,Unmapped
1125852,N/A,Unmapped
1125853,N/A,Unmapped
1125857,N/A,Unmapped
1125858,N/A,Unmapped
1125859,N/A,Unmapped
1125860,N/A,Unmapped
1125871,9446,Mapped
1126117,N/A,Unmapped
1126143,N/A,Unmapped
1126156,N/A,Unmapped
1126161,N/A,Unmapped
1126162,N/A,Unmapped
1126163,N/A,Unmapped
1126164,N/A,Unmapped
1126168,N/A,Unmapped
1126170,N/A,Unmapped
1126175,N/A,Unmapped
1126176,N/A,Unmapped
1126177,N/A,Unmapped
1126178,N/A,Unmapped
1126187,N/A,Unmapped
1126188,N/A,Unmapped
1126190,N/A,Unmapped
1126200,N/A,Unmapped
1126201,N/A,Unmapped
1126202,N/A,Unmapped
1126203,N/A,Unmapped
1126204,N/A,Unmapped
1126205,N/A,Unmapped
1126214,N/A,Unmapped
1126218,N/A,Unmapped
1126225,N/A,Unmapped
1126235,N/A,Unmapped
1126236,N/A,Unmapped
1126237,N/A,Unmapped
1126238,N/A,Unmapped
1126239,N/A,Unmapped
1126240,N/A,Unmapped
1126243,N/A,Unmapped
1126245,N/A,Unmapped
1126246,N/A,Unmapped
1126247,N/A,Unmapped
1126262,N/A,Unmapped
1126263,N/A,Unmapped
1126265,N/A,Unmapped
1126266,N/A,Unmapped
1126268,N/A,Unmapped
1126269,N/A,Unmapped
1126270,N/A,Unmapped
1126271,N/A,Unmapped
1126274,N/A,Unmapped
1126276,N/A,Unmapped
1126277,N/A,Unmapped
1126278,N/A,Unmapped
1126279,N/A,Unmapped
1126281,N/A,Unmapped
1126283,N/A,Unmapped
1126286,N/A,Unmapped
1126287,N/A,Unmapped
1126289,N/A,Unmapped
1126290,N/A,Unmapped
1126291,N/A,Unmapped
1126297,N/A,Unmapped
1126299,N/A,Unmapped
1126300,N/A,Unmapped
1126301,N/A,Unmapped
1126316,N/A,Unmapped
1126317,N/A,Unmapped
1126318,N/A,Unmapped
1126319,N/A,Unmapped
1126320,N/A,Unmapped
1126321,N/A,Unmapped
1126322,N/A,Unmapped
1126323,N/A,Unmapped
1126326,N/A,Unmapped
1126327,N/A,Unmapped
1126329,N/A,Unmapped
1126330,N/A,Unmapped
1126331,N/A,Unmapped
1126332,N/A,Unmapped
1126333,N/A,Unmapped
1126337,N/A,Unmapped
1126340,N/A,Unmapped
1126343,N/A,Unmapped
1126344,N/A,Unmapped
1126346,N/A,Unmapped
1126355,N/A,Unmapped
1126358,N/A,Unmapped
1126364,N/A,Unmapped
1126365,N/A,Unmapped
1126367,N/A,Unmapped
1126368,N/A,Unmapped
1126374,N/A,Unmapped
1126375,N/A,Unmapped
1126376,N/A,Unmapped
1126377,N/A,Unmapped
1126378,N/A,Unmapped
1126379,N/A,Unmapped
1126381,N/A,Unmapped
1126383,N/A,Unmapped
1126384,N/A,Unmapped
1126385,N/A,Unmapped
1126386,N/A,Unmapped
1126387,N/A,Unmapped
1126388,N/A,Unmapped
1126389,N/A,Unmapped
1126392,N/A,Unmapped
1126393,N/A,Unmapped
1126394,N/A,Unmapped
1126395,N/A,Unmapped
1126396,N/A,Unmapped
1126397,N/A,Unmapped
1126399,N/A,Unmapped
1126794,7436,Mapped
1126796,7434,Mapped
1126800,8081,Mapped
1126857,N/A,Unmapped
1126864,N/A,Unmapped
1126868,N/A,Unmapped
1126869,N/A,Unmapped
1126871,N/A,Unmapped
1126890,N/A,Unmapped
1126891,N/A,Unmapped
1126893,N/A,Unmapped
1126894,N/A,Unmapped
1126895,N/A,Unmapped
1126896,N/A,Unmapped
1126911,N/A,Unmapped
1126918,N/A,Unmapped
1126919,N/A,Unmapped
1126923,N/A,Unmapped
1126949,N/A,Unmapped
1126953,N/A,Unmapped
1126954,N/A,Unmapped
1126955,N/A,Unmapped
1126965,N/A,Unmapped
1126977,N/A,Unmapped
1126979,N/A,Unmapped
1126980,N/A,Unmapped
1126982,N/A,Unmapped
1126983,N/A,Unmapped
1126984,N/A,Unmapped
1126991,N/A,Unmapped
1126992,N/A,Unmapped
1127021,60446,Mapped
1127027,31322,Mapped
1127029,11393,Mapped
1127030,11394,Mapped
1127535,9315,Mapped
1127678,N/A,Unmapped
1127679,N/A,Unmapped
1127680,N/A,Unmapped
1127684,N/A,Unmapped
1127685,N/A,Unmapped
1127686,N/A,Unmapped
1127687,N/A,Unmapped
1127688,N/A,Unmapped
1127689,N/A,Unmapped
1127783,56,Mapped
1127784,2188,Mapped
1127785,16277,Mapped
1127786,2192,Mapped
1127787,2190,Mapped
1127831,N/A,Unmapped
1127832,N/A,Unmapped
1127833,N/A,Unmapped
1127849,N/A,Unmapped
1127856,N/A,Unmapped
1127863,N/A,Unmapped
1127878,N/A,Unmapped
1127879,N/A,Unmapped
1127888,N/A,Unmapped
1127889,N/A,Unmapped
1128026,17379,Mapped
1128144,N/A,Unmapped
1128146,N/A,Unmapped
1128155,N/A,Unmapped
1128156,N/A,Unmapped
1128158,N/A,Unmapped
1128159,N/A,Unmapped
1128160,N/A,Unmapped
1128161,N/A,Unmapped
1128164,N/A,Unmapped
1128165,N/A,Unmapped
1128182,N/A,Unmapped
1128184,N/A,Unmapped
1128186,N/A,Unmapped
1128188,N/A,Unmapped
1128195,N/A,Unmapped
1128196,N/A,Unmapped
1128199,N/A,Unmapped
1128204,N/A,Unmapped
1128205,N/A,Unmapped
1128206,N/A,Unmapped
1128207,N/A,Unmapped
1128208,N/A,Unmapped
1128220,N/A,Unmapped
1128221,N/A,Unmapped
1128223,N/A,Unmapped
1128227,N/A,Unmapped
1128229,N/A,Unmapped
1128230,N/A,Unmapped
1128238,N/A,Unmapped
1128240,N/A,Unmapped
1128250,N/A,Unmapped
1128518,N/A,Unmapped
1128519,N/A,Unmapped
1128520,N/A,Unmapped
1128521,N/A,Unmapped
1128738,N/A,Unmapped
1128739,N/A,Unmapped
1128754,N/A,Unmapped
1128763,N/A,Unmapped
1128764,N/A,Unmapped
1128765,N/A,Unmapped
1128766,N/A,Unmapped
1128767,N/A,Unmapped
1128775,N/A,Unmapped
1128776,N/A,Unmapped
1128783,N/A,Unmapped
1128785,N/A,Unmapped
1128789,N/A,Unmapped
1128797,N/A,Unmapped
1128802,N/A,Unmapped
1128803,N/A,Unmapped
1128811,N/A,Unmapped
1128812,N/A,Unmapped
1128813,N/A,Unmapped
1128822,N/A,Unmapped
1128828,N/A,Unmapped
1128829,N/A,Unmapped
1128830,N/A,Unmapped
1128831,N/A,Unmapped
1128833,N/A,Unmapped
1128834,N/A,Unmapped
1128838,N/A,Unmapped
1128840,N/A,Unmapped
1128843,N/A,Unmapped
1128844,N/A,Unmapped
1128845,N/A,Unmapped
1128846,N/A,Unmapped
1128847,N/A,Unmapped
1128848,N/A,Unmapped
1128857,N/A,Unmapped
1128858,N/A,Unmapped
1128859,N/A,Unmapped
1128860,N/A,Unmapped
1128865,N/A,Unmapped
1128866,N/A,Unmapped
1128874,N/A,Unmapped
1128878,N/A,Unmapped
1128893,N/A,Unmapped
1128894,N/A,Unmapped
1130614,24914,Mapped
1131037,24923,Mapped
1137036,58043,Mapped
1137038,58044,Mapped
1137039,58045,Mapped
1137040,58046,Mapped
1137041,58047,Mapped
1137042,58048,Mapped
1137043,58049,Mapped
1137044,58050,Mapped
1137046,58051,Mapped
1137047,58052,Mapped
1137054,58053,Mapped
1137055,58054,Mapped
1137056,60451,Mapped
1137057,58055,Mapped
1137058,58056,Mapped
1137059,58057,Mapped
1137060,58058,Mapped
1137067,58059,Mapped
1137099,14360,Mapped
1137249,50194,Mapped
1137279,10179,Mapped
113741,6055,Mapped
113744,6056,Mapped
113745,6065,Mapped
113746,6066,Mapped
113750,6057,Mapped
113752,6067,Mapped
113871,12389,Mapped
1139566,10784,Mapped
1139567,10785,Mapped
1139590,N/A,Unmapped
1139591,N/A,Unmapped
1139596,N/A,Unmapped
1139597,N/A,Unmapped
1139608,N/A,Unmapped
1139611,N/A,Unmapped
1139614,N/A,Unmapped
1139617,N/A,Unmapped
1139618,N/A,Unmapped
1139629,N/A,Unmapped
1139633,N/A,Unmapped
1139634,N/A,Unmapped
1139636,N/A,Unmapped
1139637,N/A,Unmapped
1139638,N/A,Unmapped
1139639,N/A,Unmapped
1139640,N/A,Unmapped
1139641,N/A,Unmapped
1139642,N/A,Unmapped
1139646,N/A,Unmapped
1139648,N/A,Unmapped
1139651,N/A,Unmapped
1139654,N/A,Unmapped
1139658,N/A,Unmapped
1139659,N/A,Unmapped
1139660,N/A,Unmapped
1139661,N/A,Unmapped
1139662,N/A,Unmapped
1139663,N/A,Unmapped
1139665,N/A,Unmapped
1139670,N/A,Unmapped
1139675,N/A,Unmapped
1139676,N/A,Unmapped
1139677,N/A,Unmapped
1139684,N/A,Unmapped
1139685,N/A,Unmapped
1139686,N/A,Unmapped
1139689,N/A,Unmapped
1139690,N/A,Unmapped
1139693,N/A,Unmapped
1139695,N/A,Unmapped
1139696,N/A,Unmapped
1139698,N/A,Unmapped
1139699,N/A,Unmapped
1139700,N/A,Unmapped
1139703,N/A,Unmapped
1139709,N/A,Unmapped
1139712,N/A,Unmapped
1139716,N/A,Unmapped
1139717,N/A,Unmapped
1139720,N/A,Unmapped
1139721,N/A,Unmapped
1139722,N/A,Unmapped
1139723,N/A,Unmapped
1139726,N/A,Unmapped
1139727,N/A,Unmapped
1139728,N/A,Unmapped
1139729,N/A,Unmapped
1139730,N/A,Unmapped
1139732,N/A,Unmapped
1139735,N/A,Unmapped
1139740,N/A,Unmapped
1139742,N/A,Unmapped
1139743,N/A,Unmapped
1139749,N/A,Unmapped
1139750,N/A,Unmapped
1139751,N/A,Unmapped
1139756,N/A,Unmapped
1139757,N/A,Unmapped
1139758,N/A,Unmapped
1139764,N/A,Unmapped
1139769,N/A,Unmapped
1139770,N/A,Unmapped
1139773,N/A,Unmapped
1139777,N/A,Unmapped
1139779,N/A,Unmapped
1139780,N/A,Unmapped
1139783,N/A,Unmapped
1139785,N/A,Unmapped
1139790,N/A,Unmapped
1139793,N/A,Unmapped
1139794,N/A,Unmapped
1139798,N/A,Unmapped
1139799,N/A,Unmapped
1139800,N/A,Unmapped
1139801,N/A,Unmapped
1139805,N/A,Unmapped
1139809,N/A,Unmapped
1139817,N/A,Unmapped
1139823,N/A,Unmapped
1139825,N/A,Unmapped
1139829,N/A,Unmapped
1139830,N/A,Unmapped
1139832,N/A,Unmapped
1139833,N/A,Unmapped
1139836,N/A,Unmapped
1139837,N/A,Unmapped
1139845,N/A,Unmapped
1139904,13092,Mapped
1139917,19712,Mapped
114040,12802,Mapped
114043,6239,Mapped
114046,12800,Mapped
1141148,24608,Mapped
1141150,24610,Mapped
1141151,25116,Mapped
1141152,25115,Mapped
1141154,25389,Mapped
1141155,25391,Mapped
1141378,16995,Mapped
1141379,16993,Mapped
1141380,16996,Mapped
1141381,16994,Mapped
1141422,2270,Mapped
1141816,N/A,Unmapped
1141823,N/A,Unmapped
1141825,N/A,Unmapped
1141827,N/A,Unmapped
1141828,N/A,Unmapped
1141829,N/A,Unmapped
1141831,N/A,Unmapped
1141835,N/A,Unmapped
1141838,N/A,Unmapped
1141839,N/A,Unmapped
1141841,N/A,Unmapped
1141842,N/A,Unmapped
1141843,N/A,Unmapped
1141844,N/A,Unmapped
1142047,3125,Mapped
1142277,23812,Mapped
1142294,7374,Mapped
1142341,7400,Mapped
1142342,7399,Mapped
1142550,31350,Mapped
1142630,2521,Mapped
1142632,17142,Mapped
1142641,31351,Mapped
1142642,31352,Mapped
1142643,22538,Mapped
1142644,31353,Mapped
1142748,N/A,Unmapped
114315,12391,Mapped
114336,28861,Mapped
114337,28876,Mapped
1144609,25357,Mapped
1144629,1042,Mapped
1146066,3971,Mapped
1146124,N/A,Unmapped
1146125,N/A,Unmapped
1146150,12909,Mapped
1146381,7628,Mapped
1146740,408,Mapped
1146967,N/A,Unmapped
1146968,N/A,Unmapped
1146969,N/A,Unmapped
1146970,N/A,Unmapped
1146974,N/A,Unmapped
1146975,N/A,Unmapped
1146976,N/A,Unmapped
114699,N/A,Unmapped
1147069,96388,Mapped
1147071,5661,Mapped
1147074,53955,Mapped
1147075,53956,Mapped
1147255,3694,Mapped
114731,N/A,Unmapped
114732,N/A,Unmapped
1147573,22930,Mapped
1147576,22932,Mapped
1147577,22933,Mapped
1147650,11413,Mapped
114784,28878,Mapped
114785,28879,Mapped
114786,149418,Mapped
1168084,578,Mapped
1168152001,7244,Mapped
1168152002,7242,Mapped
1168152003,7243,Mapped
1168152006,7241,Mapped
1168893,23135,Mapped
1168919,3344,Mapped
1168923,44325,Mapped
1168924,44324,Mapped
1168925,44323,Mapped
1189444,31388,Mapped
1189490,24645,Mapped
1189623,N/A,Unmapped
1189629,60454,Mapped
1189630,2825,Mapped
1189631,14598,Mapped
1189632,2832,Mapped
1189633,2830,Mapped
1189634,1443,Mapped
1189638,2354,Mapped
1189639,17150,Mapped
1189642,2828,Mapped
1189643,2833,Mapped
1189701,10781,Mapped
1190194,15629,Mapped
1190195,15630,Mapped
1190196,15628,Mapped
1190197,15632,Mapped
1190198,15627,Mapped
1190199,15633,Mapped
1193042,N/A,Unmapped
1193046,N/A,Unmapped
119677,5923,Mapped
119678,5915,Mapped
119868,12161,Mapped
119878,4745,Mapped
119879,4806,Mapped
119887,18470,Mapped
119922,117775,Mapped
119923,28881,Mapped
119927,18444,Mapped
1203533,10049,Mapped
120478,7301,Mapped
120480,7302,Mapped
120481,7303,Mapped
120523,8185,Mapped
120525,166901,Mapped
120527,8178,Mapped
120533,8190,Mapped
120540,8196,Mapped
120541,8205,Mapped
120561,7805,Mapped
120562,7803,Mapped
120563,7802,Mapped
120573,7817,Mapped
120577,7814,Mapped
120583,7823,Mapped
120600,8045,Mapped
120601,8046,Mapped
120629,7363,Mapped
120631,7365,Mapped
1206556,7815,Mapped
120660,7683,Mapped
120661,6042,Mapped
120662,22150,Mapped
120686,8070,Mapped
120688,8053,Mapped
120695,8074,Mapped
120699,8050,Mapped
120706,22156,Mapped
120719,7697,Mapped
120721,7696,Mapped
120722,7832,Mapped
120723,7830,Mapped
120724,7831,Mapped
120726,7833,Mapped
120758,7484,Mapped
120767,7813,Mapped
120803,8147,Mapped
120804,8148,Mapped
1208049,21839,Mapped
1208054,21842,Mapped
120853,22157,Mapped
120866,172,Mapped
120879,7689,Mapped
120904,7364,Mapped
1210058,17393,Mapped
1210592,9329,Mapped
1210598,16199,Mapped
1210602,N/A,Unmapped
1210626,153088,Mapped
1211037,8297,Mapped
1211038,12559,Mapped
1211054,N/A,Unmapped
1211055,N/A,Unmapped
1211056,N/A,Unmapped
1211584,31432,Mapped
1211590,970,Mapped
1212553,8904,Mapped
1214037,19063,Mapped
1214038,71733,Mapped
1214551,847,Mapped
1214552,845,Mapped
1214553,849,Mapped
1214554,848,Mapped
1214555,846,Mapped
1214574,1704,Mapped
121627,15001,Mapped
1216544,N/A,Unmapped
1216545,N/A,Unmapped
1216547,N/A,Unmapped
1216549,N/A,Unmapped
1216550,N/A,Unmapped
1216554,N/A,Unmapped
1216555,N/A,Unmapped
1216559,N/A,Unmapped
1216560,N/A,Unmapped
1217016,2147,Mapped
1217020,25330,Mapped
1217021,25335,Mapped
1217023,3526,Mapped
1217024,3514,Mapped
1217025,5802,Mapped
1217037,24613,Mapped
1217038,11395,Mapped
1217184,95710,Mapped
1217488,N/A,Unmapped
1217489,N/A,Unmapped
1217513,167720,Mapped
121830,161848,Mapped
1218303,11446,Mapped
1218305,15970,Mapped
1218502,N/A,Unmapped
1218506,N/A,Unmapped
1218508,N/A,Unmapped
1218510,N/A,Unmapped
1218511,N/A,Unmapped
1218514,N/A,Unmapped
1218515,N/A,Unmapped
1218516,N/A,Unmapped
1218517,N/A,Unmapped
1218519,N/A,Unmapped
1218521,N/A,Unmapped
1218523,N/A,Unmapped
1218526,N/A,Unmapped
1218528,N/A,Unmapped
1218531,N/A,Unmapped
1218532,N/A,Unmapped
1218533,N/A,Unmapped
1218534,N/A,Unmapped
1218536,22935,Mapped
1218595,N/A,Unmapped
1219107,3523,Mapped
121914,11839,Mapped
1219182,4433,Mapped
1219640,9166,Mapped
1219645,1575,Mapped
1220233,N/A,Unmapped
1220235,N/A,Unmapped
1220248,N/A,Unmapped
1220254,N/A,Unmapped
1220255,N/A,Unmapped
1220272,N/A,Unmapped
1220273,N/A,Unmapped
1220274,N/A,Unmapped
1220284,N/A,Unmapped
122030,94537,Mapped
1220368,4155,Mapped
1220369,4154,Mapped
1220370,4153,Mapped
1220400,N/A,Unmapped
1220401,N/A,Unmapped
1220404,N/A,Unmapped
1220405,N/A,Unmapped
1220406,N/A,Unmapped
1220408,N/A,Unmapped
1220481,N/A,Unmapped
1220490,N/A,Unmapped
1220491,N/A,Unmapped
1220492,N/A,Unmapped
1220497,N/A,Unmapped
1220498,N/A,Unmapped
1220500,N/A,Unmapped
1220501,N/A,Unmapped
1220502,N/A,Unmapped
1220503,N/A,Unmapped
1220504,N/A,Unmapped
1220505,N/A,Unmapped
1220512,N/A,Unmapped
1220513,N/A,Unmapped
1220517,N/A,Unmapped
1220521,N/A,Unmapped
1220522,N/A,Unmapped
1220525,N/A,Unmapped
1220528,N/A,Unmapped
1220529,N/A,Unmapped
1220530,N/A,Unmapped
1220531,N/A,Unmapped
1220532,N/A,Unmapped
1220533,N/A,Unmapped
1220534,N/A,Unmapped
1220619,N/A,Unmapped
1220621,N/A,Unmapped
1220624,N/A,Unmapped
1220629,N/A,Unmapped
1220630,N/A,Unmapped
1220632,N/A,Unmapped
1220634,N/A,Unmapped
1220637,N/A,Unmapped
1220656,10178,Mapped
1220661,1605,Mapped
1220663,16401,Mapped
122074,12915,Mapped
1220762,N/A,Unmapped
1220763,N/A,Unmapped
1220767,N/A,Unmapped
1220777,N/A,Unmapped
1221097,8305,Mapped
1221334,N/A,Unmapped
1221402,142206,Mapped
1221853,N/A,Unmapped
1221854,N/A,Unmapped
1221855,N/A,Unmapped
1221858,87277,Mapped
1221859,87278,Mapped
1221860,87279,Mapped
1221861,N/A,Unmapped
122203,161849,Mapped
1222063,4142,Mapped
1222065,11096,Mapped
1222066,11094,Mapped
1222080,11061,Mapped
1222669,10756,Mapped
1223035,N/A,Unmapped
1223043,153285,Mapped
1223046,16773,Mapped
122337,22465,Mapped
1223542,23223,Mapped
1224035,N/A,Unmapped
1224036,N/A,Unmapped
1224037,N/A,Unmapped
1224038,N/A,Unmapped
1224041,N/A,Unmapped
1224051,N/A,Unmapped
1224053,N/A,Unmapped
1224054,N/A,Unmapped
1224057,N/A,Unmapped
1224542,8990,Mapped
1224547,55207,Mapped
1224746,11033,Mapped
1224778,7906,Mapped
1224779,122154,Mapped
1224967,10002,Mapped
1224976,9815,Mapped
1224977,9816,Mapped
1225335,N/A,Unmapped
1225398,1566,Mapped
1225945,6632,Mapped
1225946,56865,Mapped
1226452,11227,Mapped
1226539,2880,Mapped
1226551,2543,Mapped
1226799,8703,Mapped
1226924,5859,Mapped
1227030,8953,Mapped
1227127,120390,Mapped
1227188,31524,Mapped
1227315,18845,Mapped
1227316,5860,Mapped
1227317,5852,Mapped
1227395,16328,Mapped
1227417,115689,Mapped
1227418,115785,Mapped
122819,15125,Mapped
122820,15126,Mapped
1228477,7317,Mapped
1228534,7459,Mapped
1230325,N/A,Unmapped
1230350,55208,Mapped
1230352,8879,Mapped
1230372,3992,Mapped
1230373,3993,Mapped
1230375,2901,Mapped
1230378,2909,Mapped
1230485,N/A,Unmapped
1230486,N/A,Unmapped
1230487,N/A,Unmapped
1230536,10998,Mapped
1230870,N/A,Unmapped
1230871,N/A,Unmapped
1230872,N/A,Unmapped
1231069,24647,Mapped
1231076,25235,Mapped
1231078,25222,Mapped
1231270,24945,Mapped
1231271,24672,Mapped
1231278,269,Mapped
1231279,31542,Mapped
1231285,25223,Mapped
1231286,25221,Mapped
1231287,25224,Mapped
1231288,93109,Mapped
1231290,25320,Mapped
1231293,154317,Mapped
1231667,50199,Mapped
1231803,3105,Mapped
1232061,167008,Mapped
1232062,167007,Mapped
1232063,167006,Mapped
1232064,167014,Mapped
1232065,167010,Mapped
1232538,6737,Mapped
1233045,1299,Mapped
1235136,N/A,Unmapped
1235137,N/A,Unmapped
1235139,N/A,Unmapped
1235141,N/A,Unmapped
1235143,N/A,Unmapped
1235144,N/A,Unmapped
1235146,N/A,Unmapped
1235151,N/A,Unmapped
1235241,152159,Mapped
1235549,2906,Mapped
1235551,2904,Mapped
1235707,N/A,Unmapped
1235709,N/A,Unmapped
1235710,N/A,Unmapped
1235717,10426,Mapped
1235748,N/A,Unmapped
1235750,N/A,Unmapped
1235759,N/A,Unmapped
1235762,N/A,Unmapped
1235763,N/A,Unmapped
1235766,N/A,Unmapped
1235768,N/A,Unmapped
1235769,N/A,Unmapped
1235845,61715,Mapped
1235853,61717,Mapped
1235854,61718,Mapped
1235861,N/A,Unmapped
1235862,N/A,Unmapped
1235863,N/A,Unmapped
1235864,N/A,Unmapped
1235865,N/A,Unmapped
1235866,N/A,Unmapped
1235867,N/A,Unmapped
1235868,N/A,Unmapped
1235874,N/A,Unmapped
1235875,N/A,Unmapped
1235876,N/A,Unmapped
1235918,N/A,Unmapped
1235923,N/A,Unmapped
1235925,N/A,Unmapped
1235926,N/A,Unmapped
1235927,N/A,Unmapped
123634,28886,Mapped
1236375,7900,Mapped
1236376,8082,Mapped
1236587,8122,Mapped
1236706,2268,Mapped
1236791,N/A,Unmapped
1236792,N/A,Unmapped
1236794,N/A,Unmapped
1236867,11910,Mapped
1236881,7789,Mapped
1236907,2273,Mapped
1237086,31570,Mapped
1237088,31571,Mapped
1237163,633,Mapped
1237208,31576,Mapped
1237209,5054,Mapped
1237210,31577,Mapped
1237211,31578,Mapped
1237213,31580,Mapped
1237289,N/A,Unmapped
1237290,N/A,Unmapped
1237291,N/A,Unmapped
1237292,N/A,Unmapped
1237295,N/A,Unmapped
1237296,N/A,Unmapped
1237297,N/A,Unmapped
1237298,N/A,Unmapped
1237299,N/A,Unmapped
1237300,N/A,Unmapped
1237301,N/A,Unmapped
1237302,N/A,Unmapped
1237304,N/A,Unmapped
1237313,N/A,Unmapped
1237314,N/A,Unmapped
1237316,N/A,Unmapped
1237317,N/A,Unmapped
1237318,N/A,Unmapped
1237386,N/A,Unmapped
1237387,N/A,Unmapped
1237389,N/A,Unmapped
1237392,N/A,Unmapped
1237395,N/A,Unmapped
1237397,N/A,Unmapped
1237544,31591,Mapped
1237546,31592,Mapped
1237547,13061,Mapped
1237548,31593,Mapped
1237549,31594,Mapped
1237554,13069,Mapped
1237555,5053,Mapped
1237556,31596,Mapped
1237557,31597,Mapped
1237571,25069,Mapped
1237572,11950,Mapped
1237751,16271,Mapped
1237756,N/A,Unmapped
1237757,N/A,Unmapped
1237758,N/A,Unmapped
1237765,N/A,Unmapped
1237769,N/A,Unmapped
1237770,N/A,Unmapped
1237774,N/A,Unmapped
1237778,N/A,Unmapped
1237779,N/A,Unmapped
1237780,N/A,Unmapped
1237781,N/A,Unmapped
1237784,N/A,Unmapped
1237785,N/A,Unmapped
1237786,N/A,Unmapped
1237787,N/A,Unmapped
1237790,N/A,Unmapped
1237792,N/A,Unmapped
1237836,5033,Mapped
1237837,12888,Mapped
1237838,5034,Mapped
1238044,8993,Mapped
1238390,N/A,Unmapped
1238757,15154,Mapped
1238792,8860,Mapped
1238793,8917,Mapped
1239030,8563,Mapped
1239725,31607,Mapped
1239866,18409,Mapped
1239867,5650,Mapped
1240539,12071,Mapped
1240629,117764,Mapped
124096,28887,Mapped
1241476,2383,Mapped
1241478,1445,Mapped
1241622,25408,Mapped
1241623,25412,Mapped
1241624,25409,Mapped
124163,28866,Mapped
1241729,N/A,Unmapped
1241759,17139,Mapped
1242073,22271,Mapped
1242107,N/A,Unmapped
1242131,N/A,Unmapped
1242132,N/A,Unmapped
1242133,N/A,Unmapped
1242146,N/A,Unmapped
1242333,9797,Mapped
1242414,N/A,Unmapped
1242415,N/A,Unmapped
1242424,N/A,Unmapped
1242428,N/A,Unmapped
1242430,N/A,Unmapped
1242431,N/A,Unmapped
1242432,N/A,Unmapped
1242433,N/A,Unmapped
1242434,N/A,Unmapped
1242435,N/A,Unmapped
1242573,N/A,Unmapped
1242575,N/A,Unmapped
1242576,N/A,Unmapped
1242582,N/A,Unmapped
1242583,N/A,Unmapped
1242585,N/A,Unmapped
1242586,N/A,Unmapped
1242588,N/A,Unmapped
1242708,21684,Mapped
1242709,21685,Mapped
1242711,21682,Mapped
1242958,N/A,Unmapped
1242960,N/A,Unmapped
1242967,N/A,Unmapped
1242976,N/A,Unmapped
1242985,N/A,Unmapped
1242997,97124,Mapped
1243004,50208,Mapped
1243023,N/A,Unmapped
1243024,N/A,Unmapped
1243025,N/A,Unmapped
1243026,N/A,Unmapped
1243027,N/A,Unmapped
1243028,N/A,Unmapped
1243030,N/A,Unmapped
1243140,7332,Mapped
1243141,48462,Mapped
1243611,N/A,Unmapped
1243614,N/A,Unmapped
1243615,N/A,Unmapped
1243616,N/A,Unmapped
1243967,10209,Mapped
1243968,10208,Mapped
1244063,788,Mapped
1244064,789,Mapped
1244607001,1109,Mapped
1244607003,1110,Mapped
1244607004,1112,Mapped
1244607008,1111,Mapped
1244608,152738,Mapped
1245060,1971,Mapped
1245061,16372,Mapped
1245064,56871,Mapped
1245066,1979,Mapped
1245073,2009,Mapped
1245074,2012,Mapped
1245075,2013,Mapped
1245076,2016,Mapped
1245080,14482,Mapped
1245083,2046,Mapped
1245084,2045,Mapped
1245085,2050,Mapped
1245086,2053,Mapped
1245089,14483,Mapped
1245090,2062,Mapped
1245091,1983,Mapped
1245092,2024,Mapped
1246773,10207,Mapped
1246884,12675,Mapped
1246901,7224,Mapped
1247544,1972,Mapped
1247547,1437,Mapped
1248116,11380,Mapped
1248117,11381,Mapped
1248782,N/A,Unmapped
1248783,N/A,Unmapped
1249567,3463,Mapped
1253038,6742,Mapped
1253041,953,Mapped
1254551,N/A,Unmapped
1254554,N/A,Unmapped
1254557,N/A,Unmapped
1254559,N/A,Unmapped
1254561,N/A,Unmapped
1254563,N/A,Unmapped
1254564,N/A,Unmapped
1254565,N/A,Unmapped
1254569,N/A,Unmapped
1254586,9701,Mapped
1254769,N/A,Unmapped
1254770,N/A,Unmapped
1254772,N/A,Unmapped
1254773,N/A,Unmapped
1254778,N/A,Unmapped
1254783,22266,Mapped
1254795,5125,Mapped
1254796,5123,Mapped
1254822,4979,Mapped
1254966,N/A,Unmapped
1254967,N/A,Unmapped
1255034,25491,Mapped
1255324,N/A,Unmapped
1255331,N/A,Unmapped
1255332,N/A,Unmapped
1255333,N/A,Unmapped
1255335,N/A,Unmapped
1255339,N/A,Unmapped
1255406,13597,Mapped
1255448,1543,Mapped
1255485,N/A,Unmapped
1256098,31641,Mapped
1256209,31646,Mapped
1256264,13170,Mapped
1256266,5360,Mapped
1256538,18925,Mapped
1256601,N/A,Unmapped
1256602,N/A,Unmapped
1256603,N/A,Unmapped
1256620,55210,Mapped
1256629,396,Mapped
1257501,31654,Mapped
1257775,16235,Mapped
1257922,1327,Mapped
1258081,10091,Mapped
1258274,2232,Mapped
1258281,N/A,Unmapped
1258284,N/A,Unmapped
1258285,N/A,Unmapped
1258286,N/A,Unmapped
1258287,N/A,Unmapped
1258289,16886,Mapped
1258318,31660,Mapped
1258389,14687,Mapped
1259130,5424,Mapped
1259762,N/A,Unmapped
1259864,N/A,Unmapped
1259924,20730,Mapped
1259963,499,Mapped
1259964,505,Mapped
1259971,N/A,Unmapped
1259974,N/A,Unmapped
1259975,N/A,Unmapped
1259976,N/A,Unmapped
1259977,N/A,Unmapped
1259983,N/A,Unmapped
1259984,N/A,Unmapped
1259985,N/A,Unmapped
1259988,N/A,Unmapped
1259989,N/A,Unmapped
1259990,N/A,Unmapped
1260088,N/A,Unmapped
1260102,12642,Mapped
1260103,8660,Mapped
1260109,N/A,Unmapped
1260110,N/A,Unmapped
1260113,22534,Mapped
1260151,21803,Mapped
1260202,4928,Mapped
1260224,20952,Mapped
1260233,81188,Mapped
1260284,8915,Mapped
1260478,N/A,Unmapped
1260479,N/A,Unmapped
1260591,25277,Mapped
1260734,9445,Mapped
1260839,16402,Mapped
1260878,11235,Mapped
1261069,N/A,Unmapped
1261190,15878,Mapped
1261197,N/A,Unmapped
1261199,N/A,Unmapped
1261203,N/A,Unmapped
1261547,16329,Mapped
1261591,5812,Mapped
1261592,5813,Mapped
1261593,5814,Mapped
1261595,5807,Mapped
1261597,5808,Mapped
1261601,18991,Mapped
1261602,5810,Mapped
1261603,18992,Mapped
1261604,5805,Mapped
1261606,5811,Mapped
1261608,5889,Mapped
1262626,N/A,Unmapped
1262630,N/A,Unmapped
1262637,N/A,Unmapped
1266698,N/A,Unmapped
1266701,N/A,Unmapped
1266702,N/A,Unmapped
1266704,N/A,Unmapped
1266708,N/A,Unmapped
1266710,N/A,Unmapped
1266713,N/A,Unmapped
1266716,N/A,Unmapped
1266718,N/A,Unmapped
1266726,N/A,Unmapped
1266727,N/A,Unmapped
1266728,N/A,Unmapped
1266729,N/A,Unmapped
1266730,N/A,Unmapped
1266731,N/A,Unmapped
1266732,N/A,Unmapped
1266734,N/A,Unmapped
1266736,N/A,Unmapped
1266737,96371,Mapped
1266751,N/A,Unmapped
1266752,N/A,Unmapped
1266754,31699,Mapped
1267583,61727,Mapped
1267585,61729,Mapped
1267586,61730,Mapped
1267587,61731,Mapped
1267588,61732,Mapped
1267589,61733,Mapped
1267590,61734,Mapped
1267591,61735,Mapped
1267593,61737,Mapped
1267594,61738,Mapped
1267595,61739,Mapped
1267596,61740,Mapped
1267597,61741,Mapped
1267600,N/A,Unmapped
1267601,N/A,Unmapped
1267602,N/A,Unmapped
1267603,N/A,Unmapped
1267604,N/A,Unmapped
1268040,61745,Mapped
1268051,N/A,Unmapped
1268068,N/A,Unmapped
1268069,N/A,Unmapped
1268071,N/A,Unmapped
1268074,N/A,Unmapped
1268075,N/A,Unmapped
1268076,N/A,Unmapped
1268077,N/A,Unmapped
1268080,N/A,Unmapped
1268082,N/A,Unmapped
1268083,N/A,Unmapped
1268084,N/A,Unmapped
1268086,N/A,Unmapped
1268087,N/A,Unmapped
1268088,N/A,Unmapped
1268089,N/A,Unmapped
1268092,N/A,Unmapped
1268093,N/A,Unmapped
1268099,N/A,Unmapped
1268106,N/A,Unmapped
1268107,N/A,Unmapped
1268109,N/A,Unmapped
1268110,N/A,Unmapped
1268112,N/A,Unmapped
1268113,N/A,Unmapped
1268117,131373,Mapped
1269041,N/A,Unmapped
1269042,N/A,Unmapped
1269050,N/A,Unmapped
1269052,N/A,Unmapped
1269053,N/A,Unmapped
1269061,N/A,Unmapped
1269077,N/A,Unmapped
1269078,N/A,Unmapped
1269079,N/A,Unmapped
1269083,N/A,Unmapped
1269091,N/A,Unmapped
1278076,11417,Mapped
1278078,11352,Mapped
1278079,12069,Mapped
1279443,6878,Mapped
1279451,N/A,Unmapped
1279543,N/A,Unmapped
1279640,15399,Mapped
1280151,N/A,Unmapped
1280243,N/A,Unmapped
1281563,61432,Mapped
1282655,8403,Mapped
1282656,8401,Mapped
1283602,6561,Mapped
1283900,N/A,Unmapped
1283934,N/A,Unmapped
1283935,N/A,Unmapped
1285545,N/A,Unmapped
1285578,117762,Mapped
1289106,11377,Mapped
1289139,15257,Mapped
1289596,81113,Mapped
1289597,81114,Mapped
1289598,81115,Mapped
1289600,12761,Mapped
1289601,6559,Mapped
1289602,6558,Mapped
1290056,15260,Mapped
1290070,15259,Mapped
1291182,15393,Mapped
1291185,15388,Mapped
1291691,6448,Mapped
1291796,N/A,Unmapped
1291974,N/A,Unmapped
1293042,6160,Mapped
1293063,1793,Mapped
1293109,165926,Mapped
1293110,165925,Mapped
1293112,165929,Mapped
1293113,165924,Mapped
1293116,165934,Mapped
1293117,165928,Mapped
1293118,165930,Mapped
1293119,165927,Mapped
1293120,102419,Mapped
1293124,165932,Mapped
1293125,165931,Mapped
1293126,165933,Mapped
1293128,165935,Mapped
1293129,165937,Mapped
1293130,165938,Mapped
1293131,165936,Mapped
1293132,165939,Mapped
1293134,165940,Mapped
1293135,165943,Mapped
1293136,165941,Mapped
1293137,165942,Mapped
1293138,165944,Mapped
1293139,165945,Mapped
1293140,166018,Mapped
1293143,165946,Mapped
1293144,111228,Mapped
1293364,5798,Mapped
1293547,12961,Mapped
1293549,165416,Mapped
1293550,15268,Mapped
1293627,25441,Mapped
1301093,N/A,Unmapped
1313363,18446,Mapped
1313427,3400,Mapped
1313428,3401,Mapped
1322213,1794,Mapped
1322214,1788,Mapped
1322215,1789,Mapped
1322449,31780,Mapped
1322451,31781,Mapped
1324079,N/A,Unmapped
1324537,7829,Mapped
1327056,9854,Mapped
1328625,23231,Mapped
1329069,N/A,Unmapped
1329091,484,Mapped
1329092,518,Mapped
1329102,337,Mapped
1329165,N/A,Unmapped
1329166,11097,Mapped
1329222,5529,Mapped
1329802,1720,Mapped
1329803,1737,Mapped
1329804,1738,Mapped
1332035,61442,Mapped
1332036,61443,Mapped
1332037,61444,Mapped
1332050,1063,Mapped
1333653,25482,Mapped
1334687,97754,Mapped
1335036,N/A,Unmapped
1335038,N/A,Unmapped
1335039,N/A,Unmapped
1335040,N/A,Unmapped
1335041,N/A,Unmapped
1335153,61446,Mapped
1335686,20059,Mapped
1335689,20056,Mapped
1335709,25294,Mapped
1335710,25295,Mapped
1335736001,25563,Mapped
1335736002,24032,Mapped
1335736005,24033,Mapped
1335736008,25567,Mapped
1335736010,24034,Mapped
1335736013,25569,Mapped
1335736014,25570,Mapped
1335736015,24036,Mapped
1335736016,24037,Mapped
1336477,N/A,Unmapped
1336478,N/A,Unmapped
1336519,6971,Mapped
1336528,3815,Mapped
1336529,3814,Mapped
1336632,6667,Mapped
1336977,11157,Mapped
1336978,11156,Mapped
1336987,24712,Mapped
1337091,2180,Mapped
1337092,2191,Mapped
1337093,2193,Mapped
1337101,165947,Mapped
1337436,19435,Mapped
1337437,4165,Mapped
1339545,1806,Mapped
1339546,1807,Mapped
1339547,16977,Mapped
1339548,3231,Mapped
1340040,18456,Mapped
1340566,31818,Mapped
1340570,25438,Mapped
1340579,N/A,Unmapped
1340580,N/A,Unmapped
1341306,10139,Mapped
1341377,6093,Mapped
1341379,6094,Mapped
1341381,22568,Mapped
1341383,22570,Mapped
1341385,6095,Mapped
1342051,18807,Mapped
1342104,9250,Mapped
1342105,9249,Mapped
1342109,23457,Mapped
1342546,N/A,Unmapped
1343537,24860,Mapped
1343540,21620,Mapped
1343542,21597,Mapped
1343543,21598,Mapped
1344043,7828,Mapped
1347546,21556,Mapped
1349050,11330,Mapped
1350589,18847,Mapped
1351049,10934,Mapped
1351050,10935,Mapped
1351237,7601,Mapped
1351238,21987,Mapped
1351312,7725,Mapped
1351316,7938,Mapped
1351577,4750,Mapped
1351579,4954,Mapped
1352053,9913,Mapped
1352054,9914,Mapped
1352069,93110,Mapped
1352504,N/A,Unmapped
1352579,31876,Mapped
1353091,8418,Mapped
1353093,8417,Mapped
1353095,8415,Mapped
1353186,31880,Mapped
1353386,N/A,Unmapped
1353387,N/A,Unmapped
1353393,N/A,Unmapped
1353399,1481,Mapped
1353422,N/A,Unmapped
1353428,N/A,Unmapped
1353432,N/A,Unmapped
1353433,N/A,Unmapped
1353464,161215,Mapped
1353467,161220,Mapped
1353468,161212,Mapped
1353469,161223,Mapped
1353470,161213,Mapped
1353471,161219,Mapped
1353472,161226,Mapped
1353473,161216,Mapped
1353474,161218,Mapped
1353476,161222,Mapped
1353515,21730,Mapped
1353519,1708,Mapped
1353553,N/A,Unmapped
1353554,31889,Mapped
1353555,31890,Mapped
1353724,65475,Mapped
1353728,N/A,Unmapped
1353729,N/A,Unmapped
1353774,55217,Mapped
1354289,7959,Mapped
1354298,21822,Mapped
1354470,N/A,Unmapped
1354472,N/A,Unmapped
1354473,N/A,Unmapped
1354478,N/A,Unmapped
1354481,N/A,Unmapped
1354483,N/A,Unmapped
1354484,N/A,Unmapped
1354485,N/A,Unmapped
1354486,N/A,Unmapped
1354489,N/A,Unmapped
1354491,N/A,Unmapped
1354492,N/A,Unmapped
1354498,N/A,Unmapped
1354499,N/A,Unmapped
1354501,N/A,Unmapped
1354522,N/A,Unmapped
1354523,N/A,Unmapped
1354524,N/A,Unmapped
1354532,N/A,Unmapped
1354533,N/A,Unmapped
1354534,N/A,Unmapped
1354592,945,Mapped
1354593,15579,Mapped
1354598,9106,Mapped
1354620,1742,Mapped
1354621,15759,Mapped
1354625,19237,Mapped
1355763,N/A,Unmapped
1355764,N/A,Unmapped
1355766,N/A,Unmapped
1355770,N/A,Unmapped
1355773,N/A,Unmapped
1355774,N/A,Unmapped
1355785,N/A,Unmapped
1355787,N/A,Unmapped
1355789,N/A,Unmapped
1355790,N/A,Unmapped
1355791,N/A,Unmapped
1355803,N/A,Unmapped
1355804,N/A,Unmapped
1355808,N/A,Unmapped
1355813,N/A,Unmapped
1355815,N/A,Unmapped
1355825,N/A,Unmapped
1355829,N/A,Unmapped
1355836,N/A,Unmapped
1355837,N/A,Unmapped
1355840,N/A,Unmapped
1355841,N/A,Unmapped
1356125,3316,Mapped
1356126,3470,Mapped
1356130,24864,Mapped
1356139,34684,Mapped
1356171,7678,Mapped
1356545,16400,Mapped
1356547,165948,Mapped
1356548,165949,Mapped
1356549,165950,Mapped
1356550,165951,Mapped
1356551,165952,Mapped
1356554,165953,Mapped
1356627,165954,Mapped
1356628,165955,Mapped
1356629,164405,Mapped
1357035,N/A,Unmapped
1357037,N/A,Unmapped
1357041,N/A,Unmapped
1357042,N/A,Unmapped
1357043,N/A,Unmapped
1357044,N/A,Unmapped
1357045,N/A,Unmapped
1357047,N/A,Unmapped
1357049,N/A,Unmapped
1357064,N/A,Unmapped
1357067,N/A,Unmapped
1357068,N/A,Unmapped
1357076,N/A,Unmapped
1357081,N/A,Unmapped
1357082,N/A,Unmapped
1357083,N/A,Unmapped
1357087,N/A,Unmapped
1357090,N/A,Unmapped
1357091,N/A,Unmapped
1357092,N/A,Unmapped
1357093,N/A,Unmapped
1357094,N/A,Unmapped
1357095,N/A,Unmapped
1357096,N/A,Unmapped
1357097,N/A,Unmapped
1357100,N/A,Unmapped
1357108,N/A,Unmapped
1357109,N/A,Unmapped
1357112,N/A,Unmapped
1357116,N/A,Unmapped
1357118,N/A,Unmapped
1357120,N/A,Unmapped
1357121,N/A,Unmapped
1357122,N/A,Unmapped
1357125,N/A,Unmapped
1357127,N/A,Unmapped
1357130,N/A,Unmapped
1357131,N/A,Unmapped
1357139,N/A,Unmapped
1357141,N/A,Unmapped
1357144,N/A,Unmapped
1357267,1722,Mapped
1357268,1458,Mapped
1357270,7091,Mapped
1357271,83823,Mapped
1358083,61459,Mapped
1358098,N/A,Unmapped
1358117,N/A,Unmapped
1358118,21676,Mapped
1358120,12056,Mapped
1358147,2185,Mapped
1358154,16200,Mapped
1358156,8732,Mapped
1358157,1642,Mapped
1358168,N/A,Unmapped
1358570,3639,Mapped
1358571,3641,Mapped
1359058,25396,Mapped
1359129,58069,Mapped
1359133,58070,Mapped
1359135,58071,Mapped
1359136,58072,Mapped
1359539,121901,Mapped
1359541,121987,Mapped
1360614,24956,Mapped
1360691,N/A,Unmapped
1360692,N/A,Unmapped
1360693,N/A,Unmapped
1360694,N/A,Unmapped
1360695,N/A,Unmapped
1360795,10039,Mapped
1361105,161221,Mapped
1361107,111223,Mapped
1361113,161225,Mapped
1361114,161229,Mapped
1361115,161224,Mapped
1361117,161227,Mapped
1361119,161228,Mapped
1361120,161230,Mapped
1361122,161231,Mapped
1361124,161232,Mapped
1361125,137351,Mapped
1361127,161233,Mapped
1361128,N/A,Unmapped
1361130,161235,Mapped
1361132,111224,Mapped
1361133,137350,Mapped
1361134,137349,Mapped
1361136,161234,Mapped
1361137,161236,Mapped
1361138,161238,Mapped
1361232,N/A,Unmapped
1361233,N/A,Unmapped
1361235,N/A,Unmapped
1361236,N/A,Unmapped
1361237,N/A,Unmapped
1361238,N/A,Unmapped
1361543,N/A,Unmapped
1361557,24565,Mapped
1361565,18808,Mapped
1362086,18942,Mapped
1362104,10353,Mapped
1362171,N/A,Unmapped
1362172,N/A,Unmapped
1362173,N/A,Unmapped
1362174,N/A,Unmapped
1362184,7348,Mapped
1362185,7346,Mapped
1362186,22009,Mapped
1362187,7350,Mapped
1362291,790,Mapped
1362623,N/A,Unmapped
1362624,N/A,Unmapped
1362627,N/A,Unmapped
1362628,N/A,Unmapped
1362632,N/A,Unmapped
1362633,N/A,Unmapped
1362642,4777,Mapped
1363237,N/A,Unmapped
1363242,N/A,Unmapped
1363243,N/A,Unmapped
1363244,N/A,Unmapped
1363248,N/A,Unmapped
1363255,N/A,Unmapped
1363542,8484,Mapped
1363565,13278,Mapped
1363567,13279,Mapped
1363582,10274,Mapped
1363590,10273,Mapped
1364111,2029,Mapped
1364115,2027,Mapped
1364118,2028,Mapped
1364536,N/A,Unmapped
1364537,N/A,Unmapped
1364538,N/A,Unmapped
1364574,N/A,Unmapped
1365089,4113,Mapped
1365090,4112,Mapped
1365558,N/A,Unmapped
1365559,N/A,Unmapped
1365560,N/A,Unmapped
1365561,N/A,Unmapped
1365562,N/A,Unmapped
1365563,N/A,Unmapped
1366050,255,Mapped
1366051,10999,Mapped
1366052,34739,Mapped
1366056,14394,Mapped
1366619,6363,Mapped
1370039,140378,Mapped
1372051,12012,Mapped
1372053,1015,Mapped
1372105,34749,Mapped
1372110,85433,Mapped
1372192,9826,Mapped
1372193,9827,Mapped
1372279,11415,Mapped
1372280,25403,Mapped
1373089,23321,Mapped
1373216,25289,Mapped
1373580,7747,Mapped
1373586,576,Mapped
1373711,23804,Mapped
1374168,2446,Mapped
1374182,21689,Mapped
1375038,9765,Mapped
1375057,34771,Mapped
1375596,23698,Mapped
1375598,34774,Mapped
1375709,N/A,Unmapped
1375718,N/A,Unmapped
1375719,N/A,Unmapped
1376063,71118,Mapped
1376069,5370,Mapped
1376070,5382,Mapped
1376089,486,Mapped
1376090,520,Mapped
1377616,N/A,Unmapped
1377793,18490,Mapped
1378760,8610,Mapped
1378761,8609,Mapped
1380077,23485,Mapped
1380575,34791,Mapped
1380838,7320,Mapped
1380875,N/A,Unmapped
1381090001,20446,Mapped
1381090002,20447,Mapped
1381090003,20448,Mapped
1381570,3713,Mapped
1381652,3681,Mapped
1382068,N/A,Unmapped
1382069,N/A,Unmapped
1382070,N/A,Unmapped
1382073,10037,Mapped
1382074,10036,Mapped
1382536,10818,Mapped
1382537,11150,Mapped
1382539,10819,Mapped
1382540,2568,Mapped
1383733,34795,Mapped
1384207,50228,Mapped
1384324,53189,Mapped
1384331,57922,Mapped
1384332,116991,Mapped
1384334,117549,Mapped
1384621,34800,Mapped
1385115,10403,Mapped
1385116,10404,Mapped
1385157,1951,Mapped
1385158,1954,Mapped
1385644,N/A,Unmapped
1385645,N/A,Unmapped
1385647,5594,Mapped
1386537,161237,Mapped
1386540,161240,Mapped
1387552,56893,Mapped
1387554,7679,Mapped
1387555,22179,Mapped
1387563,1952,Mapped
1388539,12787,Mapped
1391055,630,Mapped
1391068,676,Mapped
1391572,9545,Mapped
1392070,2259,Mapped
1393536,N/A,Unmapped
1393539,N/A,Unmapped
1393540,N/A,Unmapped
1393574,22791,Mapped
1393575,22793,Mapped
1394553,23049,Mapped
1394554,23050,Mapped
1394555001,6957,Mapped
1394555003,6956,Mapped
1394555007,N/A,Unmapped
1395101,8564,Mapped
1395111,12064,Mapped
1395546,N/A,Unmapped
1395552,6656,Mapped
1398640,59239,Mapped
1398663,1994,Mapped
1398674,17564,Mapped
1399070,15981,Mapped
1399077,15409,Mapped
1400067,6905,Mapped
1401049,25211,Mapped
1401050,25210,Mapped
1401544,4470,Mapped
1401551,12652,Mapped
1401552,12654,Mapped
1401553,12655,Mapped
1401555,12653,Mapped
1402546,19259,Mapped
1402547,19260,Mapped
1404538,9298,Mapped
1404539,9293,Mapped
1404540,9269,Mapped
1405560,N/A,Unmapped
1405561,N/A,Unmapped
1405564,N/A,Unmapped
1406197,5919,Mapped
1406551,15155,Mapped
1407035,11250,Mapped
1407538,316,Mapped
1407539,11420,Mapped
1408115001,1136,Mapped
1408115002,1141,Mapped
1408115004,1138,Mapped
1408115005,1142,Mapped
1408722,2212,Mapped
1408728,34857,Mapped
1408729,34858,Mapped
1408741,66,Mapped
1408742,1561,Mapped
1408744,3161,Mapped
1411012,114021,Mapped
1411013,9628,Mapped
1411014,61468,Mapped
1411023,23443,Mapped
1411298,9629,Mapped
1411310,2290,Mapped
1413800,58074,Mapped
1413801,24844,Mapped
1413802,59264,Mapped
1413925,9501,Mapped
1413926,9502,Mapped
1413940,20058,Mapped
1414075,18134,Mapped
1414678,8889,Mapped
1414691,5590,Mapped
1414731,161241,Mapped
1415037,7796,Mapped
1416593,11168,Mapped
1417084,4733,Mapped
1417086,N/A,Unmapped
1417087,N/A,Unmapped
1418041,3893,Mapped
1418042,34876,Mapped
1418043,24616,Mapped
1418044,34877,Mapped
1421167,375,Mapped
1421170,373,Mapped
1421172,372,Mapped
1421177,200,Mapped
1421183,6514,Mapped
1422064,N/A,Unmapped
1422205,410,Mapped
1422206,511,Mapped
1422209,N/A,Unmapped
1422250,16194,Mapped
1423544,2031,Mapped
1425137,19256,Mapped
1425138,19257,Mapped
1425139,N/A,Unmapped
1425157001,7270,Mapped
1425157002,7271,Mapped
1425157003,20492,Mapped
1425157006,20488,Mapped
1425159,18861,Mapped
1428635,97885,Mapped
1428654,798,Mapped
1428657,512,Mapped
1428658,513,Mapped
1429036,2228,Mapped
1429113,14993,Mapped
1429116,5035,Mapped
1429117,12390,Mapped
1429548001,7259,Mapped
1429548002,7258,Mapped
1429548003,7257,Mapped
1429548006,101821,Mapped
1429589,34965,Mapped
1429602,N/A,Unmapped
1430093,34971,Mapped
1430097,17352,Mapped
1430115,10204,Mapped
1430116,10205,Mapped
1430561,25265,Mapped
1430571,8114,Mapped
1430702,5194,Mapped
1430712,N/A,Unmapped
1430715,N/A,Unmapped
1430736,24783,Mapped
1430737,24785,Mapped
1430744,16137,Mapped
1430747,4302,Mapped
1430748,4300,Mapped
1430749,4304,Mapped
1430750,4301,Mapped
1430756,16063,Mapped
1430757,2537,Mapped
1430759,24493,Mapped
1430760,10699,Mapped
1430761,10697,Mapped
1430764,6622,Mapped
1430845,34984,Mapped
1430846,34985,Mapped
1430847,34986,Mapped
1430852,14,Mapped
1430855,11231,Mapped
1431094,7616,Mapped
1431097,7614,Mapped
1431145,19252,Mapped
1431146,19251,Mapped
1431155,12317,Mapped
1431156,7990,Mapped
1431157,12372,Mapped
1431158,7989,Mapped
1431589,25212,Mapped
1432535,N/A,Unmapped
1432580,N/A,Unmapped
1432581,N/A,Unmapped
1432582,N/A,Unmapped
1432611,35002,Mapped
1432612,35003,Mapped
1433054,35006,Mapped
1433067,N/A,Unmapped
1433068,13439,Mapped
1433069,22694,Mapped
1433081,451,Mapped
1433082,15,Mapped
1433083,452,Mapped
1433084,460,Mapped
1433085,459,Mapped
1433536,4925,Mapped
1433537,4926,Mapped
1433548,5401,Mapped
1433549,5400,Mapped
1433681,5314,Mapped
1433790,24957,Mapped
1433797,25254,Mapped
1433798,25255,Mapped
1433799,25252,Mapped
1433800,25253,Mapped
1433801,24862,Mapped
1433802,24865,Mapped
1433807,115,Mapped
1433808,12733,Mapped
1433809,35012,Mapped
1433845,11439,Mapped
1433862,12076,Mapped
1434038,N/A,Unmapped
1434041,N/A,Unmapped
1434053,10694,Mapped
1434056,N/A,Unmapped
1434077,N/A,Unmapped
1434104,17035,Mapped
1434106,17038,Mapped
1434110001,20417,Mapped
1434110002,20418,Mapped
1434110004,20420,Mapped
1434110005,143419,Mapped
1434571,21694,Mapped
1434588,72502,Mapped
1435111,5083,Mapped
1436035,61903,Mapped
1436036,61904,Mapped
1436037,56905,Mapped
1436038,61905,Mapped
1436542,446,Mapped
1437055,164656,Mapped
1437535,N/A,Unmapped
1437556,5818,Mapped
1438046,15772,Mapped
1438581,35066,Mapped
1439125,1447,Mapped
1440048,10929,Mapped
1440548,44875,Mapped
1440565,35074,Mapped
1440566,149019,Mapped
1440637,N/A,Unmapped
1441084,N/A,Unmapped
1441231,N/A,Unmapped
1441232,N/A,Unmapped
1441298,18902,Mapped
1441299,1273,Mapped
1441300,6850,Mapped
1441305,4024,Mapped
1441314,35076,Mapped
1441315,35077,Mapped
1441317,1955,Mapped
1441323001,20534,Mapped
1441323002,20535,Mapped
1441323003,20537,Mapped
1441323004,20536,Mapped
1441324,20533,Mapped
1441544,18809,Mapped
1441569,25439,Mapped
1441644,N/A,Unmapped
1441645,N/A,Unmapped
1441648,19194,Mapped
1441698,9818,Mapped
1441707,N/A,Unmapped
1442041,95094,Mapped
1442042,111256,Mapped
1442043,95095,Mapped
1442044,97433,Mapped
1442501,N/A,Unmapped
1442502,N/A,Unmapped
1442636,N/A,Unmapped
1442637,N/A,Unmapped
1442813,22573,Mapped
1442815,3007,Mapped
1442816,3008,Mapped
1442817,3009,Mapped
1443531,61906,Mapped
1443532,61907,Mapped
1443533,61908,Mapped
1443885,25242,Mapped
1443887,24652,Mapped
1443888,24653,Mapped
1443892,35096,Mapped
1443893,35097,Mapped
1444080,6645,Mapped
1444117,35100,Mapped
1444118,18734,Mapped
1444121,1939,Mapped
1444122,16444,Mapped
1444123,16445,Mapped
1444125,1698,Mapped
1444126,16446,Mapped
1444289,1716,Mapped
1444290,1717,Mapped
1444314,5990,Mapped
1444389,21522,Mapped
1444390,32241,Mapped
1444391,21523,Mapped
1444392,32242,Mapped
1444393,21524,Mapped
1444397,N/A,Unmapped
1444398,116089,Mapped
1444409,N/A,Unmapped
1444412,N/A,Unmapped
1444413,N/A,Unmapped
1444414,N/A,Unmapped
1444415,N/A,Unmapped
1444422,N/A,Unmapped
1444535,61912,Mapped
1444579,2969,Mapped
1444582,8974,Mapped
1444610,19623,Mapped
1445130,N/A,Unmapped
1445131,N/A,Unmapped
1445132,N/A,Unmapped
1445133,N/A,Unmapped
1445180,21304,Mapped
1445615,N/A,Unmapped
1445616,N/A,Unmapped
1445660,19953,Mapped
1445676,19950,Mapped
1445726,N/A,Unmapped
1445727,N/A,Unmapped
1445728,N/A,Unmapped
1445954,3200,Mapped
1446389,4025,Mapped
1446535,2835,Mapped
1446536,14321,Mapped
1446544,7218,Mapped
1446575,75854,Mapped
1446580,8235,Mapped
1446581,8233,Mapped
1446586,2887,Mapped
1446588,2886,Mapped
1446695,5298,Mapped
1446728,35115,Mapped
1446729,35116,Mapped
1446731,22401,Mapped
1446734,312,Mapped
1446736,556,Mapped
1446782,2194,Mapped
1446803,61915,Mapped
1446805,61917,Mapped
1447104,6623,Mapped
1447138,N/A,Unmapped
1447139,N/A,Unmapped
1447140,N/A,Unmapped
1447141,N/A,Unmapped
1447145,N/A,Unmapped
1447146,N/A,Unmapped
1447147,N/A,Unmapped
1447148,N/A,Unmapped
1447149,N/A,Unmapped
1447150,N/A,Unmapped
1447151,N/A,Unmapped
1447152,N/A,Unmapped
1447153,N/A,Unmapped
1447154,N/A,Unmapped
1447155,N/A,Unmapped
1447156,N/A,Unmapped
1447166,N/A,Unmapped
1447167,N/A,Unmapped
1447168,N/A,Unmapped
1447169,N/A,Unmapped
1447170,N/A,Unmapped
1447171,N/A,Unmapped
1447172,N/A,Unmapped
1447173,N/A,Unmapped
1447174,N/A,Unmapped
1447181,N/A,Unmapped
1447182,N/A,Unmapped
1447183,N/A,Unmapped
1447184,N/A,Unmapped
1447185,N/A,Unmapped
1447186,N/A,Unmapped
1447187,N/A,Unmapped
1447188,N/A,Unmapped
1447189,N/A,Unmapped
1447190,N/A,Unmapped
1447191,N/A,Unmapped
1447195,N/A,Unmapped
1447196,N/A,Unmapped
1447197,N/A,Unmapped
1447201,N/A,Unmapped
1447202,N/A,Unmapped
1447203,N/A,Unmapped
1447204,N/A,Unmapped
1447205,N/A,Unmapped
1447206,N/A,Unmapped
1447218,N/A,Unmapped
1447219,N/A,Unmapped
1447220,N/A,Unmapped
1447221,N/A,Unmapped
1447222,N/A,Unmapped
1447223,N/A,Unmapped
1447443,N/A,Unmapped
1447444,N/A,Unmapped
1447569,2233,Mapped
1447624,2242,Mapped
1447671,3236,Mapped
1447707,22599,Mapped
1447708,35126,Mapped
1447709,22600,Mapped
1447710,6117,Mapped
1447711,35127,Mapped
1447728,35130,Mapped
1447891,6883,Mapped
1448100,10995,Mapped
1448101,10805,Mapped
1448116,N/A,Unmapped
1448562,N/A,Unmapped
1448582,53295,Mapped
1448636,1468,Mapped
1448637,1467,Mapped
1448641,35140,Mapped
1448651,22759,Mapped
1448652,22760,Mapped
1448696,8373,Mapped
1448697,8368,Mapped
1448698,8378,Mapped
1448699,8377,Mapped
1448721,35145,Mapped
1448771,22402,Mapped
1449091,20530,Mapped
1449092,20531,Mapped
1449114,21710,Mapped
1449241,240,Mapped
1449242,10530,Mapped
1449283,1382,Mapped
1449284,1369,Mapped
1449285,1368,Mapped
1449368,12794,Mapped
1449460,19206,Mapped
1449462,3743,Mapped
1449580,35162,Mapped
1449581,24971,Mapped
1449585,7915,Mapped
1449681,10221,Mapped
1449693,11822,Mapped
1449703,5583,Mapped
1449732,11704,Mapped
1450170001,7111,Mapped
1450170002,7110,Mapped
1450170004,56444,Mapped
1450578,N/A,Unmapped
1451619,509,Mapped
1451620,531,Mapped
1451628,7503,Mapped
1453043,9821,Mapped
1453049,56908,Mapped
1454039,22886,Mapped
1454092,7652,Mapped
1454633,11500,Mapped
1455035,13437,Mapped
1455597,7901,Mapped
1455599,7483,Mapped
1455600,22224,Mapped
1456646,1697,Mapped
1456648,8734,Mapped
1456650,7393,Mapped
1456651,7395,Mapped
1456652,7394,Mapped
1456666,N/A,Unmapped
1456667,N/A,Unmapped
1456668,N/A,Unmapped
1456669,N/A,Unmapped
1456670,N/A,Unmapped
1456671,N/A,Unmapped
1456672,N/A,Unmapped
1456673,N/A,Unmapped
1456674,N/A,Unmapped
1456675,N/A,Unmapped
1456676,N/A,Unmapped
1456677,N/A,Unmapped
1456678,N/A,Unmapped
1457110,3552,Mapped
1457536,N/A,Unmapped
1457537,N/A,Unmapped
1458090,1706,Mapped
1458186,17423,Mapped
1458187,17424,Mapped
1458220,35219,Mapped
1458273,61922,Mapped
1458703,7633,Mapped
1459069,117993,Mapped
1459071,N/A,Unmapped
1459551,N/A,Unmapped
1459552,N/A,Unmapped
1459602,N/A,Unmapped
1459608,61925,Mapped
1459609,18389,Mapped
1459611,18390,Mapped
1459612,18392,Mapped
1459613,18391,Mapped
1461086,25100,Mapped
1461087,24985,Mapped
1461090,35254,Mapped
1461091,56913,Mapped
1461092,18704,Mapped
1461093,35255,Mapped
1461150,12077,Mapped
1461151,21579,Mapped
1461540,153702,Mapped
1462089,N/A,Unmapped
1462090,N/A,Unmapped
1462091,N/A,Unmapped
1462092,N/A,Unmapped
1462093,N/A,Unmapped
1462094,N/A,Unmapped
1462095,N/A,Unmapped
1462096,N/A,Unmapped
1462097,N/A,Unmapped
1462098,N/A,Unmapped
1462099,N/A,Unmapped
1462100,N/A,Unmapped
1462101,N/A,Unmapped
1462102,N/A,Unmapped
1462103,N/A,Unmapped
1462104,N/A,Unmapped
1462105,N/A,Unmapped
1462106,N/A,Unmapped
1462107,N/A,Unmapped
1462108,N/A,Unmapped
1462109,N/A,Unmapped
1462110,N/A,Unmapped
1462111,N/A,Unmapped
1462112,N/A,Unmapped
1463039,18927,Mapped
1463040,18928,Mapped
1463041,18929,Mapped
1463556,424,Mapped
1464035,19235,Mapped
1464119,5364,Mapped
1464121,4736,Mapped
1465535,55231,Mapped
1466566,35291,Mapped
1467060,74793,Mapped
1467086,23537,Mapped
1467090,9923,Mapped
1467091,9841,Mapped
1467107,3736,Mapped
1467110,3742,Mapped
1467111,3737,Mapped
1467113,11090,Mapped
1467119,10249,Mapped
1467123,13854,Mapped
1467169,N/A,Unmapped
1467221,60157,Mapped
1467236,50235,Mapped
1467286,56921,Mapped
1467287,56922,Mapped
1467288,56923,Mapped
1467289,3235,Mapped
1467290,3233,Mapped
1467291,3234,Mapped
1467292,24845,Mapped
1467294,24849,Mapped
1467299,17413,Mapped
1467300,17415,Mapped
1467301,17416,Mapped
1467555,8854,Mapped
1468041,25029,Mapped
1468043,2525,Mapped
1468044,2524,Mapped
1468045,2526,Mapped
1468054,10656,Mapped
1468074,23998,Mapped
1468593,N/A,Unmapped
1468594,N/A,Unmapped
1469147,18379,Mapped
1469148,10250,Mapped
1469149,10251,Mapped
1469150,24045,Mapped
1469153,24044,Mapped
1469249,8164,Mapped
1469250,8166,Mapped
1469339,3874,Mapped
1469340,3875,Mapped
1469381,35322,Mapped
1469382,35323,Mapped
1469550,11298,Mapped
1469575,8188,Mapped
1469646,N/A,Unmapped
1469647,N/A,Unmapped
1469648,N/A,Unmapped
1469649,N/A,Unmapped
1469650,N/A,Unmapped
1469651,N/A,Unmapped
1469652,N/A,Unmapped
1469710,5460,Mapped
1470037,2533,Mapped
1470102,3698,Mapped
1470104,19299,Mapped
1470105,19300,Mapped
1470622,2916,Mapped
1470666,23846,Mapped
1470767,1398,Mapped
1470768,14620,Mapped
1470781,3614,Mapped
1470785,4303,Mapped
1470806,8435,Mapped
1471043,3543,Mapped
1471047,15506,Mapped
1471073,23103,Mapped
1471180,N/A,Unmapped
1471181,81845,Mapped
1471182,N/A,Unmapped
1471183,N/A,Unmapped
1471184,N/A,Unmapped
1471186,97624,Mapped
1472055,19246,Mapped
1472064,N/A,Unmapped
1472558,22833,Mapped
1472559,N/A,Unmapped
1473035,5901,Mapped
1473045,10972,Mapped
1473049,24450,Mapped
1473080,24527,Mapped
1473081,24526,Mapped
1473082,10757,Mapped
1473085,24529,Mapped
1473086,10957,Mapped
1473541,N/A,Unmapped
1473577,3696,Mapped
1473644,18702,Mapped
1473645,18703,Mapped
1473646,10642,Mapped
1473647,10636,Mapped
1473648,10634,Mapped
1473649,10637,Mapped
1473650,10635,Mapped
1473651,10641,Mapped
1474578,31947,Mapped
1475564,23742,Mapped
1475566,23755,Mapped
1476043,7819,Mapped
1476548,10668,Mapped
1476550,10773,Mapped
1476551,10990,Mapped
1476552,24492,Mapped
1476554,10783,Mapped
1476596,9622,Mapped
1476614,18425,Mapped
1477041001,6775,Mapped
1477041003,6774,Mapped
1477044001,7197,Mapped
1477044002,7198,Mapped
1477044003,7163,Mapped
1477047,24520,Mapped
1478539,24762,Mapped
1478540,24772,Mapped
1478589,N/A,Unmapped
1478590,N/A,Unmapped
1478591,N/A,Unmapped
1478592,N/A,Unmapped
1480036,7468,Mapped
1480037,22011,Mapped
1480535,12128,Mapped
1480633,21740,Mapped
1480637,46391,Mapped
1480638,46390,Mapped
1480640,N/A,Unmapped
1481045,2256,Mapped
1481050,8756,Mapped
1481056,8123,Mapped
1481537,10018,Mapped
1481550,6553,Mapped
1482053,9812,Mapped
1482069,22552,Mapped
1482133,14511,Mapped
1482134,3223,Mapped
1482135,3224,Mapped
1482136,3222,Mapped
1482579,55235,Mapped
1482581,83827,Mapped
1483043,9915,Mapped
1483550,11508,Mapped
1485154,N/A,Unmapped
1485157,N/A,Unmapped
1485158,N/A,Unmapped
1485160,N/A,Unmapped
1485161,N/A,Unmapped
1485163,N/A,Unmapped
1485164,N/A,Unmapped
1485165,N/A,Unmapped
1485166,N/A,Unmapped
1485167,N/A,Unmapped
1485538,450,Mapped
1485541,487,Mapped
1485553,16512,Mapped
1485554,16513,Mapped
1485555,3603,Mapped
1485558,16470,Mapped
1485559,15546,Mapped
1485563,3336,Mapped
1485567,3551,Mapped
1485568,3454,Mapped
1487097,19329,Mapped
1487099,3776,Mapped
1487111,10314,Mapped
1488684,10735,Mapped
1489490,6162,Mapped
1489491,6163,Mapped
1489492,8016,Mapped
1489493,8012,Mapped
1490137,153803,Mapped
1490270,9586,Mapped
1490316,23003,Mapped
1491038,N/A,Unmapped
1491039,N/A,Unmapped
1491041,N/A,Unmapped
1491538,20062,Mapped
1493542,21563,Mapped
1493620,121954,Mapped
1494537,163616,Mapped
1494538,15989,Mapped
1495035,1076,Mapped
1495038,960,Mapped
1495066,N/A,Unmapped
1495067,N/A,Unmapped
1495068,N/A,Unmapped
1495069,N/A,Unmapped
1495070,N/A,Unmapped
1495071,N/A,Unmapped
1495072,N/A,Unmapped
1495141,N/A,Unmapped
1495142,N/A,Unmapped
1495143,N/A,Unmapped
1495186,131367,Mapped
1496584,122027,Mapped
1497036,N/A,Unmapped
1497048,2804,Mapped
1497635,480,Mapped
1497637,476,Mapped
1497646,627,Mapped
1497659,99340,Mapped
1497665,5783,Mapped
1497667,5781,Mapped
1497668,18886,Mapped
1497672,5703,Mapped
1497673,44442,Mapped
1498039,45728,Mapped
1498557,71734,Mapped
1498558,32035,Mapped
1498575,16410,Mapped
1498580,3302,Mapped
1498587,2444,Mapped
1499554,47681,Mapped
1499739002,33,Mapped
1499739003,1101,Mapped
1499739009,25573,Mapped
1499739010,20554,Mapped
1500056,13205,Mapped
1500057,5366,Mapped
1500058,5367,Mapped
1500075,2226,Mapped
1500086,15934,Mapped
1501,72510,Mapped
1501697,32053,Mapped
1501698,32054,Mapped
1501699,178,Mapped
1501700,22113,Mapped
1502035,5920,Mapped
1502633,5727,Mapped
1502634,15312,Mapped
1503091,32062,Mapped
1503092,32063,Mapped
1503095,12862,Mapped
1503096,12861,Mapped
1503132,12860,Mapped
1504122,118,Mapped
1504127,11289,Mapped
1504130,3695,Mapped
1504542,2254,Mapped
1505582,149259,Mapped
1505591,1808,Mapped
1506087,5010,Mapped
1506132,104400,Mapped
1507058,56939,Mapped
1507059,70762,Mapped
1507125,N/A,Unmapped
1507127,N/A,Unmapped
1507132,18657,Mapped
1507133,18658,Mapped
1507591,N/A,Unmapped
1507705,554,Mapped
1507718,68687,Mapped
1507719,16726,Mapped
1507729001,7246,Mapped
1507729003,7247,Mapped
1507729004,7248,Mapped
1508556001,7036,Mapped
1508556003,N/A,Unmapped
1508556005,N/A,Unmapped
1508556006,N/A,Unmapped
1508569,11619,Mapped
1508579,N/A,Unmapped
1508580,N/A,Unmapped
1509040,9433,Mapped
1509541,1488,Mapped
1509542,1489,Mapped
1509589,9073,Mapped
1510057,8963,Mapped
1511537,100584,Mapped
1511540,100592,Mapped
1511661,32123,Mapped
1511664,32125,Mapped
1512053,N/A,Unmapped
1512054,N/A,Unmapped
1512055,N/A,Unmapped
1512550,98257,Mapped
1512578,23200,Mapped
1512587,32132,Mapped
1512603,9500,Mapped
1512604,55240,Mapped
1512605,44472,Mapped
1512607,10226,Mapped
1513101,15763,Mapped
1513197,24949,Mapped
1514055,16659,Mapped
1514056,16660,Mapped
1514058,115815,Mapped
1514062,448,Mapped
1514069,17425,Mapped
1515101,22004,Mapped
1515116,5391,Mapped
1516535,17294,Mapped
1516590,4680,Mapped
1518071,20953,Mapped
1518074,13313,Mapped
1518075,4865,Mapped
1518250,61483,Mapped
1518286,1494,Mapped
1518287,1492,Mapped
1518288,1769,Mapped
1518291,15503,Mapped
1520953,N/A,Unmapped
1522543,164123,Mapped
1522547,53923,Mapped
1522562,18945,Mapped
1523049,25214,Mapped
1523055,134823,Mapped
1523062,11346,Mapped
1523075,2143,Mapped
1523599,18946,Mapped
1524539,65063,Mapped
1524555,32187,Mapped
1524562,9697,Mapped
1524564,12427,Mapped
1524565,12426,Mapped
1524597,10230,Mapped
1524598,10228,Mapped
1524599,23279,Mapped
1526564,N/A,Unmapped
1526565,N/A,Unmapped
1526566,N/A,Unmapped
1528095,32204,Mapped
1528100,8127,Mapped
1528108,18810,Mapped
1528632,1837,Mapped
1528634,N/A,Unmapped
1529586,N/A,Unmapped
1530151,N/A,Unmapped
1530157,N/A,Unmapped
1530189,N/A,Unmapped
1530190,N/A,Unmapped
1530191,N/A,Unmapped
1530192,N/A,Unmapped
1530193,N/A,Unmapped
1530194,N/A,Unmapped
1530195,N/A,Unmapped
1530196,N/A,Unmapped
1530197,N/A,Unmapped
1530198,N/A,Unmapped
1530199,N/A,Unmapped
1530200,N/A,Unmapped
1530201,N/A,Unmapped
1530202,N/A,Unmapped
1530203,N/A,Unmapped
1530204,N/A,Unmapped
1530205,N/A,Unmapped
1530206,32215,Mapped
1530288,9770,Mapped
1530289,9763,Mapped
1530293,16525,Mapped
1530342,75856,Mapped
1530421,22604,Mapped
1531539,N/A,Unmapped
1531543,59405,Mapped
1531544,59406,Mapped
1531545,59407,Mapped
1531584,9303,Mapped
1532036,4290,Mapped
1532047,12173,Mapped
1532110,8003,Mapped
1532111,12455,Mapped
1532544,12700,Mapped
1532545,12701,Mapped
1532546,8174,Mapped
1532547,8176,Mapped
1532559,35349,Mapped
1532601,18427,Mapped
1532879,N/A,Unmapped
1532880,N/A,Unmapped
1532887,64,Mapped
1532890,7391,Mapped
1532893,7397,Mapped
1532900,7477,Mapped
1532903,17363,Mapped
1532905,N/A,Unmapped
1532906,N/A,Unmapped
1532907,N/A,Unmapped
1532908,N/A,Unmapped
1533039,149548,Mapped
1533041,6876,Mapped
1533042,16989,Mapped
1533098,3824,Mapped
1533215,N/A,Unmapped
1533323,N/A,Unmapped
1533325,N/A,Unmapped
1533419,N/A,Unmapped
1533423,N/A,Unmapped
1533427,24507,Mapped
1534062,35438,Mapped
1534118,1408,Mapped
1534565,24532,Mapped
1534629,85459,Mapped
1535036,9842,Mapped
1535039,N/A,Unmapped
1535060,332,Mapped
1535406,9843,Mapped
1535413,24029,Mapped
1535414,35451,Mapped
1535426,12345,Mapped
1536035,12411,Mapped
1536036,25397,Mapped
1536037,25398,Mapped
1536038,25395,Mapped
1536039,25393,Mapped
1536040,25388,Mapped
1536073,812,Mapped
1536079,25310,Mapped
1536080,25306,Mapped
1536082,25101,Mapped
1536083,25104,Mapped
1536084,25103,Mapped
1536085,25102,Mapped
1536086,25148,Mapped
1536087,24713,Mapped
1536089,35453,Mapped
1536093,274,Mapped
1536094,11378,Mapped
1536095,268,Mapped
1536487,15965,Mapped
1536546,35458,Mapped
1536547,35459,Mapped
1536548,24026,Mapped
1536549,103092,Mapped
1536552,35460,Mapped
1536553,24025,Mapped
1536891,19018,Mapped
1536893,50254,Mapped
1537040,16678,Mapped
1537042,144548,Mapped
1537043,15440,Mapped
1537045,20915,Mapped
1537049,16236,Mapped
1537078,4853,Mapped
1537144,N/A,Unmapped
1537152,55246,Mapped
1537153,55247,Mapped
1537154,19267,Mapped
1537303,35486,Mapped
1537901,5580,Mapped
1537902,18362,Mapped
1538035,21647,Mapped
1538042,93114,Mapped
1538247,21715,Mapped
1538433,3670,Mapped
1538550,18139,Mapped
1538561,18142,Mapped
1538562,18140,Mapped
1538670001,7189,Mapped
1538670003,7191,Mapped
1538670004,7188,Mapped
1538709,16098,Mapped
1538710,1617,Mapped
1538726,2659,Mapped
1538727,2658,Mapped
1538732,122424,Mapped
1538780,7333,Mapped
1538854,149169,Mapped
1538855,155721,Mapped
1538856,1747,Mapped
1539053,23894,Mapped
1539179,4737,Mapped
1539323,25447,Mapped
1539324,25448,Mapped
1539325,35540,Mapped
1539326,25445,Mapped
1539327,25450,Mapped
1539328,25449,Mapped
1539329,35541,Mapped
1539383,25404,Mapped
1539437,1855,Mapped
1539441,7401,Mapped
1539442,7940,Mapped
1539760,24660,Mapped
1539761,24661,Mapped
1539762,25442,Mapped
1539763,60523,Mapped
1539764,60524,Mapped
1539772,N/A,Unmapped
1539774,N/A,Unmapped
1539775,N/A,Unmapped
1540133,71735,Mapped
1540136,8629,Mapped
1540137,8627,Mapped
1540205,19961,Mapped
1540832,3361,Mapped
1540839,15256,Mapped
1540841,134999,Mapped
1541085,61488,Mapped
1541799,35584,Mapped
1541801,13993,Mapped
1541802,8656,Mapped
1541840,N/A,Unmapped
1541897,N/A,Unmapped
1541898,N/A,Unmapped
1541899,N/A,Unmapped
1541900,N/A,Unmapped
1542756,N/A,Unmapped
1542757,7327,Mapped
1542758,7328,Mapped
1542759,7329,Mapped
1542760,7330,Mapped
1542761,7790,Mapped
1543,N/A,Unmapped
1544,N/A,Unmapped
1544038,2262,Mapped
1544541,58081,Mapped
1544546,25171,Mapped
1544559,25119,Mapped
1544560,25120,Mapped
1544564,35596,Mapped
1544567,25124,Mapped
1544568,58082,Mapped
1544833,409,Mapped
1544834,436,Mapped
1544835,438,Mapped
1544838,6665,Mapped
1545114,11911,Mapped
1545115,24615,Mapped
1545116,24612,Mapped
1545117,24611,Mapped
1545118,24600,Mapped
1545119,24614,Mapped
1545121,35601,Mapped
1545122,24810,Mapped
1545123,24816,Mapped
1545126,3321,Mapped
1545170,9755,Mapped
1545174,23447,Mapped
1545185,25236,Mapped
1545186,25237,Mapped
1545215,N/A,Unmapped
1545541,249,Mapped
1546,N/A,Unmapped
1546068,35616,Mapped
1546069,24948,Mapped
1546071,25414,Mapped
1547043,17386,Mapped
1547048,3973,Mapped
1547113,10535,Mapped
1548045,3541,Mapped
1548052,9753,Mapped
1548058,2251,Mapped
1548636,5244,Mapped
1548639,56973,Mapped
1548679,101373,Mapped
1548716,3787,Mapped
1548980,7744,Mapped
1549128,10112,Mapped
1549131,9480,Mapped
1549621,61499,Mapped
1549625,50262,Mapped
1549627,50263,Mapped
1550294,18848,Mapped
1550295,18849,Mapped
1550296,35686,Mapped
1550299,56974,Mapped
1550301,25038,Mapped
1550307,N/A,Unmapped
1550308,N/A,Unmapped
1550314,61502,Mapped
1550324,N/A,Unmapped
1550540,16117,Mapped
1550544,2274,Mapped
1551151,24629,Mapped
1551152,11398,Mapped
1551153,11399,Mapped
1551172,15488,Mapped
1551555,13272,Mapped
1551617,17372,Mapped
1552133,103574,Mapped
1552195,8778,Mapped
1552196,8782,Mapped
1552273,22079,Mapped
1552281,7410,Mapped
1552282,7409,Mapped
1552288,3649,Mapped
1552294,56977,Mapped
1552542,N/A,Unmapped
1552546,10664,Mapped
1552548,72555,Mapped
1552568,12200,Mapped
1552900,16019,Mapped
1552916,3553,Mapped
1552918,N/A,Unmapped
1553,N/A,Unmapped
1553070,24677,Mapped
1553071,24678,Mapped
1553095,46388,Mapped
1553096,24679,Mapped
1553546,24494,Mapped
1553547,24495,Mapped
1553609,N/A,Unmapped
1553610,N/A,Unmapped
1553611,N/A,Unmapped
1553714,44087,Mapped
1553739,5638,Mapped
1553749,2241,Mapped
1553758,159222,Mapped
1553763,18948,Mapped
1553765,35774,Mapped
1553799,21698,Mapped
1553829,11983,Mapped
1554053,10979,Mapped
1554055,44455,Mapped
1554060,35778,Mapped
1554062,35779,Mapped
1554202,24861,Mapped
1554217,13825,Mapped
1554223,147025,Mapped
1554224,55250,Mapped
1554225,160190,Mapped
1554233,55251,Mapped
1554238,N/A,Unmapped
1555235,N/A,Unmapped
1555238,N/A,Unmapped
1555299,N/A,Unmapped
1555301,62632,Mapped
1555302,71736,Mapped
1555303,62633,Mapped
1555305,99588,Mapped
1555306,99551,Mapped
1555309,106455,Mapped
1555310,99618,Mapped
1555311,62634,Mapped
1555313,99500,Mapped
1555814,11996,Mapped
1555837,22189,Mapped
1555897,2627,Mapped
1555921,N/A,Unmapped
1555922,N/A,Unmapped
1555923,N/A,Unmapped
1555924,N/A,Unmapped
1555925,N/A,Unmapped
1556,118844,Mapped
1556091,N/A,Unmapped
1556093,N/A,Unmapped
1556095,19209,Mapped
1556110,1836,Mapped
1556115,1646,Mapped
1556116,1652,Mapped
1556554,5618,Mapped
1557,72509,Mapped
1557202,10146,Mapped
1557207,8087,Mapped
1557214,35913,Mapped
1557301,35917,Mapped
1557305,35920,Mapped
1557308,35923,Mapped
1557315,35927,Mapped
1557586,N/A,Unmapped
1557587,N/A,Unmapped
1557588,N/A,Unmapped
1557617,56980,Mapped
1557686,N/A,Unmapped
1557687,N/A,Unmapped
1557688,N/A,Unmapped
1557689,50691,Mapped
1557692,24946,Mapped
1558199,81846,Mapped
1558200,35955,Mapped
1558239,N/A,Unmapped
1558240,N/A,Unmapped
1558265,10727,Mapped
1558535,19490,Mapped
1558536,19489,Mapped
1558580,35958,Mapped
1558581,24809,Mapped
1558641,N/A,Unmapped
1558648,N/A,Unmapped
1558650,N/A,Unmapped
1558685,7699,Mapped
1558686,7698,Mapped
1558781,8408,Mapped
1558852,24583,Mapped
1558853,35975,Mapped
1558854,3616,Mapped
1558855,3633,Mapped
1558863,1003,Mapped
1558876,10301,Mapped
1558877,9357,Mapped
1559110,4443,Mapped
1559155,4734,Mapped
1559168,N/A,Unmapped
1559169,18660,Mapped
1559170,10890,Mapped
1559189,71737,Mapped
1559239,35987,Mapped
1559554,10145,Mapped
1559579,22871,Mapped
1559626,25334,Mapped
1559627,25333,Mapped
1559628,25332,Mapped
1559636,8587,Mapped
1559637,8586,Mapped
1559640,8606,Mapped
1559643,8608,Mapped
1559661,55256,Mapped
1559736,36010,Mapped
1559737,36011,Mapped
1559738,36012,Mapped
1559775,25239,Mapped
1559887,5914,Mapped
1559913,24658,Mapped
1559917,1950,Mapped
1559921,15489,Mapped
1559926,16009,Mapped
1559989,24657,Mapped
1560082,12670,Mapped
1560083,12669,Mapped
1560304,21974,Mapped
1560310,N/A,Unmapped
1560547,N/A,Unmapped
1560548,N/A,Unmapped
1560551,N/A,Unmapped
1560678,48700,Mapped
1560690,21841,Mapped
1560718,N/A,Unmapped
1560729,N/A,Unmapped
1560735,N/A,Unmapped
1560753,N/A,Unmapped
1560759,N/A,Unmapped
1560783,N/A,Unmapped
1560846,N/A,Unmapped
1560871,18977,Mapped
1560899,21829,Mapped
1560936,2841,Mapped
1560937,2839,Mapped
1561035,24753,Mapped
1561213,N/A,Unmapped
1561247,56984,Mapped
1561248,58085,Mapped
1561251,11502,Mapped
1561252,58086,Mapped
1561382001,1267,Mapped
1561382002,1266,Mapped
1561382003,1265,Mapped
1561451,7946,Mapped
1561452,7875,Mapped
1561692,24512,Mapped
1561710,16240,Mapped
1561712,16239,Mapped
1561720,4370,Mapped
1561721,N/A,Unmapped
1561722,N/A,Unmapped
1561726,24287,Mapped
1561738,16392,Mapped
1561739,3354,Mapped
1562044,2622,Mapped
1562561,N/A,Unmapped
1562600,15973,Mapped
1562601,15974,Mapped
1562606,15497,Mapped
1562607,15496,Mapped
1562615,15907,Mapped
1562630,18369,Mapped
1562633,17663,Mapped
1563176,12578,Mapped
1563177,8034,Mapped
1563178,7993,Mapped
1563179,12577,Mapped
1563228001,6830,Mapped
1563228002,131306,Mapped
1563554,N/A,Unmapped
1563555,N/A,Unmapped
1563556,N/A,Unmapped
1563557,N/A,Unmapped
1563558,N/A,Unmapped
1563559,N/A,Unmapped
1563560,N/A,Unmapped
1563561,N/A,Unmapped
1563562,N/A,Unmapped
1563563,N/A,Unmapped
1563564,N/A,Unmapped
1563565,N/A,Unmapped
1563566,N/A,Unmapped
1563567,N/A,Unmapped
1563568,N/A,Unmapped
1563569,N/A,Unmapped
1563570,N/A,Unmapped
1563571,N/A,Unmapped
1563572,N/A,Unmapped
1563573,N/A,Unmapped
1563574,N/A,Unmapped
1563575,N/A,Unmapped
1563576,N/A,Unmapped
1563577,N/A,Unmapped
1563578,N/A,Unmapped
1563579,N/A,Unmapped
1563580,N/A,Unmapped
1563581,N/A,Unmapped
1563582,N/A,Unmapped
1563583,N/A,Unmapped
1563584,N/A,Unmapped
1563585,N/A,Unmapped
1563586,N/A,Unmapped
1563587,N/A,Unmapped
1563588,N/A,Unmapped
1563589,N/A,Unmapped
1563590,N/A,Unmapped
1563591,N/A,Unmapped
1563592,N/A,Unmapped
1563947,7976,Mapped
1563948,7977,Mapped
1563949,7978,Mapped
1563952,7852,Mapped
1563953,7853,Mapped
1564379,36492,Mapped
1564403,N/A,Unmapped
1564404,N/A,Unmapped
1564405,N/A,Unmapped
1564409,N/A,Unmapped
1564413,N/A,Unmapped
1564414,N/A,Unmapped
1564416,11939,Mapped
1564494,323,Mapped
1564552,9203,Mapped
1564556,24456,Mapped
1564854,975,Mapped
1565262,4514,Mapped
1565263,36508,Mapped
1565266,25323,Mapped
1565268,36510,Mapped
1565269,36511,Mapped
1565273,369,Mapped
1565275,17659,Mapped
1565276,581,Mapped
1565277,17660,Mapped
1565298,140402,Mapped
1565317,N/A,Unmapped
1565335,11827,Mapped
1565337,3621,Mapped
1565339,3623,Mapped
1565355,44327,Mapped
1565757,9998,Mapped
1565758,9997,Mapped
1565767,9712,Mapped
1565865,21671,Mapped
1565866,21672,Mapped
1566310,11440,Mapped
1566312,20242,Mapped
1566313,13075,Mapped
1566314,13078,Mapped
1566315,13076,Mapped
1566316,13074,Mapped
1566317,13077,Mapped
1566318,13079,Mapped
1566319,13081,Mapped
1566320,20243,Mapped
1566321,13080,Mapped
1566322,20244,Mapped
1566353,N/A,Unmapped
1566898,36545,Mapped
1566905,N/A,Unmapped
1566906,N/A,Unmapped
1566907,N/A,Unmapped
1566908,N/A,Unmapped
1566909,N/A,Unmapped
1566910,N/A,Unmapped
1566911,N/A,Unmapped
1566912,N/A,Unmapped
1566913,N/A,Unmapped
1566914,N/A,Unmapped
1566915,N/A,Unmapped
1566916,N/A,Unmapped
1566917,N/A,Unmapped
1566918,N/A,Unmapped
1566919,N/A,Unmapped
1566920,N/A,Unmapped
1566921,N/A,Unmapped
1566922,N/A,Unmapped
1566923,N/A,Unmapped
1566924,N/A,Unmapped
1566925,N/A,Unmapped
1566926,N/A,Unmapped
1566927,N/A,Unmapped
1566928,N/A,Unmapped
1566929,N/A,Unmapped
1566930,N/A,Unmapped
1566931,N/A,Unmapped
1566932,N/A,Unmapped
1566933,N/A,Unmapped
1566934,N/A,Unmapped
1566935,N/A,Unmapped
1566936,N/A,Unmapped
1566937,N/A,Unmapped
1566938,N/A,Unmapped
1566939,N/A,Unmapped
1566940,N/A,Unmapped
1566941,N/A,Unmapped
1567326,9817,Mapped
1567554,36572,Mapped
1567555,36573,Mapped
1567600,3033,Mapped
1567602,14508,Mapped
1568035,78058,Mapped
1568100,15166,Mapped
1568167,3433,Mapped
1568221,36593,Mapped
1568225,97135,Mapped
1568226,94547,Mapped
1568592,N/A,Unmapped
1568594,N/A,Unmapped
1568650,2455,Mapped
1568659,10141,Mapped
1568672,9632,Mapped
1568673,9634,Mapped
1568700,8031,Mapped
1568704,8028,Mapped
1568707,21888,Mapped
1568720,7615,Mapped
1568721,7617,Mapped
1568725,1583,Mapped
1570037,16499,Mapped
1570072,N/A,Unmapped
1570075,N/A,Unmapped
1570076,N/A,Unmapped
1570077,N/A,Unmapped
1570078,N/A,Unmapped
1570537,2385,Mapped
1570554,N/A,Unmapped
1570555,N/A,Unmapped
1570580,24031,Mapped
1570586,152252,Mapped
1570601,62648,Mapped
1570604,62651,Mapped
1570632,4080,Mapped
1570641,18211,Mapped
1570642,8314,Mapped
1571540,N/A,Unmapped
1571560,45875,Mapped
1571561,7402,Mapped
1571564,8025,Mapped
1572115,24469,Mapped
1572119,24521,Mapped
1572271,N/A,Unmapped
1572431001,7146,Mapped
1572431002,7148,Mapped
1572431003,20493,Mapped
1572535,24659,Mapped
1572548,8332,Mapped
1572564,3798,Mapped
1572608,167939,Mapped
1573087,10206,Mapped
1573105,N/A,Unmapped
1573106,N/A,Unmapped
1573107,N/A,Unmapped
1573627,17300,Mapped
1573628,17298,Mapped
1573629,17301,Mapped
1573630,17299,Mapped
1573784,14370,Mapped
1573785,14457,Mapped
1573801,55267,Mapped
1573804,4022,Mapped
1573807,15168,Mapped
1573811,15157,Mapped
1573823,100580,Mapped
1573885,56996,Mapped
1574089,12374,Mapped
1574101,N/A,Unmapped
1574102,N/A,Unmapped
1574103,N/A,Unmapped
1574124,25446,Mapped
1574163,N/A,Unmapped
1574380,N/A,Unmapped
1574381,N/A,Unmapped
1574387,36709,Mapped
1574388,36710,Mapped
1574389,36711,Mapped
1574431,10053,Mapped
1574432,10052,Mapped
1574433,23255,Mapped
1574437,9489,Mapped
1574576,36729,Mapped
1574582,36730,Mapped
1574589,N/A,Unmapped
1574590,N/A,Unmapped
1574628,36732,Mapped
1575666,24974,Mapped
1576564,12354,Mapped
1577049,25360,Mapped
1577051,56999,Mapped
1577053,44326,Mapped
1577068,16962,Mapped
1577069,1718,Mapped
1577080,13252,Mapped
1577085,69079,Mapped
157750,28897,Mapped
157754,5948,Mapped
157769,12741,Mapped
1578061,36757,Mapped
1578065,19585,Mapped
1578071,19186,Mapped
1578074,24630,Mapped
1578075,55914,Mapped
1578076,55915,Mapped
1578077,55916,Mapped
1578078,55917,Mapped
1578086,3026,Mapped
1578087,3027,Mapped
1578088,3025,Mapped
1579069,3581,Mapped
157979,6442,Mapped
1580055,9007,Mapped
1580109,N/A,Unmapped
1580115,7587,Mapped
1580119,7589,Mapped
1580137,8060,Mapped
1580193,12939,Mapped
1580194,15167,Mapped
1580260,25145,Mapped
1580262,24857,Mapped
1580263,24714,Mapped
1580264,24711,Mapped
1580265,842,Mapped
1580266,843,Mapped
1580267,841,Mapped
1580593,27889,Mapped
1580599,8945,Mapped
1580600,8944,Mapped
1580601,22842,Mapped
1580602,8946,Mapped
1580676,21892,Mapped
1580686,55270,Mapped
1580689,8179,Mapped
1580690,88006,Mapped
1580711,7473,Mapped
1580716,27898,Mapped
1580748,19872,Mapped
1580752,27903,Mapped
1580763,27908,Mapped
1580776,22558,Mapped
1580777,22551,Mapped
1580780,22555,Mapped
1580786001,20401,Mapped
1580786002,20403,Mapped
1580787,8975,Mapped
1580788,27913,Mapped
1580821,17595,Mapped
1580852,21699,Mapped
1580855,24498,Mapped
1580859,N/A,Unmapped
1580883,10075,Mapped
1580884,9479,Mapped
1580886,9477,Mapped
1580887,23598,Mapped
1580888,23599,Mapped
1580892,27931,Mapped
1581038,N/A,Unmapped
1581039,N/A,Unmapped
1581044,N/A,Unmapped
1581541,27943,Mapped
1581542,27944,Mapped
1581543,155618,Mapped
1581544,27946,Mapped
1581548,27947,Mapped
1581562,21576,Mapped
1581637,N/A,Unmapped
1581638,9239,Mapped
1581640,22965,Mapped
1581655,25343,Mapped
1581656,25345,Mapped
1581657,25344,Mapped
1581658,25346,Mapped
1581703,18269,Mapped
1581713,3941,Mapped
1581751,N/A,Unmapped
1581752,N/A,Unmapped
1581753,N/A,Unmapped
158179,6000,Mapped
1581804,28036,Mapped
1581805,60572,Mapped
158181,5983,Mapped
1581822,8637,Mapped
1581823,8640,Mapped
1581824,8639,Mapped
1581825,8643,Mapped
1581826,8636,Mapped
1582056,71,Mapped
1582057,17053,Mapped
1582086,25215,Mapped
1582089,21193,Mapped
1582100,1046,Mapped
1582156,19341,Mapped
1582220,28063,Mapped
1582256,28065,Mapped
1582267,28066,Mapped
1582269,28067,Mapped
1582529,18846,Mapped
1583069,11400,Mapped
1583077,N/A,Unmapped
1583085,4789,Mapped
1583159,17321,Mapped
1583161,17324,Mapped
1583181,28081,Mapped
1583500,85,Mapped
1583505,6557,Mapped
1583521,60575,Mapped
1583526,8962,Mapped
1583630,4735,Mapped
1583634,13197,Mapped
1583635,134170,Mapped
1583653,13135,Mapped
1583654,13134,Mapped
1583697,21309,Mapped
1583698,21296,Mapped
1583750,21175,Mapped
1583785,5303,Mapped
1583835,20971,Mapped
1583848,13149,Mapped
1583849,13148,Mapped
1583856,4880,Mapped
1583862,20984,Mapped
1583886,21270,Mapped
1585988,6238,Mapped
1585989,6241,Mapped
158609,6443,Mapped
1586301,N/A,Unmapped
1586303,N/A,Unmapped
1586337,1728,Mapped
1586338,1725,Mapped
1586344,28129,Mapped
1586345,18218,Mapped
1586411,28133,Mapped
1586412,28134,Mapped
1586728,10297,Mapped
1586785,N/A,Unmapped
1586789,N/A,Unmapped
1586790,N/A,Unmapped
1586794,2547,Mapped
1586798,N/A,Unmapped
1586799,N/A,Unmapped
1586801,N/A,Unmapped
1586803,N/A,Unmapped
1586804,N/A,Unmapped
1587087,14160,Mapped
1587088,14161,Mapped
1587091,23296,Mapped
1587092,5621,Mapped
158724,6002,Mapped
1587258,1766,Mapped
1587259,1764,Mapped
1587260,1765,Mapped
1587261,1770,Mapped
1587269,45902,Mapped
1587345,2958,Mapped
1587346,2957,Mapped
1587631,24710,Mapped
1587632,28219,Mapped
1588046,11916,Mapped
1588047,12034,Mapped
1588048,11965,Mapped
1588052,12057,Mapped
1588054,55918,Mapped
1588061,1857,Mapped
1588063,24748,Mapped
1588067,N/A,Unmapped
1588263,N/A,Unmapped
1588280,14436,Mapped
1588281,14433,Mapped
1588388,93117,Mapped
1588466,15221,Mapped
1588468,50276,Mapped
1588699,71062,Mapped
1588813,6524,Mapped
1588814,8531,Mapped
1589276,145,Mapped
1589277,6733,Mapped
1589278,6734,Mapped
1589437,156955,Mapped
1589455,16729,Mapped
1589673,23344,Mapped
1589675,82329,Mapped
1589676,10040,Mapped
1589677,10041,Mapped
1589891,N/A,Unmapped
1589903,14418,Mapped
1590223,17364,Mapped
1590618,28493,Mapped
1590624,25299,Mapped
1590625,25300,Mapped
1590629,21747,Mapped
1590630,8026,Mapped
1591183,24464,Mapped
1591184,10606,Mapped
1591226,N/A,Unmapped
1591227,N/A,Unmapped
1591342,28534,Mapped
1591346,19883,Mapped
1591441,1577,Mapped
1591444,18642,Mapped
1591445,18641,Mapped
1591451,10824,Mapped
1591452,18640,Mapped
1591805,17136,Mapped
1591807,17138,Mapped
1591808,15487,Mapped
1591809,8755,Mapped
1591903,1825,Mapped
1591904,1824,Mapped
1592197,N/A,Unmapped
1592484,28582,Mapped
1592666,19976,Mapped
1592832,14591,Mapped
1592884,22081,Mapped
1592885,22084,Mapped
1592888,22085,Mapped
1592889,7509,Mapped
1592890,21906,Mapped
1592891,7512,Mapped
1592892,21907,Mapped
1592893,44428,Mapped
1592947,7970,Mapped
1592998,19511,Mapped
1592999,19509,Mapped
1593566,48030,Mapped
1595053,N/A,Unmapped
1595056,N/A,Unmapped
1596592,60633,Mapped
1597040,62520,Mapped
1597042,1579,Mapped
1597043,1578,Mapped
1597049,3444,Mapped
1597050,3443,Mapped
1597196,N/A,Unmapped
1597197,N/A,Unmapped
1597198,N/A,Unmapped
1597223,28709,Mapped
1598046,25025,Mapped
1598048,25019,Mapped
1598085,1962,Mapped
1598151,23814,Mapped
1598194,958,Mapped
1598203,23045,Mapped
1598239,3972,Mapped
1598548,14362,Mapped
1598573,28757,Mapped
1598574,25362,Mapped
1598580,55278,Mapped
1598581,25260,Mapped
1598583,25261,Mapped
1599038,17279,Mapped
1599052,134761,Mapped
1599053,134763,Mapped
1599054,158560,Mapped
1599055,28769,Mapped
1599130,164698,Mapped
1599577,19020,Mapped
1599629,11093,Mapped
1599630,11095,Mapped
1599633,11206,Mapped
1599637,11196,Mapped
1599730,25359,Mapped
1599732,28842,Mapped
1599734,24813,Mapped
1599745,21627,Mapped
1600074,N/A,Unmapped
1600075,N/A,Unmapped
1601035,28848,Mapped
1601036,28849,Mapped
1601038,57036,Mapped
1601040,58096,Mapped
1601041,28851,Mapped
1601048,28853,Mapped
1601049,28854,Mapped
1601122,8223,Mapped
1601129,8315,Mapped
1601144,19748,Mapped
1601586,17926,Mapped
1601623,6246,Mapped
1601624,6243,Mapped
1601627,6829,Mapped
1601628,6835,Mapped
1602543,33698,Mapped
1602700,33718,Mapped
1602737,N/A,Unmapped
1603562,31,Mapped
1603563,1364,Mapped
1603564,42,Mapped
1603565,16542,Mapped
1603572,17664,Mapped
1603574,33732,Mapped
1603581,99572,Mapped
1604046,10081,Mapped
1604150,17013,Mapped
1604151,17006,Mapped
1604152,17007,Mapped
1604153,17008,Mapped
1604154,17009,Mapped
1604155,17010,Mapped
1604156,17011,Mapped
1604158,2413,Mapped
1604159,2412,Mapped
1604160,17014,Mapped
1604161,2414,Mapped
1604162,17015,Mapped
1604602,551,Mapped
1604603,550,Mapped
1604604,17548,Mapped
1604605,17544,Mapped
1604622,86933,Mapped
1605101,2876,Mapped
1605590,155671,Mapped
1606130,19744,Mapped
1606159,11069,Mapped
1606213,344,Mapped
1606217,341,Mapped
1606610,12011,Mapped
1606660,7682,Mapped
1606668,33846,Mapped
1606669,7371,Mapped
1607037,10263,Mapped
1607045,9333,Mapped
1607065,2831,Mapped
1607066,3228,Mapped
1607070,19195,Mapped
1607110,19428,Mapped
1607111,3892,Mapped
1607112,19433,Mapped
1607113,2607,Mapped
1607114,61,Mapped
1607121,3792,Mapped
1607125,33859,Mapped
1607542,33864,Mapped
1607543,33865,Mapped
1607545,12931,Mapped
1607557,19214,Mapped
1607558,19213,Mapped
1607589,N/A,Unmapped
1607647,100316,Mapped
1607649,65549,Mapped
1607675,9642,Mapped
1608137,33881,Mapped
1608138,33882,Mapped
1608149,24504,Mapped
1608153,3631,Mapped
1608156,58361,Mapped
1608160,58362,Mapped
1608955,100293,Mapped
1608966,16243,Mapped
1608972,65551,Mapped
1609027,9736,Mapped
1609039,33917,Mapped
1609040,N/A,Unmapped
1609041,N/A,Unmapped
1609042,N/A,Unmapped
1609043,N/A,Unmapped
1609069,5625,Mapped
1609077,25419,Mapped
1610062,N/A,Unmapped
1610063,N/A,Unmapped
1610064,N/A,Unmapped
1610065,N/A,Unmapped
1610068,N/A,Unmapped
1610070,N/A,Unmapped
1610071,N/A,Unmapped
1610072,N/A,Unmapped
1610123,33950,Mapped
1610160,22225,Mapped
1610161,22227,Mapped
1610168,33971,Mapped
1610169,23761,Mapped
1610170,33972,Mapped
1610171,23762,Mapped
1610172,23763,Mapped
1610175,23766,Mapped
1610176,23767,Mapped
1610177,23768,Mapped
1610178,33973,Mapped
1610179,23769,Mapped
1610181,23771,Mapped
1610182,23772,Mapped
1610223,33980,Mapped
1610253,926,Mapped
1610254,924,Mapped
1610255,925,Mapped
1610582,14312,Mapped
1610583,15764,Mapped
1610669,3540,Mapped
1610671,1709,Mapped
1610678,34009,Mapped
1611056,11391,Mapped
1611057,11392,Mapped
1611086,9174,Mapped
1611087,9178,Mapped
1611088,9173,Mapped
1611089,9176,Mapped
1611090,9172,Mapped
1611091,9175,Mapped
1611092,9177,Mapped
1611093,22910,Mapped
1611094,22908,Mapped
1611118,15681,Mapped
1611125,3047,Mapped
1611127,N/A,Unmapped
1611128,N/A,Unmapped
1611130,N/A,Unmapped
1611131,N/A,Unmapped
1611132,N/A,Unmapped
1611133,N/A,Unmapped
1611137,16142,Mapped
1611138,16141,Mapped
1611542,12120,Mapped
1611559,7635,Mapped
1611609,4462,Mapped
1611610,4469,Mapped
1611616,22153,Mapped
1611617,22154,Mapped
1611623,8165,Mapped
1611624,10638,Mapped
1611639,21530,Mapped
1612535,22658,Mapped
1612538,34059,Mapped
1612564,4196,Mapped
1612565,16191,Mapped
1612566,4197,Mapped
1612567,4195,Mapped
1612568,16192,Mapped
1613538,15909,Mapped
1613543,1779,Mapped
1613545,47241,Mapped
1613546,47242,Mapped
1613547,47240,Mapped
1613568,34084,Mapped
1613587,23342,Mapped
1613665,1091,Mapped
1613672,44310,Mapped
1613681,N/A,Unmapped
1613735,6338,Mapped
1613736,6336,Mapped
1613745,17596,Mapped
1613762,55280,Mapped
1613764,34114,Mapped
1614037,34127,Mapped
1614074,34131,Mapped
1614095,55281,Mapped
1614108,24192,Mapped
1614114,7475,Mapped
1614175,25153,Mapped
1614180,25405,Mapped
1614202,N/A,Unmapped
1614227,34146,Mapped
1614240,34158,Mapped
1614243,23994,Mapped
1614299,15844,Mapped
1614349,598,Mapped
1614350,17350,Mapped
1614535,18995,Mapped
1614536,5809,Mapped
1614544,34177,Mapped
1614551,12748,Mapped
1614552,12744,Mapped
1614553,12746,Mapped
1614593,4280,Mapped
1614638,N/A,Unmapped
1614639,N/A,Unmapped
1614640,N/A,Unmapped
1614641,N/A,Unmapped
1614669,N/A,Unmapped
1614676,34194,Mapped
1614694,N/A,Unmapped
1614715,4103,Mapped
1614767,55283,Mapped
1614837,15447,Mapped
1614840,15448,Mapped
1614841,15446,Mapped
1614849,23455,Mapped
1614957,N/A,Unmapped
1614958,N/A,Unmapped
1614959,N/A,Unmapped
1614960,N/A,Unmapped
1614961,N/A,Unmapped
1614993,10564,Mapped
1615008,8675,Mapped
1615009,8676,Mapped
1615018,11113,Mapped
1615019,34237,Mapped
1615051,21787,Mapped
1615054,21799,Mapped
1615055,7598,Mapped
1615061,21792,Mapped
1615066,58106,Mapped
1615067,58107,Mapped
1615076,23298,Mapped
1615100,25411,Mapped
1615101,25410,Mapped
1615589,N/A,Unmapped
1615632,13780,Mapped
1615685,34255,Mapped
1615686,34256,Mapped
1615689,34259,Mapped
1615690,34260,Mapped
1615773,N/A,Unmapped
1615774,N/A,Unmapped
1615775,N/A,Unmapped
1615776,N/A,Unmapped
1615777,N/A,Unmapped
1615778,N/A,Unmapped
1615779,N/A,Unmapped
1615781,N/A,Unmapped
1615782,N/A,Unmapped
1615783,N/A,Unmapped
1615784,N/A,Unmapped
1615785,N/A,Unmapped
1615786,N/A,Unmapped
1615787,N/A,Unmapped
1615838,17467,Mapped
1615839,597,Mapped
1615840,17464,Mapped
1615841,17465,Mapped
1615842,17466,Mapped
1615874,34274,Mapped
1615875,89149,Mapped
1615876,34275,Mapped
1615942,59565,Mapped
1615943,50293,Mapped
1615945,69223,Mapped
1615949,13292,Mapped
1616026,N/A,Unmapped
1616027,N/A,Unmapped
1616034,17151,Mapped
1616035,13656,Mapped
1616044,77274,Mapped
1616050,55839,Mapped
1616052,4971,Mapped
1616057,8340,Mapped
1616058,8339,Mapped
1616061,6687,Mapped
1616062,16495,Mapped
1616094,34291,Mapped
1616106,N/A,Unmapped
1616107,N/A,Unmapped
1616110,N/A,Unmapped
1616112,N/A,Unmapped
1616113,N/A,Unmapped
1616114,N/A,Unmapped
1616115,N/A,Unmapped
1616122,60684,Mapped
1616539,14651,Mapped
1616547,N/A,Unmapped
1616548,N/A,Unmapped
1616549,N/A,Unmapped
1616552,N/A,Unmapped
1616567,60685,Mapped
1616568,60686,Mapped
1616569,60687,Mapped
1616570,60688,Mapped
1616572,60690,Mapped
1616573,60691,Mapped
1616574,60692,Mapped
1616575,60693,Mapped
1616592,10683,Mapped
1616593,10680,Mapped
1616595,10684,Mapped
1616596,10685,Mapped
1616608,18994,Mapped
1616617,22028,Mapped
1616624,22018,Mapped
1616679001,6705,Mapped
1616680001,6706,Mapped
1616680002,6708,Mapped
1616681,127823,Mapped
1616717,N/A,Unmapped
1616718,N/A,Unmapped
1616719,N/A,Unmapped
1616720,N/A,Unmapped
1616773,11401,Mapped
1616774,15577,Mapped
1616775,15584,Mapped
1616777,165038,Mapped
1616780,15572,Mapped
1616783,N/A,Unmapped
1616784,N/A,Unmapped
1616787,N/A,Unmapped
1616788,N/A,Unmapped
1616789,N/A,Unmapped
1616791,N/A,Unmapped
1616845,N/A,Unmapped
1617039,11030,Mapped
1617050,11887,Mapped
1617051,24968,Mapped
1617052,24969,Mapped
1617053,12092,Mapped
1617056,17604,Mapped
1617057,17605,Mapped
1617342,2611,Mapped
1617350,21683,Mapped
1617362,134764,Mapped
1617364,83828,Mapped
1617385,N/A,Unmapped
1617464,34395,Mapped
1617470,89298,Mapped
1617471,987,Mapped
1617488,165745,Mapped
1617501,79495,Mapped
1617503,79497,Mapped
1617505,79498,Mapped
1617519,N/A,Unmapped
1617541,N/A,Unmapped
1617599,N/A,Unmapped
1617614,7076,Mapped
1617643,1815,Mapped
1618230,10568,Mapped
1618231,10566,Mapped
1618232,10567,Mapped
1618253,21666,Mapped
1618254,21668,Mapped
1618255,21669,Mapped
1618256,21667,Mapped
1618512,96780,Mapped
1618518001,7089,Mapped
1618518002,7090,Mapped
1618518004,20502,Mapped
1618518005,83817,Mapped
1618521001,7087,Mapped
1618521002,7085,Mapped
1618521004,97054,Mapped
1619202,36838,Mapped
1619226,61774,Mapped
1619227,61775,Mapped
1619231,61779,Mapped
1619271,N/A,Unmapped
1619273,N/A,Unmapped
1619274,3385,Mapped
1621197,10019,Mapped
1621506,36899,Mapped
1621509,N/A,Unmapped
1622673,156230,Mapped
1622691,N/A,Unmapped
1622692,N/A,Unmapped
1622696,61783,Mapped
1622697,61784,Mapped
1622741,37047,Mapped
1622771001,6757,Mapped
1622771004,6754,Mapped
1622787,48448,Mapped
1622788,48447,Mapped
1622799,12528,Mapped
1622800,12447,Mapped
1622811,22152,Mapped
1622836,10354,Mapped
1622841,10356,Mapped
1622842,9387,Mapped
1622843,24068,Mapped
1622844,24067,Mapped
1622868,37060,Mapped
1622869,37061,Mapped
1622874,22638,Mapped
1622875,22639,Mapped
1622876,47354,Mapped
1622951,37066,Mapped
1623063,22782,Mapped
1623064,22790,Mapped
1623073,11197,Mapped
1623078,23519,Mapped
1623185,N/A,Unmapped
1623186,N/A,Unmapped
1623235,N/A,Unmapped
1623236,N/A,Unmapped
1623237,N/A,Unmapped
1623244,61789,Mapped
1623264,37102,Mapped
1623291,68274,Mapped
1623306,11564,Mapped
1623309,37113,Mapped
1623312,54987,Mapped
1623344,17328,Mapped
1623345,557,Mapped
1623346,12762,Mapped
1623363,23626,Mapped
1623364,23627,Mapped
1623365,23629,Mapped
1623374,1925,Mapped
1623375,1927,Mapped
1623377,1924,Mapped
1623378,1926,Mapped
1623586,37150,Mapped
1623588,37152,Mapped
1623597,3926,Mapped
1623598,37153,Mapped
1623599,37154,Mapped
1623625,22109,Mapped
1623630,3374,Mapped
1623649,37167,Mapped
1623696,949,Mapped
1623698,15691,Mapped
1623699,15692,Mapped
1623700,15693,Mapped
1623706,15700,Mapped
1623715,15688,Mapped
1623789,23327,Mapped
1623970,N/A,Unmapped
1623982,13014,Mapped
1623983,5930,Mapped
1624000,8981,Mapped
1624001,201,Mapped
1624015,1854,Mapped
1624073,N/A,Unmapped
1624075,24462,Mapped
1624076,10986,Mapped
1624077,10988,Mapped
1624079,N/A,Unmapped
1624108,11501,Mapped
1624117,20921,Mapped
1624128,1407,Mapped
1624820,10456,Mapped
1624831,3924,Mapped
1624832,2612,Mapped
1624834,19582,Mapped
1624835,19554,Mapped
1624849,37239,Mapped
1624879,21827,Mapped
1624880,21828,Mapped
1624895,2793,Mapped
1624899,13719,Mapped
1624900,37245,Mapped
1625137,24852,Mapped
1625138,24851,Mapped
1625571,23694,Mapped
1625604,1008,Mapped
1626112,11375,Mapped
1626113,11376,Mapped
1626131,37329,Mapped
1627569,37337,Mapped
1627570,37338,Mapped
1627571,24428,Mapped
1627583,24756,Mapped
1627598,57064,Mapped
1628111,11148,Mapped
1628114,11146,Mapped
1628569,12795,Mapped
1628594,37387,Mapped
1628612,N/A,Unmapped
1628613,N/A,Unmapped
1628614,N/A,Unmapped
1628615,N/A,Unmapped
1628616,N/A,Unmapped
1628617,N/A,Unmapped
1628618,N/A,Unmapped
1628619,N/A,Unmapped
1628629,N/A,Unmapped
1628659,25185,Mapped
1628680,25216,Mapped
1628694,N/A,Unmapped
1628867,37461,Mapped
1628868,37462,Mapped
1628889,37468,Mapped
1628890,1898,Mapped
1628907,19359,Mapped
1628910,876,Mapped
1628918,3282,Mapped
1628931,16248,Mapped
1629045,10658,Mapped
1629046,24522,Mapped
1629048,10659,Mapped
1629058,1092,Mapped
1629080,2425,Mapped
1629096,37503,Mapped
1629121,16244,Mapped
1629123,16246,Mapped
1629124,16245,Mapped
1629127,4293,Mapped
1629159,11047,Mapped
1629160,11041,Mapped
1629161,11042,Mapped
1629162,11044,Mapped
1629164,11086,Mapped
1629169,N/A,Unmapped
1629210,103094,Mapped
1629215,46661,Mapped
1629276,98258,Mapped
1629571,61796,Mapped
1629573,61797,Mapped
1629603,11408,Mapped
1629635,50307,Mapped
1629636,N/A,Unmapped
1629637,N/A,Unmapped
1629638,N/A,Unmapped
1629639,N/A,Unmapped
1629640,N/A,Unmapped
1629641,N/A,Unmapped
1629642,N/A,Unmapped
1629643,N/A,Unmapped
1629644,N/A,Unmapped
1629645,N/A,Unmapped
1629646,N/A,Unmapped
1629647,N/A,Unmapped
1629648,N/A,Unmapped
1629649,N/A,Unmapped
1629650,N/A,Unmapped
1629660,N/A,Unmapped
1629661,N/A,Unmapped
1629690,N/A,Unmapped
1629691,N/A,Unmapped
1629692,N/A,Unmapped
1629704,N/A,Unmapped
1629705,N/A,Unmapped
1629706,N/A,Unmapped
1629707,N/A,Unmapped
1629709,1649,Mapped
1629713,N/A,Unmapped
1629714,N/A,Unmapped
1629716,N/A,Unmapped
1629718,N/A,Unmapped
1629726,37530,Mapped
1630079,61798,Mapped
1630093,1275,Mapped
1630094,1274,Mapped
1630118,8162,Mapped
1630120,7692,Mapped
1630158,7944,Mapped
1630159,12720,Mapped
1630160,12716,Mapped
1630161,182,Mapped
1630162,8289,Mapped
1630164,12719,Mapped
1630165,12718,Mapped
1630166,12715,Mapped
1630167,12717,Mapped
1630173,22196,Mapped
1630174,22197,Mapped
1630176,23999,Mapped
1630180001,57688,Mapped
1630180002,57689,Mapped
1630220002,6937,Mapped
1630220003,6935,Mapped
1630221001,20375,Mapped
1630221002,6938,Mapped
1630221003,6939,Mapped
1630221004,20376,Mapped
1630228,23734,Mapped
1630229,9331,Mapped
1630230,9929,Mapped
1630235,8951,Mapped
1630268,1818,Mapped
1630269,1819,Mapped
1630270,1821,Mapped
1630272,37575,Mapped
1630273,844,Mapped
1630536,12478,Mapped
1630537,12477,Mapped
1630538,12479,Mapped
1630546,12476,Mapped
1630547,8495,Mapped
1630548,12475,Mapped
1630570,8384,Mapped
1630571,8385,Mapped
1630574,19322,Mapped
1630582,37582,Mapped
1630616,46531,Mapped
1630658,20980,Mapped
1630670,134092,Mapped
1630690,58380,Mapped
1630691,58381,Mapped
1630697,58382,Mapped
1630698,46551,Mapped
1630699,21177,Mapped
1630716,9238,Mapped
1631102,24680,Mapped
1631103,24682,Mapped
1631121,37672,Mapped
1631230,151,Mapped
1631324,37724,Mapped
1631329,N/A,Unmapped
1631330,N/A,Unmapped
1631333,N/A,Unmapped
1631335,37726,Mapped
1631336,37727,Mapped
1631375,7585,Mapped
1631378,161242,Mapped
1631379,161243,Mapped
1631380,161244,Mapped
1631381,161245,Mapped
1631382,161246,Mapped
1631383,137348,Mapped
1631384,161247,Mapped
1631385,161248,Mapped
1631386,161249,Mapped
1631387,161251,Mapped
1631388,137347,Mapped
1631389,161250,Mapped
1631390,161252,Mapped
1631391,161254,Mapped
1631392,161253,Mapped
1631393,161255,Mapped
1631394,161256,Mapped
1631395,147029,Mapped
1631396,161257,Mapped
1631397,161258,Mapped
1631543,37734,Mapped
1631558,55293,Mapped
1632078,37758,Mapped
1632104,1899,Mapped
1632537,37771,Mapped
1632563,N/A,Unmapped
1632586,37777,Mapped
1632600,161259,Mapped
1633041,93120,Mapped
1634052,82572,Mapped
1634482,16800,Mapped
1634483,16801,Mapped
1634488,N/A,Unmapped
1634489,10682,Mapped
1634531,2578,Mapped
1634532,93121,Mapped
1634533,37806,Mapped
1634536,37809,Mapped
1634537,37810,Mapped
1634649,8668,Mapped
1634737,N/A,Unmapped
1634738,N/A,Unmapped
1634739,N/A,Unmapped
1634754,N/A,Unmapped
1634755,N/A,Unmapped
1634805,37836,Mapped
1634868,37848,Mapped
1634872,13226,Mapped
1635037,55297,Mapped
1635073,1088,Mapped
1635075,1089,Mapped
1635078,37854,Mapped
1635119,10124,Mapped
1635481,7180,Mapped
1635554,11460,Mapped
1635555,11465,Mapped
1636038001,7088,Mapped
1636038002,7086,Mapped
1636042,18371,Mapped
1636043,53926,Mapped
1636062,N/A,Unmapped
1636597,19053,Mapped
1636849,N/A,Unmapped
1636850,N/A,Unmapped
1636851,N/A,Unmapped
1636852,N/A,Unmapped
1636853,N/A,Unmapped
1637135,48120,Mapped
1637271,14458,Mapped
1637276,N/A,Unmapped
1637277,N/A,Unmapped
1637278,N/A,Unmapped
1637279,N/A,Unmapped
1637284,12403,Mapped
1637352,18668,Mapped
1637353,18667,Mapped
1639741,38025,Mapped
1639742,16083,Mapped
1639754,12750,Mapped
1639756,12752,Mapped
1639991,38029,Mapped
1640005,15657,Mapped
1640006,15655,Mapped
1640007,15654,Mapped
1640008,15656,Mapped
1640009,15650,Mapped
1640010,15653,Mapped
1640011,15652,Mapped
1640012,15649,Mapped
1640013,15651,Mapped
1640016,164699,Mapped
1640036,38035,Mapped
1640667,N/A,Unmapped
1640668,N/A,Unmapped
1640669,131370,Mapped
1640670,N/A,Unmapped
1640671,N/A,Unmapped
1640672,N/A,Unmapped
1640673,N/A,Unmapped
1640674,N/A,Unmapped
1640675,N/A,Unmapped
1640676,N/A,Unmapped
1640677,N/A,Unmapped
1640678,N/A,Unmapped
1640679,N/A,Unmapped
1640680,N/A,Unmapped
1640681,N/A,Unmapped
1640682,N/A,Unmapped
1640683,N/A,Unmapped
1640684,N/A,Unmapped
1640685,N/A,Unmapped
1640686,N/A,Unmapped
1640687,N/A,Unmapped
1640688,N/A,Unmapped
1640689,N/A,Unmapped
1640690,N/A,Unmapped
1640691,N/A,Unmapped
1640692,N/A,Unmapped
1640693,N/A,Unmapped
1640694,N/A,Unmapped
1640695,N/A,Unmapped
1640696,N/A,Unmapped
1640697,N/A,Unmapped
1640698,N/A,Unmapped
1640699,N/A,Unmapped
1640700,N/A,Unmapped
1640701,N/A,Unmapped
1640702,N/A,Unmapped
1640761,15626,Mapped
1640829,11315,Mapped
1641342,88164,Mapped
1641343,17374,Mapped
1641391,161850,Mapped
1641394,5905,Mapped
1641424,18163,Mapped
1641425,18167,Mapped
1641431,15637,Mapped
1641432,15636,Mapped
1641433,15635,Mapped
1641435,21690,Mapped
1641436,11358,Mapped
1641455,23527,Mapped
1641609,72557,Mapped
1641610,72558,Mapped
1642039,N/A,Unmapped
1642263,38451,Mapped
1642264,38452,Mapped
1642266,38454,Mapped
1642268,38456,Mapped
1642269,38457,Mapped
1642270,38458,Mapped
1642326,17365,Mapped
1642335,7530,Mapped
1642336,21909,Mapped
1642337,21908,Mapped
1642338,21911,Mapped
1642905,8916,Mapped
1642906,23838,Mapped
1642995,23392,Mapped
1644244,1885,Mapped
1644245,1888,Mapped
1644248001,7234,Mapped
1644248002,7233,Mapped
1644249,7051,Mapped
1644561,133647,Mapped
1644946,3554,Mapped
1644956,39213,Mapped
1645098,2462,Mapped
1645099,16193,Mapped
1645113,17118,Mapped
1645121,15714,Mapped
1645135,11531,Mapped
1645136,11515,Mapped
1645137,11526,Mapped
1645155,23121,Mapped
1645291,39251,Mapped
1645292,39252,Mapped
1645306,N/A,Unmapped
1645307,N/A,Unmapped
1645308,N/A,Unmapped
1645309,131374,Mapped
1645310,N/A,Unmapped
1645350,17094,Mapped
1645351,17091,Mapped
1645414,44022,Mapped
1645540,15727,Mapped
1645576,39282,Mapped
1646037,16010,Mapped
1646038,16012,Mapped
1646039,16011,Mapped
1646151,13828,Mapped
1646154,165956,Mapped
1646155,165957,Mapped
1646156,165958,Mapped
1646157,165959,Mapped
1646158,165960,Mapped
1646159,165961,Mapped
1646160,165962,Mapped
1646161,165963,Mapped
1646187,19884,Mapped
1646233,5255,Mapped
1646634,13756,Mapped
1646635,13757,Mapped
1646636,39310,Mapped
1646637,13758,Mapped
1646641,39311,Mapped
1646655,10431,Mapped
1646656,23593,Mapped
1646757,N/A,Unmapped
1647058,9372,Mapped
1647059,10327,Mapped
1647060,9373,Mapped
1647061,10328,Mapped
1647078,21543,Mapped
1647134,24627,Mapped
1647137,44270,Mapped
1647138,24626,Mapped
1647160,16731,Mapped
1647161,16730,Mapped
1647730,20572,Mapped
1647753,39418,Mapped
1647784,39425,Mapped
1647785,39426,Mapped
1647788,21818,Mapped
1647791,1328,Mapped
1647792,10312,Mapped
1647798,39427,Mapped
1647815,16249,Mapped
1647863,3081,Mapped
1647864,3082,Mapped
1647865,3083,Mapped
1647898,166026,Mapped
1647900,10643,Mapped
1647901,39470,Mapped
1647902,10640,Mapped
1647903,10639,Mapped
1648010,39514,Mapped
1648212,39536,Mapped
1648234,167407,Mapped
1648832,N/A,Unmapped
1648848,39631,Mapped
1648852,N/A,Unmapped
1648853,N/A,Unmapped
1648854,N/A,Unmapped
1648855,N/A,Unmapped
1648858,8430,Mapped
1648877,24182,Mapped
1648878,24183,Mapped
1648992,24754,Mapped
1648999,24076,Mapped
1649001,24074,Mapped
1649002,24075,Mapped
1649003,24077,Mapped
1649035,22969,Mapped
1649037,22970,Mapped
1649052,57085,Mapped
1649053,57086,Mapped
1649088,16524,Mapped
1649098,39655,Mapped
1649115,39672,Mapped
1649168,23983,Mapped
1649192,39691,Mapped
1649193,39692,Mapped
1649195,39694,Mapped
1649567,11292,Mapped
1649593,39697,Mapped
1649610,18705,Mapped
1649625,9899,Mapped
1649684,39729,Mapped
1650296,39761,Mapped
1650298,39763,Mapped
1650300,39765,Mapped
1650306,39769,Mapped
1650313005,7159,Mapped
1650314001,7155,Mapped
1650314002,7156,Mapped
1650314004,136711,Mapped
1650315,7164,Mapped
1650316,39775,Mapped
1650317,39776,Mapped
1650318,13408,Mapped
1650342,14642,Mapped
1650346,1072,Mapped
1650361,39780,Mapped
1650570,N/A,Unmapped
1650572,N/A,Unmapped
1650574,N/A,Unmapped
1650576,N/A,Unmapped
1650759,N/A,Unmapped
1650763,39818,Mapped
1650788,39826,Mapped
1650789,8793,Mapped
1650790,8800,Mapped
1650791,23333,Mapped
1650801,167138,Mapped
1651042,N/A,Unmapped
1651043,N/A,Unmapped
1651044,N/A,Unmapped
1651045,N/A,Unmapped
1651047,N/A,Unmapped
1651048,N/A,Unmapped
1651049,N/A,Unmapped
1651050,N/A,Unmapped
1651053,N/A,Unmapped
1651054,N/A,Unmapped
1651055,N/A,Unmapped
1651056,N/A,Unmapped
1651081,47958,Mapped
1651241,16332,Mapped
1651242,16333,Mapped
1651248,39855,Mapped
1651259,39856,Mapped
1651386,16476,Mapped
1651388,17211,Mapped
1651389,55938,Mapped
1651390,17212,Mapped
1651396,1817,Mapped
1651399,15531,Mapped
1651401,15530,Mapped
1651414,39899,Mapped
1651415,39900,Mapped
1651420,39902,Mapped
1651441001,20460,Mapped
1651441002,20462,Mapped
1651441003,20461,Mapped
1651460,19593,Mapped
1651473,57094,Mapped
1651474,57095,Mapped
1651508,39941,Mapped
1651538,N/A,Unmapped
1651539,N/A,Unmapped
1651540,N/A,Unmapped
1651541,N/A,Unmapped
1651542,N/A,Unmapped
1651543,N/A,Unmapped
1651544,N/A,Unmapped
1651550,N/A,Unmapped
1651555,N/A,Unmapped
1651556,N/A,Unmapped
1651558,N/A,Unmapped
1651559,N/A,Unmapped
1651560,N/A,Unmapped
1651564,16452,Mapped
1651566,166239,Mapped
1651579,22092,Mapped
1651585,39958,Mapped
1651636,N/A,Unmapped
1651637,N/A,Unmapped
1651690,39976,Mapped
1651692,57096,Mapped
1651695,16014,Mapped
1651699,39978,Mapped
1651702,N/A,Unmapped
1651704,12763,Mapped
1651807,40048,Mapped
1651842,40052,Mapped
1651843,40053,Mapped
1651844,40054,Mapped
1651894,N/A,Unmapped
1651896,N/A,Unmapped
1651921,40076,Mapped
1651964,55316,Mapped
1651966,150213,Mapped
1651968,40078,Mapped
1652041,2802,Mapped
1652042,14419,Mapped
1652080,40144,Mapped
1652081,40145,Mapped
1652084,40147,Mapped
1652093,12274,Mapped
1652094,12269,Mapped
1652095,12270,Mapped
1652100,12272,Mapped
1652116,1856,Mapped
1652117,15912,Mapped
1652195,9105,Mapped
1652197,N/A,Unmapped
1652198,N/A,Unmapped
1652199,N/A,Unmapped
1652204,N/A,Unmapped
1652205,N/A,Unmapped
1652206,N/A,Unmapped
1652207,N/A,Unmapped
1652208,N/A,Unmapped
1652212,N/A,Unmapped
1652213,N/A,Unmapped
1652214,N/A,Unmapped
1652215,N/A,Unmapped
1652216,N/A,Unmapped
1652220,N/A,Unmapped
1652223,N/A,Unmapped
1652224,N/A,Unmapped
1652225,N/A,Unmapped
1652226,N/A,Unmapped
1652227,N/A,Unmapped
1652228,N/A,Unmapped
1652232,N/A,Unmapped
1652237,N/A,Unmapped
1652238,N/A,Unmapped
1652242,N/A,Unmapped
1652251,N/A,Unmapped
1652252,N/A,Unmapped
1652253,N/A,Unmapped
1652255,N/A,Unmapped
1652256,N/A,Unmapped
1652257,N/A,Unmapped
1652288,40166,Mapped
1652524,19399,Mapped
1652541,14307,Mapped
1652544,14310,Mapped
1652546,14306,Mapped
1652547,14311,Mapped
1652548,40247,Mapped
1652549,40248,Mapped
1652552,40251,Mapped
1652553,40252,Mapped
1652554,40253,Mapped
1652557,16250,Mapped
1652558,16251,Mapped
1652560,16253,Mapped
1652563,16296,Mapped
1652579,24482,Mapped
1652604,40263,Mapped
1652674,55320,Mapped
1652677,40276,Mapped
1652689,40281,Mapped
1652690,40282,Mapped
1652815,N/A,Unmapped
1652816,N/A,Unmapped
1652831,N/A,Unmapped
1652832,N/A,Unmapped
1652833,N/A,Unmapped
1652834,N/A,Unmapped
1652885,21941,Mapped
1652888,21926,Mapped
1652890,8024,Mapped
1652891,21928,Mapped
1652894,21889,Mapped
1652906,3857,Mapped
1652914,150518,Mapped
1652918,1693,Mapped
1652919,40307,Mapped
1652935,25406,Mapped
1652938,N/A,Unmapped
1652939,N/A,Unmapped
1652949,19380,Mapped
1652950,19355,Mapped
1653002,40358,Mapped
1653104,N/A,Unmapped
1653108,N/A,Unmapped
1653109,N/A,Unmapped
1653110,N/A,Unmapped
1653111,N/A,Unmapped
1653112,N/A,Unmapped
1653113,N/A,Unmapped
1653114,N/A,Unmapped
1653116,N/A,Unmapped
1653117,40362,Mapped
1653118,40363,Mapped
1653144,24952,Mapped
1653145,24951,Mapped
1653146,24950,Mapped
1653290,14621,Mapped
1653545,40471,Mapped
1653550,15608,Mapped
1653552,17687,Mapped
1653555,161260,Mapped
1653556,161261,Mapped
1653562,15502,Mapped
1653563,15500,Mapped
1653564,15501,Mapped
1653565,15499,Mapped
1653611002,25530,Mapped
1653611003,25531,Mapped
1653636,59629,Mapped
1653637,59630,Mapped
1653638,59631,Mapped
1653639,59632,Mapped
1653640,59633,Mapped
1653641,59634,Mapped
1653642,59635,Mapped
1654037,46422,Mapped
1654040,15904,Mapped
1654060001,20421,Mapped
1654060002,20423,Mapped
1654065,N/A,Unmapped
1654108,N/A,Unmapped
1654109,N/A,Unmapped
1654110,N/A,Unmapped
1654111,N/A,Unmapped
1654112,22936,Mapped
1654572,40544,Mapped
1654579,88165,Mapped
1654647,59637,Mapped
1654648,59638,Mapped
1654649,59639,Mapped
1654744,40564,Mapped
1654779,40586,Mapped
1655039,N/A,Unmapped
1655061,40596,Mapped
1655080,N/A,Unmapped
1655541,N/A,Unmapped
1655605,23360,Mapped
1655606,23995,Mapped
1655689,18814,Mapped
1656056,18670,Mapped
1656057,18669,Mapped
1656058,18671,Mapped
1656107,40691,Mapped
1656126,N/A,Unmapped
1656128,N/A,Unmapped
1656175,71745,Mapped
1656181,40699,Mapped
1656204,44417,Mapped
1656214,N/A,Unmapped
1656216,N/A,Unmapped
1656217,N/A,Unmapped
1656235,40715,Mapped
1656250,40723,Mapped
1656251,57104,Mapped
1656252,57105,Mapped
1656279,40737,Mapped
1656280,17065,Mapped
1656284,40738,Mapped
1656290,18988,Mapped
1656319,21691,Mapped
1656331,55331,Mapped
1656332,55332,Mapped
1656333,55333,Mapped
1656342,40772,Mapped
1656343,40773,Mapped
1656350,40776,Mapped
1656361,19333,Mapped
1656391,40784,Mapped
1656395,40787,Mapped
1656406,23514,Mapped
1656562,40856,Mapped
1656576,40858,Mapped
1656577,N/A,Unmapped
1656598,40867,Mapped
1657048004,20582,Mapped
1657050002,20596,Mapped
1657050005,25532,Mapped
1657055,32248,Mapped
1657121,41139,Mapped
1657122,41140,Mapped
1657123,41141,Mapped
1657124,41142,Mapped
1657128,13456,Mapped
1657129,13455,Mapped
1657130,50338,Mapped
1657151,16654,Mapped
1657239,23835,Mapped
1657306,16569,Mapped
1657310,41169,Mapped
1657311,41170,Mapped
1657341,11629,Mapped
1657348,55335,Mapped
1657381,N/A,Unmapped
1657382,N/A,Unmapped
1657383,N/A,Unmapped
1657385,N/A,Unmapped
1657386,N/A,Unmapped
1657399,41196,Mapped
1657400,41197,Mapped
1657437,47888,Mapped
1657448,22167,Mapped
1657449,22170,Mapped
1657452,21834,Mapped
1657551,50781,Mapped
1657553,26869,Mapped
1657559,16068,Mapped
1657560,16067,Mapped
1657564,26871,Mapped
1657575,14283,Mapped
1657576,14282,Mapped
1657577,14284,Mapped
1657578,21838,Mapped
1657610,11951,Mapped
1657624,26887,Mapped
1657636,19609,Mapped
1657637,26892,Mapped
1657653,23411,Mapped
1657655,26893,Mapped
1657669,26906,Mapped
1657671,26908,Mapped
1657673,26910,Mapped
1657681,26918,Mapped
1657767,N/A,Unmapped
1657768,N/A,Unmapped
1657769,N/A,Unmapped
1657770,N/A,Unmapped
1657771,N/A,Unmapped
1657772,N/A,Unmapped
1657773,N/A,Unmapped
1657774,N/A,Unmapped
1657775,N/A,Unmapped
1657776,N/A,Unmapped
1657796,12137,Mapped
1657797,12136,Mapped
1657829,61959,Mapped
1657830,61960,Mapped
1657832,N/A,Unmapped
1657858,N/A,Unmapped
1657863,17621,Mapped
1657864,17622,Mapped
1657866,16651,Mapped
1657867,16652,Mapped
1657868,16653,Mapped
1658048,22101,Mapped
1658081,25296,Mapped
1658082,25297,Mapped
1658096,19381,Mapped
1658103,24483,Mapped
1658112,N/A,Unmapped
1658139,23730,Mapped
1658140,23731,Mapped
1658143,23728,Mapped
1658144,23729,Mapped
1658163,27023,Mapped
1658164,27024,Mapped
1658251,24453,Mapped
1658258,16705,Mapped
1658259,16706,Mapped
1658263,27048,Mapped
1658264,27049,Mapped
1658772,27322,Mapped
1658773,27323,Mapped
1658775,27325,Mapped
1658776,27326,Mapped
1658781,21936,Mapped
1659013,N/A,Unmapped
1659719,15926,Mapped
1659768,22166,Mapped
1659769,22168,Mapped
1659770,22169,Mapped
1659771,22171,Mapped
1659781,22176,Mapped
1660547,13389,Mapped
1660561,15996,Mapped
1660568,15999,Mapped
1660569,16000,Mapped
1660570,15998,Mapped
1660611,17473,Mapped
1660613,17475,Mapped
1660614,17476,Mapped
1660615,17478,Mapped
1660616,17477,Mapped
1660623,17483,Mapped
1660626,17485,Mapped
1661490,166772,Mapped
1661492,166781,Mapped
1661501,41725,Mapped
1662052,58117,Mapped
1662053,58118,Mapped
1662054,58119,Mapped
1662055,58120,Mapped
1662094,17826,Mapped
1662104,128689,Mapped
1662111,41784,Mapped
1662112,41785,Mapped
1662213,41792,Mapped
1662214,41793,Mapped
1662235,41800,Mapped
1662260,12324,Mapped
1662305,41818,Mapped
1662306,41819,Mapped
1662307,41820,Mapped
1662311,41821,Mapped
1662312,41822,Mapped
1662324,57116,Mapped
1662325,41830,Mapped
1662327,46066,Mapped
1662328,46078,Mapped
1662330,14752,Mapped
1662332,161262,Mapped
1662345,41835,Mapped
1662355,14524,Mapped
1662374,22102,Mapped
1662402,167724,Mapped
1662403,41875,Mapped
1662408,41878,Mapped
1662409,55944,Mapped
1662411,11683,Mapped
1662412,11682,Mapped
1662422,41881,Mapped
1662433,41889,Mapped
1662434,41890,Mapped
1662436,41892,Mapped
1662437,41893,Mapped
1662438,41894,Mapped
1662440,41896,Mapped
1662441,41897,Mapped
1662442,41898,Mapped
1662443,41899,Mapped
1662444,41900,Mapped
1662447,41902,Mapped
1662464,N/A,Unmapped
1662481,N/A,Unmapped
1662483,N/A,Unmapped
1662484,N/A,Unmapped
1662485,N/A,Unmapped
1662486,N/A,Unmapped
1662487,N/A,Unmapped
1662488,N/A,Unmapped
1662489,N/A,Unmapped
1662490,N/A,Unmapped
1662491,N/A,Unmapped
1662492,N/A,Unmapped
1662493,N/A,Unmapped
1662494,N/A,Unmapped
1662495,N/A,Unmapped
1662496,N/A,Unmapped
1662497,N/A,Unmapped
1662498,N/A,Unmapped
1662499,N/A,Unmapped
1662500,N/A,Unmapped
1662501,N/A,Unmapped
1662502,N/A,Unmapped
1662507,16256,Mapped
1662508,41908,Mapped
1662602,41918,Mapped
1662605,16175,Mapped
1662624002,20384,Mapped
1662625001,20385,Mapped
1662625002,20386,Mapped
1662629,24573,Mapped
1662630,24574,Mapped
1662632,77277,Mapped
1662641,41934,Mapped
1662643,41936,Mapped
1662644,41937,Mapped
1662646,41939,Mapped
1662647,41940,Mapped
1662649,13721,Mapped
1662650,41942,Mapped
1662653,21933,Mapped
1662668,41951,Mapped
1662670,41953,Mapped
1662671,41954,Mapped
1662680,41960,Mapped
1662710,41978,Mapped
1662743,41984,Mapped
1662754,N/A,Unmapped
1662755,N/A,Unmapped
1662756,N/A,Unmapped
1662757,N/A,Unmapped
1662758,N/A,Unmapped
1662759,N/A,Unmapped
1662760,N/A,Unmapped
1662761,N/A,Unmapped
1662762,N/A,Unmapped
1662763,N/A,Unmapped
1662764,N/A,Unmapped
1662765,N/A,Unmapped
1662766,N/A,Unmapped
1662767,N/A,Unmapped
1662768,N/A,Unmapped
1662769,N/A,Unmapped
1662770,N/A,Unmapped
1662771,N/A,Unmapped
1662774,41988,Mapped
1662775,17567,Mapped
1662776,17568,Mapped
1662793,N/A,Unmapped
1662794,N/A,Unmapped
1662839,N/A,Unmapped
1662900,N/A,Unmapped
1662964,23460,Mapped
1662965,23459,Mapped
1662966,42073,Mapped
1663799,23354,Mapped
1663800,23440,Mapped
1663801,23350,Mapped
1663823,42090,Mapped
1663845,11755,Mapped
1663850,N/A,Unmapped
1663862,42103,Mapped
1663869,42107,Mapped
1663883,15946,Mapped
1663884,15873,Mapped
1663931,19923,Mapped
1663935,19924,Mapped
1663936,42139,Mapped
1663983,42164,Mapped
1664028,45774,Mapped
1664758,161263,Mapped
1665240,71716,Mapped
1665957,57118,Mapped
1665958,57119,Mapped
1665978,42270,Mapped
1665979,42271,Mapped
1666099,48122,Mapped
1666101,68910,Mapped
1666102,48124,Mapped
1666114,N/A,Unmapped
1666116,68911,Mapped
1666117,117989,Mapped
1666129,42322,Mapped
1666130,42323,Mapped
1666131,42324,Mapped
1666134,12725,Mapped
1666135,12721,Mapped
1666136,12722,Mapped
1666159,42333,Mapped
1666545,23516,Mapped
1666546,23517,Mapped
1666547,12764,Mapped
1666549,18196,Mapped
1666551,42338,Mapped
1666567,42347,Mapped
1666705,18926,Mapped
1666760,42385,Mapped
1666762,55346,Mapped
1666827,42390,Mapped
1666834,159897,Mapped
1666837,42393,Mapped
1666859,42407,Mapped
1666860,42408,Mapped
1666862,42409,Mapped
1666863,47963,Mapped
1666880,15491,Mapped
1666923,17039,Mapped
1666925,17042,Mapped
1666926,17043,Mapped
1666929,12051,Mapped
1666988,42422,Mapped
1666991,12801,Mapped
1667011,12329,Mapped
1667022,25481,Mapped
1667025,20451,Mapped
1667026,42436,Mapped
1667027,42437,Mapped
1667063,42470,Mapped
1667150,42478,Mapped
1667161,60836,Mapped
1667163,42482,Mapped
1667178,46099,Mapped
1667183,46120,Mapped
1667233,42499,Mapped
1667234,150523,Mapped
1667235,150524,Mapped
1667252,55947,Mapped
1667300,16714,Mapped
1667303,42527,Mapped
1667304,42528,Mapped
1667305,42529,Mapped
1667310,11829,Mapped
1667315,57121,Mapped
1667327,42539,Mapped
1667330,42542,Mapped
1667343,42545,Mapped
1667344,42546,Mapped
1667345,42547,Mapped
1667353,42551,Mapped
1667356,42554,Mapped
1667362,42556,Mapped
1667428,11579,Mapped
1667429,11575,Mapped
1667468,42592,Mapped
1667470,58127,Mapped
1667471,42594,Mapped
1667472,22238,Mapped
1667473,22233,Mapped
1667477,22237,Mapped
1667486,16189,Mapped
1667487,16190,Mapped
1667491,14527,Mapped
1667492,14528,Mapped
1667493,14529,Mapped
1667495,14531,Mapped
1667496,14532,Mapped
1667497,14533,Mapped
1667498,42599,Mapped
1667499,42600,Mapped
1667514,22031,Mapped
1667515,22033,Mapped
1667524,11748,Mapped
1667525,11749,Mapped
1667600,42620,Mapped
1667603,42623,Mapped
1667615,42626,Mapped
1667945,44407,Mapped
1668038,42678,Mapped
1668118,42695,Mapped
1668119,42696,Mapped
1668137,N/A,Unmapped
1668138,N/A,Unmapped
1668139,N/A,Unmapped
1668140,N/A,Unmapped
1668141,N/A,Unmapped
1668142,N/A,Unmapped
1668143,N/A,Unmapped
1668144,N/A,Unmapped
1668145,N/A,Unmapped
1668146,N/A,Unmapped
1668147,N/A,Unmapped
1668151,N/A,Unmapped
1668152,N/A,Unmapped
1668201,13853,Mapped
1668381,14660,Mapped
1668382,14663,Mapped
1668383,14659,Mapped
1668384,14665,Mapped
1668385,14664,Mapped
1668407,23349,Mapped
1668408,42718,Mapped
1668412,42722,Mapped
1668413,42723,Mapped
1668414,42724,Mapped
1668418,42725,Mapped
1668419,42726,Mapped
1668464,42727,Mapped
1668468,42731,Mapped
1668469,42732,Mapped
1668520,21651,Mapped
1668521,21652,Mapped
1668552,24145,Mapped
1668554,58128,Mapped
1668635,N/A,Unmapped
1668877,23840,Mapped
1668879,23839,Mapped
1668957,42800,Mapped
1668958,42801,Mapped
1668960,42803,Mapped
1668961,42804,Mapped
1668962,42805,Mapped
1668973,42807,Mapped
1669014,42812,Mapped
1669039,11684,Mapped
1669101,22560,Mapped
1669147,13759,Mapped
1669149,42864,Mapped
1669151,42866,Mapped
1669152,42867,Mapped
1669190,42886,Mapped
1669269,55349,Mapped
1669322,N/A,Unmapped
1669323,N/A,Unmapped
1669324,N/A,Unmapped
1669325,N/A,Unmapped
1669328,N/A,Unmapped
1669330,N/A,Unmapped
1669347,18725,Mapped
1669399,161264,Mapped
1669401,161265,Mapped
1669480,42996,Mapped
1669481,50356,Mapped
1669482,55953,Mapped
1669523,55351,Mapped
1669524,43012,Mapped
1669526,43013,Mapped
1669597,N/A,Unmapped
1669663,43087,Mapped
1669711,45734,Mapped
1669717,69488,Mapped
1669719,43116,Mapped
1669721,43118,Mapped
1669723,43119,Mapped
1669739,46553,Mapped
1669784,57127,Mapped
1669953,57128,Mapped
1670052,43141,Mapped
1670053,43142,Mapped
1670055,43144,Mapped
1670073,60852,Mapped
1670092,43154,Mapped
1670093,43155,Mapped
1670094,21871,Mapped
1670095,21870,Mapped
1670107,43162,Mapped
1670111,43165,Mapped
1670113,43167,Mapped
1670114,43168,Mapped
1670142,N/A,Unmapped
1670143,N/A,Unmapped
1670145,N/A,Unmapped
1670146,N/A,Unmapped
1670148,N/A,Unmapped
1670150,N/A,Unmapped
1670151,N/A,Unmapped
1670536,43216,Mapped
1670540,43217,Mapped
1670544,43218,Mapped
1670546,43219,Mapped
1670548,N/A,Unmapped
1670549,13790,Mapped
1670550,43221,Mapped
1670555,43226,Mapped
1670556,43227,Mapped
1670557,43228,Mapped
1670613,32696,Mapped
1670614,46389,Mapped
1670628,32699,Mapped
1670641,12694,Mapped
1670681,70867,Mapped
1670692,46574,Mapped
1670695,32720,Mapped
1670812,N/A,Unmapped
1670813,N/A,Unmapped
1670818,N/A,Unmapped
1670819,N/A,Unmapped
1670821,N/A,Unmapped
1670822,N/A,Unmapped
1670823,N/A,Unmapped
1670824,N/A,Unmapped
1670826,N/A,Unmapped
1670827,168005,Mapped
1670829,N/A,Unmapped
1670831,N/A,Unmapped
1670833,N/A,Unmapped
1670835,N/A,Unmapped
1670836,N/A,Unmapped
1670837,N/A,Unmapped
1670838,N/A,Unmapped
1670840,N/A,Unmapped
1670842,N/A,Unmapped
1670843,N/A,Unmapped
1670844,N/A,Unmapped
1670845,N/A,Unmapped
1670846,N/A,Unmapped
1670847,N/A,Unmapped
1670853,N/A,Unmapped
1670854,N/A,Unmapped
1670855,N/A,Unmapped
1670856,N/A,Unmapped
1670857,N/A,Unmapped
1670858,N/A,Unmapped
1670863,N/A,Unmapped
1670864,N/A,Unmapped
1670865,N/A,Unmapped
1670928,N/A,Unmapped
1670929,N/A,Unmapped
1670930,N/A,Unmapped
1670931,N/A,Unmapped
1670932,N/A,Unmapped
1671056,13359,Mapped
1671178,32790,Mapped
1671233,163362,Mapped
1671254,44277,Mapped
1671255,16201,Mapped
1671256,16202,Mapped
1671257,16203,Mapped
1671258,16204,Mapped
1671259,16205,Mapped
1671279,32826,Mapped
1671283,N/A,Unmapped
1671285,32829,Mapped
1671297,57132,Mapped
1671299,N/A,Unmapped
1671301,N/A,Unmapped
1671324,47058,Mapped
1671327,47061,Mapped
1671333,47067,Mapped
1671336,47070,Mapped
1671490,32851,Mapped
1671538,32858,Mapped
1671596,20466,Mapped
1672035,32876,Mapped
1672036,22090,Mapped
1672037,22091,Mapped
1672327,17295,Mapped
1672328,17296,Mapped
1672409,32960,Mapped
1672434,32969,Mapped
1672436,46710,Mapped
1672504,32981,Mapped
1672506,32982,Mapped
1672569,19513,Mapped
1672570,19514,Mapped
1672590,24021,Mapped
1672612,33018,Mapped
1672614,33020,Mapped
1672618,33024,Mapped
1672619,44289,Mapped
1672651,16144,Mapped
1672652,16145,Mapped
1672665,50361,Mapped
1672666,50362,Mapped
1672667,33038,Mapped
1672709,N/A,Unmapped
1672713,33052,Mapped
1672714,14525,Mapped
1672781,45312,Mapped
1672816,33068,Mapped
1672838,166955,Mapped
1672842,111227,Mapped
1672900,55355,Mapped
1672901,55356,Mapped
1672902,55357,Mapped
1674901,33097,Mapped
1675042,46652,Mapped
1675067,21197,Mapped
1675073,33109,Mapped
1675102,N/A,Unmapped
1675107,33120,Mapped
1675141,33129,Mapped
1675237,21887,Mapped
1675315,17486,Mapped
1675316,55958,Mapped
1675317,33158,Mapped
1675318,105595,Mapped
1675376,N/A,Unmapped
1675432,33186,Mapped
1675434,33187,Mapped
1675456,33190,Mapped
1675457,33191,Mapped
1675467,N/A,Unmapped
1675479,967,Mapped
1675484,33207,Mapped
1675671,N/A,Unmapped
1675672,N/A,Unmapped
1675675,N/A,Unmapped
1675676,N/A,Unmapped
1675677,N/A,Unmapped
1675678,N/A,Unmapped
1675681,N/A,Unmapped
1675682,N/A,Unmapped
1675684,N/A,Unmapped
1675685,N/A,Unmapped
1675686,N/A,Unmapped
1675689,N/A,Unmapped
1675690,N/A,Unmapped
1675691,N/A,Unmapped
1675692,N/A,Unmapped
1675694,N/A,Unmapped
1675696,N/A,Unmapped
1675697,N/A,Unmapped
1675698,N/A,Unmapped
1675699,N/A,Unmapped
1675700,N/A,Unmapped
1675704,33240,Mapped
1675844,33253,Mapped
1675855,33257,Mapped
1675866,16026,Mapped
1677716,166087,Mapped
1677857,23326,Mapped
1677887,33388,Mapped
1678003,33414,Mapped
1678012,152997,Mapped
1678013,33422,Mapped
1679449,33440,Mapped
1679450,33441,Mapped
1679466,55361,Mapped
1679468,23324,Mapped
1679485,47256,Mapped
1679489,33453,Mapped
1679496,33458,Mapped
1679498,25264,Mapped
1679779,33471,Mapped
1679842,13577,Mapped
1680379,154476,Mapped
1680386,33516,Mapped
1680499,N/A,Unmapped
1680580,33561,Mapped
1680583,44274,Mapped
1680630,11016,Mapped
1680631,11006,Mapped
1680632,11539,Mapped
1680633,18348,Mapped
1680635,18347,Mapped
1680636,18350,Mapped
1680640,18353,Mapped
1680643,33564,Mapped
1680644,18351,Mapped
1680696,N/A,Unmapped
1680718,17261,Mapped
1680719,17260,Mapped
1680798,33593,Mapped
1680802,55365,Mapped
1681115,N/A,Unmapped
1681799,33596,Mapped
1681822,168437,Mapped
1682188,69792,Mapped
1683331,33609,Mapped
1683548,125672,Mapped
1683859,33616,Mapped
1683860,33617,Mapped
1683861,33618,Mapped
1683862,33619,Mapped
1683863,33620,Mapped
1683864,33621,Mapped
1683865,33622,Mapped
1683866,33623,Mapped
1683878,60879,Mapped
1683882,33626,Mapped
1683883,33627,Mapped
1683959,33633,Mapped
1684021,N/A,Unmapped
1684266,33656,Mapped
1684544,33663,Mapped
1684550,33667,Mapped
1684557,152434,Mapped
1685366,43253,Mapped
1685369,43256,Mapped
1685407,43272,Mapped
1685550,43285,Mapped
1685705,43307,Mapped
1685719,43313,Mapped
1685920,N/A,Unmapped
1685921,N/A,Unmapped
1685922,N/A,Unmapped
1685954,43338,Mapped
1685955,43339,Mapped
1685956,43340,Mapped
1685957,22105,Mapped
1685958,55374,Mapped
1685960,43341,Mapped
1686037,13869,Mapped
1686060,43390,Mapped
1686111,43420,Mapped
1686113,43421,Mapped
1686114,13720,Mapped
1686125,43428,Mapped
1686133,43432,Mapped
1686134,43433,Mapped
1686136,43435,Mapped
1686139,17244,Mapped
1686220,N/A,Unmapped
1686221,43444,Mapped
1686381,43482,Mapped
1686449,65191,Mapped
1686535,43513,Mapped
1686553,137338,Mapped
1686554,137344,Mapped
1686590,23441,Mapped
1686692,13569,Mapped
1686694,N/A,Unmapped
1687038,N/A,Unmapped
1687039,N/A,Unmapped
1687040,N/A,Unmapped
1687539,N/A,Unmapped
1687540,N/A,Unmapped
1687541,N/A,Unmapped
1687542,N/A,Unmapped
1687556,47972,Mapped
1687558,47973,Mapped
1687565,53970,Mapped
1687642,46347,Mapped
1688078,43648,Mapped
1688090,166027,Mapped
1688091,166051,Mapped
1688132,14628,Mapped
1688154,43666,Mapped
1688600,43680,Mapped
1688604,49026,Mapped
1688605,49027,Mapped
1688606,43682,Mapped
1689035,22887,Mapped
1690037,43691,Mapped
1690063,N/A,Unmapped
1690064,61835,Mapped
1690065,61836,Mapped
1690089,43716,Mapped
1690090,25866,Mapped
1690092,25868,Mapped
1690093,50399,Mapped
1690108,N/A,Unmapped
1690109,N/A,Unmapped
1690118,57186,Mapped
1690119,57187,Mapped
1690120,57188,Mapped
1690147,25892,Mapped
1690152,45732,Mapped
1690183,25922,Mapped
1690562,25959,Mapped
1690582,25975,Mapped
1690601,13533,Mapped
1690602,13534,Mapped
1690603,13535,Mapped
1690604,13536,Mapped
1690609,25977,Mapped
1690610,25978,Mapped
1690674,63138,Mapped
1690675,63139,Mapped
1690676,50402,Mapped
1690681,55381,Mapped
1690736,65505,Mapped
1690737,70764,Mapped
1690745,25988,Mapped
1690746,25989,Mapped
1690747,N/A,Unmapped
1691036,26041,Mapped
1691037,26042,Mapped
1691038,26043,Mapped
1691041,166248,Mapped
1691052,47977,Mapped
1691061,26063,Mapped
1691068,47978,Mapped
1691070,48038,Mapped
1691071,57194,Mapped
1691539,26111,Mapped
1691541,50834,Mapped
1691543,55382,Mapped
1691545,12446,Mapped
1691552,50835,Mapped
1691557,26117,Mapped
1691566,45678,Mapped
1691567,26122,Mapped
1691571,86607,Mapped
1691588,26139,Mapped
1691589,26140,Mapped
1691590,26141,Mapped
1691639,26165,Mapped
1691680,26190,Mapped
1691681,26191,Mapped
1691691,11803,Mapped
1691692,11805,Mapped
1691736,26193,Mapped
1691737,26194,Mapped
1691738,26195,Mapped
1691739,26196,Mapped
1691740,26197,Mapped
1691741,47980,Mapped
1691742,48023,Mapped
1691743,55966,Mapped
1691745,44314,Mapped
1692037,55967,Mapped
1692038,55968,Mapped
1692039,55969,Mapped
1692051,26200,Mapped
1692053,26202,Mapped
1692055,26204,Mapped
1692057,26206,Mapped
1692059,26208,Mapped
1692061,26210,Mapped
1692063,26212,Mapped
1692536,23739,Mapped
1692537,23740,Mapped
1692545,26225,Mapped
1692546,23779,Mapped
1693060,26237,Mapped
1693581,26268,Mapped
1693586,26269,Mapped
1693587,26270,Mapped
1693588,26271,Mapped
1694555,26280,Mapped
1694560,26281,Mapped
1695547,26298,Mapped
1695548,26299,Mapped
1695560,79499,Mapped
1696038,N/A,Unmapped
1696039,N/A,Unmapped
1696041,N/A,Unmapped
1696044,57195,Mapped
1696045,57196,Mapped
1696047,26310,Mapped
1696059,26313,Mapped
1696583,24130,Mapped
1696589,26321,Mapped
1696626,24444,Mapped
1696639,26328,Mapped
1697035,55388,Mapped
1697036,55389,Mapped
1697038,55391,Mapped
1697039,55392,Mapped
1697040,55393,Mapped
1697041,55394,Mapped
1697042,55395,Mapped
1697043,53971,Mapped
1697044,53972,Mapped
1697045,53973,Mapped
1697535,68686,Mapped
1698085,24470,Mapped
1698087,24473,Mapped
1698089,58130,Mapped
1698090,59700,Mapped
1698094,57202,Mapped
1698095,N/A,Unmapped
1698097,N/A,Unmapped
1698098,N/A,Unmapped
1698099,N/A,Unmapped
1698100,N/A,Unmapped
1698101,26352,Mapped
1698102,26353,Mapped
1698103,26354,Mapped
1698140,55401,Mapped
1698141,55402,Mapped
1698143,55404,Mapped
1698144,55405,Mapped
1698145,55406,Mapped
1698146,13579,Mapped
1698547,58493,Mapped
1698549,26415,Mapped
1698551,26417,Mapped
1698585,26433,Mapped
1698643,26437,Mapped
1698645,26439,Mapped
1698649,26442,Mapped
1698651,26444,Mapped
1698654,101595,Mapped
1698655,26447,Mapped
1698681,N/A,Unmapped
1698682,N/A,Unmapped
1698686,45160,Mapped
1698694,N/A,Unmapped
1699054,26479,Mapped
1699059,45717,Mapped
1699090,26502,Mapped
1699092,26504,Mapped
1699101,44305,Mapped
1699104,26510,Mapped
1699105,89998,Mapped
1699107,99440,Mapped
1699113,N/A,Unmapped
1699262,N/A,Unmapped
1699272,152360,Mapped
1699289,50422,Mapped
1699290,50454,Mapped
1699305,89150,Mapped
1699306,14622,Mapped
1699307,26527,Mapped
1699553,61848,Mapped
1699616,117994,Mapped
1699620,117995,Mapped
1699623,54166,Mapped
1699643,55415,Mapped
1699645,26580,Mapped
1699714,71748,Mapped
1699721,55417,Mapped
1699801,26615,Mapped
1699802,26616,Mapped
1699807,26621,Mapped
1700038,47983,Mapped
1700039,57219,Mapped
1700040,48040,Mapped
1700041,45811,Mapped
1700043,45812,Mapped
1700044,57221,Mapped
1700093,26653,Mapped
1700096,13711,Mapped
1700098,55973,Mapped
1700100,55975,Mapped
1700101,55976,Mapped
1700115,26666,Mapped
1700161,153228,Mapped
1700162,26684,Mapped
1700564,50894,Mapped
1700568,46423,Mapped
1700658,60913,Mapped
1700659,60914,Mapped
1700730,47721,Mapped
1700731,26749,Mapped
1701100,50904,Mapped
1701550,26796,Mapped
1701551,26797,Mapped
1701554,50905,Mapped
1701557,50907,Mapped
1701559,26802,Mapped
1701569,26808,Mapped
1701571,16258,Mapped
1701580,26816,Mapped
1701581,26817,Mapped
1701654,N/A,Unmapped
1701655,N/A,Unmapped
1701656,N/A,Unmapped
1702063,55421,Mapped
1702065,55423,Mapped
1702074,45921,Mapped
1702076,96390,Mapped
1702125,32398,Mapped
1702138,112545,Mapped
1702139,112546,Mapped
1702554,47718,Mapped
1702563,32402,Mapped
1702584,161266,Mapped
1702585,161267,Mapped
1702586,161269,Mapped
1702587,161268,Mapped
1703057,32416,Mapped
1703064,53384,Mapped
1703081,32432,Mapped
1703120,32457,Mapped
1703121,32458,Mapped
1703122,32459,Mapped
1703123,32460,Mapped
1704057,32461,Mapped
1704067,32465,Mapped
1704068,32466,Mapped
1704558,32478,Mapped
1704589,N/A,Unmapped
1704590,N/A,Unmapped
1704591,N/A,Unmapped
1704592,N/A,Unmapped
1704593,N/A,Unmapped
1704597,N/A,Unmapped
1704598,N/A,Unmapped
1704607,32492,Mapped
1705045,N/A,Unmapped
1705081,61988,Mapped
1705082,61989,Mapped
1705083,61990,Mapped
1705084,32506,Mapped
1705099,32508,Mapped
1705105,46317,Mapped
1705124,32526,Mapped
1705135,57232,Mapped
1705139,57233,Mapped
1705143,57234,Mapped
1705159,57246,Mapped
1705164,57251,Mapped
1705305,60924,Mapped
1705306,32546,Mapped
1705332,46376,Mapped
1705334,46365,Mapped
1705335,46377,Mapped
1705337,46373,Mapped
1705377,N/A,Unmapped
1705378,N/A,Unmapped
1705379,N/A,Unmapped
1705380,N/A,Unmapped
1705381,32560,Mapped
1705382,32561,Mapped
1705384,32563,Mapped
1705555,58137,Mapped
1705556,58138,Mapped
1705558,58140,Mapped
1705559,58141,Mapped
1706550,32662,Mapped
1706558,32665,Mapped
1706580,58507,Mapped
1707549,81305,Mapped
1707565,57257,Mapped
1707669,32311,Mapped
1707672,32312,Mapped
1707673,45694,Mapped
1707674,32313,Mapped
1707675,32314,Mapped
1707676,50932,Mapped
1707677,32315,Mapped
1707685,57263,Mapped
1707686,57264,Mapped
1707687,57265,Mapped
1707688,57266,Mapped
1707689,57267,Mapped
1707709,48143,Mapped
1708047,N/A,Unmapped
1708048,32327,Mapped
1708055,32328,Mapped
1708056,32329,Mapped
1708068,32333,Mapped
1708075,61993,Mapped
1708076,57274,Mapped
1708077,57275,Mapped
1708079,57277,Mapped
1708081,57279,Mapped
1708082,57280,Mapped
1708135,44251,Mapped
1708142,32347,Mapped
1708149,54169,Mapped
1708155,32359,Mapped
1709040,57290,Mapped
1709041,32361,Mapped
1709053,32367,Mapped
1709054,32368,Mapped
1709055,32369,Mapped
1709056,32370,Mapped
1709057,45975,Mapped
1709058,32371,Mapped
1709560,60947,Mapped
1709589,32388,Mapped
1709770,32267,Mapped
1709773,32270,Mapped
1709832,161270,Mapped
1709842,32262,Mapped
1709843,32263,Mapped
1709872,25608,Mapped
1709875,25611,Mapped
1709882,25614,Mapped
1709883,25615,Mapped
1709884,25616,Mapped
1709885,50968,Mapped
1709999,47369,Mapped
1710539,55436,Mapped
1710543,25656,Mapped
1710545,25657,Mapped
1710555,25662,Mapped
1710558,45668,Mapped
1710559,45669,Mapped
1710560,45670,Mapped
1710562,25666,Mapped
1710572,70765,Mapped
1710576,25669,Mapped
1710577,25670,Mapped
1710578,25671,Mapped
1710633,25683,Mapped
1710700,57310,Mapped
1710764,25499,Mapped
1710767,25707,Mapped
1711035,N/A,Unmapped
1711036,N/A,Unmapped
1711037,N/A,Unmapped
1711038,N/A,Unmapped
1711039,N/A,Unmapped
1711040,N/A,Unmapped
1711041,N/A,Unmapped
1711042,N/A,Unmapped
1711043,N/A,Unmapped
1711044,N/A,Unmapped
1711045,N/A,Unmapped
1711046,N/A,Unmapped
1711047,N/A,Unmapped
1711048,N/A,Unmapped
1711049,N/A,Unmapped
1711050,N/A,Unmapped
1711051,N/A,Unmapped
1711052,N/A,Unmapped
1711053,N/A,Unmapped
1711054,N/A,Unmapped
1711055,N/A,Unmapped
1711056,N/A,Unmapped
1711057,N/A,Unmapped
1711058,N/A,Unmapped
1711059,N/A,Unmapped
1711072,137343,Mapped
1711073,55440,Mapped
1711076,50982,Mapped
1711110,25715,Mapped
1711113,55441,Mapped
1711122,45778,Mapped
1711136,N/A,Unmapped
1711137,N/A,Unmapped
1711138,N/A,Unmapped
1711139,N/A,Unmapped
1711140,N/A,Unmapped
1711141,N/A,Unmapped
1711142,N/A,Unmapped
1711146,47990,Mapped
1712069,48148,Mapped
1712071,43860,Mapped
1712073,71750,Mapped
1712074,71751,Mapped
1712105,25744,Mapped
1712139,25748,Mapped
1712160,51026,Mapped
1712161,51027,Mapped
1712162,51028,Mapped
1712163,48150,Mapped
1712164,48151,Mapped
1712165,48152,Mapped
1712569,45700,Mapped
1712577,242,Mapped
1712583,48043,Mapped
1712584,48044,Mapped
1712595,48857,Mapped
1712596,48858,Mapped
1712684,57332,Mapped
1712685,57333,Mapped
1712700,50096,Mapped
1712701,50094,Mapped
1712702,50097,Mapped
1712725,47994,Mapped
1712726,48021,Mapped
1712727,48022,Mapped
1712731,45776,Mapped
1712733,45775,Mapped
1712872,N/A,Unmapped
1712873,N/A,Unmapped
1712874,N/A,Unmapped
1713075,55449,Mapped
1713078,46397,Mapped
1713083,57338,Mapped
1713084,57339,Mapped
1713085,57340,Mapped
1713089,45718,Mapped
1713090,55450,Mapped
1713101,56002,Mapped
1713103,32252,Mapped
1713104,46383,Mapped
1713105,46382,Mapped
1713106,46381,Mapped
1713107,32253,Mapped
1713108,46384,Mapped
1713110,48027,Mapped
1713113,46417,Mapped
1713114,47996,Mapped
1713115,48011,Mapped
1713117,48013,Mapped
1713118,46419,Mapped
1713119,46418,Mapped
1713121,46420,Mapped
1713140,25770,Mapped
1713142,25772,Mapped
1713145,25775,Mapped
1713149,55455,Mapped
1713157,57345,Mapped
1713822,N/A,Unmapped
1714239,51059,Mapped
1714240,51060,Mapped
1714852,55459,Mapped
1714853,55460,Mapped
1714854,55461,Mapped
1714861,69088,Mapped
1714864,69089,Mapped
1714865,68301,Mapped
1714868,68287,Mapped
1714869,68288,Mapped
1714870,68289,Mapped
1715499,150677,Mapped
1715525,55054,Mapped
1715526,75861,Mapped
1715537,45673,Mapped
1715538,45674,Mapped
1715539,45675,Mapped
1715541,55466,Mapped
1715542,51064,Mapped
1715543,51065,Mapped
1716037,55468,Mapped
1716094,46349,Mapped
1716095,46350,Mapped
1716096,46355,Mapped
1716097,46356,Mapped
1716098,46357,Mapped
1716103,48154,Mapped
1716104,44534,Mapped
1716167,57357,Mapped
1716172,N/A,Unmapped
1716173,N/A,Unmapped
1716183,N/A,Unmapped
1716184,N/A,Unmapped
1716185,N/A,Unmapped
1716186,N/A,Unmapped
1716187,N/A,Unmapped
1716188,N/A,Unmapped
1716189,N/A,Unmapped
1716190,N/A,Unmapped
1716194,75377,Mapped
1716203,55476,Mapped
1716204,57363,Mapped
1716205,55477,Mapped
1716206,55478,Mapped
1716208,57365,Mapped
1716209,55479,Mapped
1716210,55480,Mapped
1716211,55481,Mapped
1716212,55482,Mapped
1716281,46140,Mapped
1716284,46139,Mapped
1716299,57375,Mapped
1716323,45895,Mapped
1716335,156231,Mapped
1716336,46442,Mapped
1716445,13803,Mapped
1716455,49281,Mapped
1716468,45676,Mapped
1716469,45962,Mapped
1716474,N/A,Unmapped
1716509,N/A,Unmapped
1716510,N/A,Unmapped
1716511,N/A,Unmapped
1716514,111527,Mapped
1716535,48155,Mapped
1716536,48156,Mapped
1716537,48267,Mapped
1716801,51098,Mapped
1716802,55490,Mapped
1716826,46454,Mapped
1716828,46447,Mapped
1716829,46448,Mapped
1716830,46449,Mapped
1716831,62523,Mapped
1716832,46450,Mapped
1716833,46451,Mapped
1716834,62524,Mapped
1716837,46446,Mapped
1716838,46452,Mapped
1716842,55493,Mapped
1717035,N/A,Unmapped
1717047,57387,Mapped
1719499,N/A,Unmapped
1719501,N/A,Unmapped
1719504,N/A,Unmapped
1719506,N/A,Unmapped
1721162,155672,Mapped
1722021,54922,Mapped
1722025,53977,Mapped
1722026,55496,Mapped
1722067,75864,Mapped
1722139,88166,Mapped
1722141,32255,Mapped
1722142,43211,Mapped
1722143,43734,Mapped
1722144,55498,Mapped
1722166,45772,Mapped
1722167,45773,Mapped
1722230,N/A,Unmapped
1722282,55517,Mapped
1722286,44656,Mapped
1722646,48727,Mapped
1722657,51137,Mapped
1722679,45781,Mapped
1722705,46360,Mapped
1722706,44501,Mapped
1723085,57410,Mapped
1723086,57411,Mapped
1723652,55529,Mapped
1724096,55532,Mapped
1724536,55534,Mapped
1724540,57417,Mapped
1724541,78651,Mapped
1724548,45686,Mapped
1724549,45687,Mapped
1724554,45699,Mapped
1724560,57419,Mapped
1724561,57420,Mapped
1724562,57421,Mapped
1724589,57425,Mapped
1724693,48728,Mapped
1724694,48729,Mapped
1724703,45887,Mapped
1724713,51175,Mapped
1725576,55544,Mapped
1725585,47869,Mapped
1725597,55545,Mapped
1725598,55546,Mapped
1726028,45979,Mapped
1726036,44676,Mapped
1726038,55549,Mapped
1726041,45141,Mapped
1726042,45140,Mapped
1726044,55550,Mapped
1726127,60974,Mapped
1726129,46404,Mapped
1726164,55553,Mapped
1726167,55555,Mapped
1726172,55558,Mapped
1726173,48163,Mapped
1726174,48164,Mapped
1726175,48165,Mapped
1726229,48595,Mapped
1726230,48596,Mapped
1726237,55560,Mapped
1726238,55561,Mapped
1726244,88490,Mapped
1726251,87073,Mapped
1726268,49439,Mapped
1726269,49440,Mapped
1726270,49442,Mapped
1726271,49445,Mapped
1726272,49437,Mapped
1726307,56045,Mapped
1726330,48051,Mapped
1726347,51219,Mapped
1726364,44640,Mapped
1726366,44643,Mapped
1726368,44645,Mapped
172641,6501,Mapped
1726535,161271,Mapped
1726536,161272,Mapped
1726572,44311,Mapped
1726576,51228,Mapped
1726577,51229,Mapped
1726578,51230,Mapped
1726579,51231,Mapped
1726603,57479,Mapped
1726604,57480,Mapped
1726605,57481,Mapped
1726606,57482,Mapped
1726607,57483,Mapped
1726608,57484,Mapped
1726609,57485,Mapped
1726611,57487,Mapped
1726640,45769,Mapped
1726668,55570,Mapped
1726831,159242,Mapped
1726838,93125,Mapped
1726850,50446,Mapped
1726852,50456,Mapped
1726854,50477,Mapped
1726856,51243,Mapped
1726859,55577,Mapped
1726860,51245,Mapped
1726882,57505,Mapped
1726884,45630,Mapped
1726893,48718,Mapped
1727036,46123,Mapped
1727045,N/A,Unmapped
1727046,N/A,Unmapped
1727047,N/A,Unmapped
1727060,47232,Mapped
1727061,47231,Mapped
1727065,55578,Mapped
1727066,55579,Mapped
1727067,55580,Mapped
1727068,53928,Mapped
1727069,53929,Mapped
1727123,44497,Mapped
1727147,48000,Mapped
1727149,48020,Mapped
1727150,48057,Mapped
1727214,51255,Mapped
1727215,51256,Mapped
1727239,49593,Mapped
1727241,51267,Mapped
1727244,N/A,Unmapped
1727263,62191,Mapped
1727264,62192,Mapped
1727276,62199,Mapped
1727278,62201,Mapped
1727333,45758,Mapped
1727348,53568,Mapped
1727451,N/A,Unmapped
1727452,N/A,Unmapped
1727453,N/A,Unmapped
1727454,N/A,Unmapped
1727455,N/A,Unmapped
1727456,N/A,Unmapped
1727457,N/A,Unmapped
1727458,N/A,Unmapped
1727460,N/A,Unmapped
1727534,47288,Mapped
1727539,118282,Mapped
1727664,45739,Mapped
1727665,45740,Mapped
1727671,46342,Mapped
1727741,48737,Mapped
1727750,54080,Mapped
1727751,54081,Mapped
1727754,46416,Mapped
1727785,45879,Mapped
1727794,51281,Mapped
1727825,45790,Mapped
1727827,45791,Mapped
1727828,45789,Mapped
1727875,53574,Mapped
1727877,62213,Mapped
1727884,55583,Mapped
1727885,45762,Mapped
1727886,45763,Mapped
1727887,45764,Mapped
1727892,48174,Mapped
1727897,55586,Mapped
1728595,N/A,Unmapped
1728639,N/A,Unmapped
1728642,N/A,Unmapped
1728645,N/A,Unmapped
1728646,N/A,Unmapped
1728647,N/A,Unmapped
1728651,N/A,Unmapped
1728653,N/A,Unmapped
1728657,N/A,Unmapped
1728668,N/A,Unmapped
1728671,N/A,Unmapped
1728677,N/A,Unmapped
1728687,N/A,Unmapped
1728698,N/A,Unmapped
1728699,N/A,Unmapped
1728702,N/A,Unmapped
1728704,N/A,Unmapped
1728709,N/A,Unmapped
1728710,N/A,Unmapped
1728712,N/A,Unmapped
1728715,N/A,Unmapped
1728716,N/A,Unmapped
1728717,N/A,Unmapped
1728718,N/A,Unmapped
1728722,N/A,Unmapped
1728723,N/A,Unmapped
1728729,N/A,Unmapped
1728733,N/A,Unmapped
1728734,N/A,Unmapped
1728743,N/A,Unmapped
1728747,N/A,Unmapped
1728748,N/A,Unmapped
1728749,N/A,Unmapped
1728750,N/A,Unmapped
1728761,N/A,Unmapped
1728774,N/A,Unmapped
1728775,N/A,Unmapped
1728776,N/A,Unmapped
1728777,N/A,Unmapped
1728778,N/A,Unmapped
1728781,N/A,Unmapped
1728782,N/A,Unmapped
1728783,N/A,Unmapped
1728787,N/A,Unmapped
1728795,N/A,Unmapped
1728798,N/A,Unmapped
1728800,N/A,Unmapped
1728803,N/A,Unmapped
1728805,N/A,Unmapped
1728808,N/A,Unmapped
1728821,N/A,Unmapped
1728828,N/A,Unmapped
1728829,N/A,Unmapped
1728831,N/A,Unmapped
1728840,N/A,Unmapped
1728847,N/A,Unmapped
1728848,N/A,Unmapped
1728849,N/A,Unmapped
1728850,N/A,Unmapped
1728856,N/A,Unmapped
1728858,N/A,Unmapped
1728869,N/A,Unmapped
1728880,N/A,Unmapped
1728883,N/A,Unmapped
1728888,N/A,Unmapped
1728891,N/A,Unmapped
1728892,N/A,Unmapped
1728896,N/A,Unmapped
1728897,N/A,Unmapped
1728898,N/A,Unmapped
1728905,N/A,Unmapped
1728906,N/A,Unmapped
1728913,N/A,Unmapped
1728917,N/A,Unmapped
1728920,N/A,Unmapped
1728938,N/A,Unmapped
1728939,N/A,Unmapped
1728940,N/A,Unmapped
1728985,65542,Mapped
1728986,60226,Mapped
1728987,77279,Mapped
1728988,86609,Mapped
1729071,56066,Mapped
1729074,45872,Mapped
1729252,46319,Mapped
1729257,60986,Mapped
1729264,45615,Mapped
1729279,135330,Mapped
1729304,55603,Mapped
1729616,50463,Mapped
1729617,45755,Mapped
1729635,57572,Mapped
1729640,46433,Mapped
1729698,74238,Mapped
1729699,74239,Mapped
1729700,74240,Mapped
1729717,59782,Mapped
1729718,59783,Mapped
1729719,49030,Mapped
1729720,49031,Mapped
1729721,49032,Mapped
1729722,49033,Mapped
1729723,49034,Mapped
1729724,49035,Mapped
1729725,49036,Mapped
1729726,49037,Mapped
1729727,57584,Mapped
1729735,55616,Mapped
1729738,63440,Mapped
1729798,55619,Mapped
1729810,161273,Mapped
1730049,55620,Mapped
1730098,45793,Mapped
1730104,N/A,Unmapped
1730120,46609,Mapped
1730122,46612,Mapped
1730137,158742,Mapped
1730138,158739,Mapped
1730139,161274,Mapped
1730140,161275,Mapped
1730141,161276,Mapped
1730165,55862,Mapped
1730195,57608,Mapped
1730196,78652,Mapped
1730208,48632,Mapped
1730209,51361,Mapped
1730216,45889,Mapped
1730217,48180,Mapped
1730261,57612,Mapped
1730262,57613,Mapped
1730263,57614,Mapped
1730270,51366,Mapped
1730271,N/A,Unmapped
1730272,N/A,Unmapped
1730273,N/A,Unmapped
1730274,N/A,Unmapped
1730479,122105,Mapped
1730499,161277,Mapped
1730500,161281,Mapped
1730508,74370,Mapped
1730509,61006,Mapped
1730524,55628,Mapped
1730530,48183,Mapped
1730533,55633,Mapped
1730606,55635,Mapped
1730609,48184,Mapped
1730610,65443,Mapped
1730611,48185,Mapped
1730612,166823,Mapped
1730613,48186,Mapped
1730614,49286,Mapped
1730684,50038,Mapped
1730686,50442,Mapped
1730688,50443,Mapped
1730702,54084,Mapped
1730708,48421,Mapped
1730709,48422,Mapped
1730710,48423,Mapped
1730712,48425,Mapped
1730714,51382,Mapped
1730806,45806,Mapped
1730990,51388,Mapped
1730991,51389,Mapped
1731020,57623,Mapped
1733520,55646,Mapped
1733527,55647,Mapped
1733528,48188,Mapped
1733529,48189,Mapped
1733540,55648,Mapped
1733544,46544,Mapped
1733546,46549,Mapped
1733557,98731,Mapped
1733571,55649,Mapped
1733585,55650,Mapped
1733587,55651,Mapped
1733592,46571,Mapped
1733600,48194,Mapped
1733617,62045,Mapped
1733618,N/A,Unmapped
1733655,46723,Mapped
1733667,54181,Mapped
1733737,70658,Mapped
1733741,70657,Mapped
1733758,N/A,Unmapped
1733759,N/A,Unmapped
1733775,55653,Mapped
1733776,55654,Mapped
1734079,48195,Mapped
1734080,48196,Mapped
1734081,48197,Mapped
1734109,N/A,Unmapped
1734127,47925,Mapped
1734132,47930,Mapped
1734280,49041,Mapped
1734281,49042,Mapped
1734304,102420,Mapped
1734321,58166,Mapped
1734323,55659,Mapped
1734326,55661,Mapped
1734328,61014,Mapped
1734342,93126,Mapped
1734448,46443,Mapped
1734505,48076,Mapped
1734506,48077,Mapped
1734605,N/A,Unmapped
1734606,N/A,Unmapped
1734611,N/A,Unmapped
1734642,68916,Mapped
1734651,55670,Mapped
1734652,55671,Mapped
1734654,55672,Mapped
1734659,51472,Mapped
1734660,51473,Mapped
1734662,50035,Mapped
173725,6507,Mapped
173726,6508,Mapped
173728,6506,Mapped
173729,12543,Mapped
173731,6505,Mapped
173743,12544,Mapped
173744,6511,Mapped
173745,6513,Mapped
173746,6510,Mapped
173747,6515,Mapped
1737515,57651,Mapped
1737517,57652,Mapped
1737533,N/A,Unmapped
1738554,59798,Mapped
1738558,55674,Mapped
1738561,62048,Mapped
1738562,62049,Mapped
1738564,62051,Mapped
1738565,62052,Mapped
1738570,58171,Mapped
1738593,75607,Mapped
1738596,59799,Mapped
1738622,53981,Mapped
1738623,53982,Mapped
1738630,86615,Mapped
1739049,54190,Mapped
1739051,49406,Mapped
1739052,46439,Mapped
1739090,60234,Mapped
1739095,58176,Mapped
1739537,N/A,Unmapped
1739547,57657,Mapped
1739567,51476,Mapped
1739568,59804,Mapped
1739569,59805,Mapped
1739570,59806,Mapped
1739593,55680,Mapped
1739597,55683,Mapped
1739598,56109,Mapped
1739599,149190,Mapped
1739600,56111,Mapped
1739601,57667,Mapped
1739771,55684,Mapped
1739776,56331,Mapped
1739780,55686,Mapped
1739781,55687,Mapped
1739783,62220,Mapped
1739784,57669,Mapped
1739785,62221,Mapped
1739789,48748,Mapped
1739790,48749,Mapped
1739793,48752,Mapped
1739794,48753,Mapped
1739797,49541,Mapped
1739798,49525,Mapped
1739808,51478,Mapped
1739850,N/A,Unmapped
1739851,N/A,Unmapped
1739852,N/A,Unmapped
1739853,N/A,Unmapped
1739893,55698,Mapped
1739894,55699,Mapped
1739911,55703,Mapped
1739912,55704,Mapped
1739913,55705,Mapped
1739914,63140,Mapped
1739915,63141,Mapped
1739916,63142,Mapped
1739917,62224,Mapped
1739918,62225,Mapped
1739929,51491,Mapped
1739963,55720,Mapped
1739964,56124,Mapped
1739965,55721,Mapped
1739979,55729,Mapped
1740131,56114,Mapped
1740132,56115,Mapped
1740133,54197,Mapped
1740178,68351,Mapped
1740179,68352,Mapped
1740189,72519,Mapped
1740190,54986,Mapped
1740210,55735,Mapped
1740211,55736,Mapped
1740212,55737,Mapped
1740259,51547,Mapped
1740260,55738,Mapped
1740262,51548,Mapped
1740263,55052,Mapped
1740270,58185,Mapped
1740271,58186,Mapped
1740313,59833,Mapped
1740332,56132,Mapped
1740333,56133,Mapped
1740335,56402,Mapped
1740340,56407,Mapped
1740349,56416,Mapped
1740784,137345,Mapped
1740818,58666,Mapped
1740824,51531,Mapped
1740827,51532,Mapped
1740831,51533,Mapped
1740832,N/A,Unmapped
1740833,N/A,Unmapped
1740834,N/A,Unmapped
1740835,N/A,Unmapped
1740836,N/A,Unmapped
1740837,N/A,Unmapped
1740838,N/A,Unmapped
1740839,N/A,Unmapped
1740840,N/A,Unmapped
1740841,N/A,Unmapped
1740842,N/A,Unmapped
1740843,N/A,Unmapped
1740844,N/A,Unmapped
1740845,N/A,Unmapped
1740846,N/A,Unmapped
1740847,N/A,Unmapped
1740848,N/A,Unmapped
1740849,N/A,Unmapped
1740850,N/A,Unmapped
1740851,N/A,Unmapped
1740852,N/A,Unmapped
1740853,N/A,Unmapped
1740854,N/A,Unmapped
1740855,N/A,Unmapped
1740856,N/A,Unmapped
1740857,N/A,Unmapped
1740858,N/A,Unmapped
1740859,N/A,Unmapped
1740860,N/A,Unmapped
1740861,N/A,Unmapped
1740862,N/A,Unmapped
1740863,N/A,Unmapped
1740864,N/A,Unmapped
1740865,N/A,Unmapped
1740866,N/A,Unmapped
1740867,N/A,Unmapped
1740868,N/A,Unmapped
1740869,N/A,Unmapped
1740870,N/A,Unmapped
1740871,N/A,Unmapped
1740872,N/A,Unmapped
1740873,N/A,Unmapped
1740874,N/A,Unmapped
1740888,51538,Mapped
1740934,N/A,Unmapped
1740935,N/A,Unmapped
1740945,N/A,Unmapped
1740947,N/A,Unmapped
1740983,50112,Mapped
1741001,161278,Mapped
1741002,161279,Mapped
1741015,55755,Mapped
1741027,71775,Mapped
1741028,71776,Mapped
1741029,71777,Mapped
1741030,71778,Mapped
1741031,71779,Mapped
1741971,66825,Mapped
1742174,55708,Mapped
1742176,56116,Mapped
1742183,55710,Mapped
1742184,55711,Mapped
1742187,51507,Mapped
1742188,51508,Mapped
1742191,56120,Mapped
1742192,56121,Mapped
1742845,54207,Mapped
1742846,54208,Mapped
1742847,54209,Mapped
1742863,51529,Mapped
1742865,N/A,Unmapped
1742916,57704,Mapped
1742932,51558,Mapped
1742935,58187,Mapped
1742936,55744,Mapped
1742937,56130,Mapped
1742949,127079,Mapped
1743018,56144,Mapped
1743019,59840,Mapped
1743062,61857,Mapped
1743065,56125,Mapped
1743066,56126,Mapped
1743079001,54213,Mapped
1743079002,54214,Mapped
1743085,55750,Mapped
1743104,50032,Mapped
1743107,55752,Mapped
1743117,55753,Mapped
1743118,58189,Mapped
1743119,61048,Mapped
1743190,51578,Mapped
1743236,51622,Mapped
1743240,51626,Mapped
1743380,71783,Mapped
1743461,51697,Mapped
1743463,51699,Mapped
1743464,51700,Mapped
1743465,51701,Mapped
1743533,60241,Mapped
1743534,60242,Mapped
1743578,56443,Mapped
1744087,N/A,Unmapped
1744091,N/A,Unmapped
1744095,N/A,Unmapped
1744096,N/A,Unmapped
1744097,116099,Mapped
1744098,N/A,Unmapped
1744125,56449,Mapped
1744132,56456,Mapped
1744135,56459,Mapped
1744147,56146,Mapped
1744179,58194,Mapped
1744180,58195,Mapped
1744181,58196,Mapped
1744203,144623,Mapped
1744213,57741,Mapped
1744234,61519,Mapped
1744257,61070,Mapped
1744258,61071,Mapped
1744260,61073,Mapped
1744261,61074,Mapped
1744262,152832,Mapped
1744263,61076,Mapped
1744264,61077,Mapped
1744266,55766,Mapped
1744267,55767,Mapped
1744289,61088,Mapped
1744625,55051,Mapped
1744626,55043,Mapped
1744627,55046,Mapped
1744628,51703,Mapped
1744725,55824,Mapped
1744728,55123,Mapped
1744801,56200,Mapped
1744802,56201,Mapped
1744803,56157,Mapped
1744805,55773,Mapped
1744827,58764,Mapped
1745036,60244,Mapped
1745050,51727,Mapped
1745052,51729,Mapped
1745053,51730,Mapped
1745318,55831,Mapped
1745319,55832,Mapped
1745321,71784,Mapped
1745322,71785,Mapped
1745330,56160,Mapped
1745352,61527,Mapped
1745353,61528,Mapped
1745393,N/A,Unmapped
1745394,N/A,Unmapped
1745406,N/A,Unmapped
1745407,N/A,Unmapped
1745408,N/A,Unmapped
1745412,117006,Mapped
1745508,N/A,Unmapped
1745553,61532,Mapped
1745554,61533,Mapped
1745555,61534,Mapped
1745560,N/A,Unmapped
1745561,N/A,Unmapped
1745562,N/A,Unmapped
1745563,N/A,Unmapped
1745564,N/A,Unmapped
1745565,N/A,Unmapped
1745566,N/A,Unmapped
1745567,N/A,Unmapped
1745568,N/A,Unmapped
1745569,N/A,Unmapped
1745579,57752,Mapped
1746243,59852,Mapped
1746244,59853,Mapped
1746246,59855,Mapped
1746247,59856,Mapped
1746248,59857,Mapped
1746249,59858,Mapped
1746251,59860,Mapped
1746252,59861,Mapped
1746253,59862,Mapped
1746562,57764,Mapped
1746565,57767,Mapped
1746566,57768,Mapped
1746571,57772,Mapped
1746572,55786,Mapped
1746577,57774,Mapped
1746578,72929,Mapped
1746583,59888,Mapped
1746584,59889,Mapped
1746586,N/A,Unmapped
1746647,59897,Mapped
1747062,56167,Mapped
1747063,51747,Mapped
1747064,50483,Mapped
1747065,50460,Mapped
1747163,61105,Mapped
1747164,55799,Mapped
1747166,61107,Mapped
1747168,53725,Mapped
1747169,53726,Mapped
1747185,57780,Mapped
1747186,57781,Mapped
1747193,57782,Mapped
1747194,57783,Mapped
1747195,57784,Mapped
1747196,57785,Mapped
1747211,61112,Mapped
1747212,61113,Mapped
1747217,51776,Mapped
1747218,51777,Mapped
1747547,94551,Mapped
1747553,59879,Mapped
1747569,57754,Mapped
1747571,50079,Mapped
1747605,51771,Mapped
1747606,55795,Mapped
1747607,51772,Mapped
1747612,61100,Mapped
1747613,58213,Mapped
1747614,58214,Mapped
1747615,58215,Mapped
1748099,55789,Mapped
1748100,55790,Mapped
1748101,55791,Mapped
1748104,56176,Mapped
1748105,55792,Mapped
1748107,55794,Mapped
1748170,59907,Mapped
1748173,59910,Mapped
1748175,59912,Mapped
1748176,59913,Mapped
1748177,59914,Mapped
1748178,59915,Mapped
1748179,59916,Mapped
1748181,59918,Mapped
1748182,59919,Mapped
1748183,59920,Mapped
1748184,59921,Mapped
1748185,59922,Mapped
1748186,59923,Mapped
1748187,93135,Mapped
1748197,61115,Mapped
1748203,53728,Mapped
1748313,87280,Mapped
1748622,68527,Mapped
1748657,54112,Mapped
1748658,54113,Mapped
1748660,58785,Mapped
1748669,166957,Mapped
1749079,61119,Mapped
1749547,61121,Mapped
1749548,61122,Mapped
1749550,55833,Mapped
1749551,55834,Mapped
1749552,55835,Mapped
1749577,75867,Mapped
1749594,N/A,Unmapped
1749595,N/A,Unmapped
1749596,N/A,Unmapped
1749598,N/A,Unmapped
1749599,N/A,Unmapped
1749647,54121,Mapped
1749648,54122,Mapped
1749649,54123,Mapped
1749668,N/A,Unmapped
1749669,N/A,Unmapped
1749685,65482,Mapped
1749686,65483,Mapped
1749687,65484,Mapped
1749688,65485,Mapped
1749689,65486,Mapped
1749694,61153,Mapped
1749758,94552,Mapped
1749763,58245,Mapped
1749813,60264,Mapped
1749815,60266,Mapped
1749878,62554,Mapped
1749879,62555,Mapped
1750021,N/A,Unmapped
1750053,74007,Mapped
1750063,74014,Mapped
1750065,74011,Mapped
1750067,74010,Mapped
1750068,74009,Mapped
1750088,73911,Mapped
1750089,73912,Mapped
1750090,73913,Mapped
1750096,58219,Mapped
1750097,58220,Mapped
1750127,55813,Mapped
1750128,N/A,Unmapped
1750129,N/A,Unmapped
1750130,N/A,Unmapped
1750131,N/A,Unmapped
1750136,83835,Mapped
1750137,83836,Mapped
1750138,99515,Mapped
1750139,N/A,Unmapped
1750141,83837,Mapped
1750142,99478,Mapped
1750145,83839,Mapped
1750146,83840,Mapped
1750147,83841,Mapped
1750148,N/A,Unmapped
1750162,83842,Mapped
1750163,83843,Mapped
1750165,83845,Mapped
1750166,83846,Mapped
1750177,70772,Mapped
1750178,70773,Mapped
1750245,59985,Mapped
1750246,59986,Mapped
1750298,65520,Mapped
1750299,65521,Mapped
1750317,55850,Mapped
1750318,55817,Mapped
1750326,82829,Mapped
1750431,55820,Mapped
1750439,62268,Mapped
1750450,58870,Mapped
1750451,58871,Mapped
1750452,58872,Mapped
1750453,58873,Mapped
1750454,58874,Mapped
1750457,73743,Mapped
1750458,73744,Mapped
1750459,65432,Mapped
1750462,N/A,Unmapped
1750463,N/A,Unmapped
1750464,N/A,Unmapped
1750465,N/A,Unmapped
1750475,62526,Mapped
1750476,62527,Mapped
1750554,61135,Mapped
1750557,61876,Mapped
1750559,61878,Mapped
1750564,57815,Mapped
1750572,65435,Mapped
1750576,55856,Mapped
1750577,55857,Mapped
1750578,55858,Mapped
1750598,58832,Mapped
1750599,58833,Mapped
1750616,58222,Mapped
1750617,58223,Mapped
1750654,N/A,Unmapped
1750655,N/A,Unmapped
1750668,59998,Mapped
1750669,59999,Mapped
1750670,60000,Mapped
1750671,60001,Mapped
1750818,54124,Mapped
1750819,54125,Mapped
1750826,68509,Mapped
1750842,68606,Mapped
1750847,68518,Mapped
1750859,75611,Mapped
1750866,72503,Mapped
1750905,60023,Mapped
1750906,60024,Mapped
1750907,60025,Mapped
1750908,60026,Mapped
1750910,60028,Mapped
1750934,65835,Mapped
1750978,65150,Mapped
1751015,56564,Mapped
1751054,57813,Mapped
1751055,55808,Mapped
1751057,59938,Mapped
1751058,59939,Mapped
1751061,59942,Mapped
1751063,59944,Mapped
1751064,59945,Mapped
1751065,59946,Mapped
1751067,59948,Mapped
1751068,59949,Mapped
1751069,59950,Mapped
1751071,59952,Mapped
1751072,59953,Mapped
1751073,59954,Mapped
1751075,59956,Mapped
1751076,59957,Mapped
1751080,59961,Mapped
1751081,59962,Mapped
1751085,61869,Mapped
1751090,61874,Mapped
1751092,55809,Mapped
1751093,57814,Mapped
1751418,58821,Mapped
1751419,58822,Mapped
1751427,55812,Mapped
1751446,57816,Mapped
1751447,57817,Mapped
1751448,57818,Mapped
1751450,62242,Mapped
1751496,57823,Mapped
1751535,53730,Mapped
1751537,161280,Mapped
1751538,161282,Mapped
1751553,N/A,Unmapped
1751554,N/A,Unmapped
1751555,N/A,Unmapped
1751556,N/A,Unmapped
1751557,N/A,Unmapped
1751558,N/A,Unmapped
1751562,N/A,Unmapped
1751567,N/A,Unmapped
1751572,62243,Mapped
1751578,58858,Mapped
1751587,55859,Mapped
1751605,60022,Mapped
1751606,61167,Mapped
1751607,61168,Mapped
1751638,62538,Mapped
1751640,62540,Mapped
1751675,61181,Mapped
1751676,61182,Mapped
1752038,61142,Mapped
1752057,60253,Mapped
1752058,60254,Mapped
1752062,61143,Mapped
1752082,63072,Mapped
1752083,87474,Mapped
1752101,62547,Mapped
1752103,60031,Mapped
1752208,93071,Mapped
1752543,74372,Mapped
1752544,73918,Mapped
1752545,73919,Mapped
1752561,60018,Mapped
1752619,N/A,Unmapped
1752620,69051,Mapped
1752621,69048,Mapped
1752631,60037,Mapped
1752657,N/A,Unmapped
1753042,62057,Mapped
1753576,56611,Mapped
1753613,61204,Mapped
1753617,58264,Mapped
1753660,61214,Mapped
1754568,91009,Mapped
1754594,74364,Mapped
1755041,62064,Mapped
1755098,62075,Mapped
1755099,62076,Mapped
1755100,62077,Mapped
1755168,60098,Mapped
1755199,62080,Mapped
1755403,N/A,Unmapped
1755404,N/A,Unmapped
1755405,N/A,Unmapped
1755406,N/A,Unmapped
1755407,N/A,Unmapped
1755411,N/A,Unmapped
1755412,N/A,Unmapped
1755414,N/A,Unmapped
1755415,N/A,Unmapped
1755416,N/A,Unmapped
1755417,N/A,Unmapped
1755418,N/A,Unmapped
1755420,N/A,Unmapped
1755421,N/A,Unmapped
1755423,N/A,Unmapped
1755443,61300,Mapped
1755444,61301,Mapped
1755445,84583,Mapped
1755454,62106,Mapped
1755457,62109,Mapped
1755458,62110,Mapped
1755472,61310,Mapped
1755495,62115,Mapped
1755496,62116,Mapped
1755539,N/A,Unmapped
1755544,N/A,Unmapped
1755555,N/A,Unmapped
1755556,N/A,Unmapped
1755557,N/A,Unmapped
1755558,N/A,Unmapped
1755559,N/A,Unmapped
1755561,N/A,Unmapped
1755562,N/A,Unmapped
1755595,61220,Mapped
1755599,61222,Mapped
1755600,61223,Mapped
1755601,61224,Mapped
1755602,61225,Mapped
1755603,61226,Mapped
1755630,55003,Mapped
1755631,55004,Mapped
1755651,70166,Mapped
1755652,70167,Mapped
1755653,70168,Mapped
1755656,62085,Mapped
1755657,60281,Mapped
1755795,65628,Mapped
1755838,N/A,Unmapped
1755839,N/A,Unmapped
1755847,62499,Mapped
1755856,164383,Mapped
1755861,63483,Mapped
1755862,63484,Mapped
1755866,72931,Mapped
1755899,65656,Mapped
1755902,65658,Mapped
1755903,65659,Mapped
1755904,65660,Mapped
1755905,65661,Mapped
1755906,65662,Mapped
1755907,65663,Mapped
1755925,68764,Mapped
1756038,N/A,Unmapped
1756048,59011,Mapped
1756051,56630,Mapped
1756094,61263,Mapped
1756095,61264,Mapped
1756096,63065,Mapped
1756097,61265,Mapped
1756098,61266,Mapped
1756099,61267,Mapped
1756100,61268,Mapped
1756105,94553,Mapped
1756117,N/A,Unmapped
1756118,N/A,Unmapped
1756119,N/A,Unmapped
1756120,N/A,Unmapped
1756121,N/A,Unmapped
1756122,N/A,Unmapped
1756123,N/A,Unmapped
1756124,N/A,Unmapped
1756125,N/A,Unmapped
1756158,66645,Mapped
1756159,66646,Mapped
1756160,66647,Mapped
1756161,66648,Mapped
1756164,66651,Mapped
1756165,66652,Mapped
1756167,66654,Mapped
1756170,61349,Mapped
1756172,61351,Mapped
1756193,61360,Mapped
1756196,57921,Mapped
1756197,57940,Mapped
1756198,57941,Mapped
1756199,57942,Mapped
1756200,57944,Mapped
1756201,57945,Mapped
1756203,57947,Mapped
1756271,77992,Mapped
1756274,82594,Mapped
1756275,62286,Mapped
1756470,96110,Mapped
1756572,N/A,Unmapped
1756573,N/A,Unmapped
1756583,N/A,Unmapped
1756584,N/A,Unmapped
1756585,N/A,Unmapped
1756587,N/A,Unmapped
1756588,N/A,Unmapped
1756590,62078,Mapped
1756592,62079,Mapped
1756593,N/A,Unmapped
1756594,N/A,Unmapped
1756598,N/A,Unmapped
1756600,N/A,Unmapped
1756602,N/A,Unmapped
1756603,N/A,Unmapped
1756604,N/A,Unmapped
1756605,N/A,Unmapped
1756606,N/A,Unmapped
1756607,N/A,Unmapped
1756608,N/A,Unmapped
1756609,N/A,Unmapped
1756610,N/A,Unmapped
1756611,N/A,Unmapped
1756615,N/A,Unmapped
1756616,N/A,Unmapped
1756618,N/A,Unmapped
1756620,N/A,Unmapped
1756621,N/A,Unmapped
1756626,N/A,Unmapped
1756642,61258,Mapped
1756643,61259,Mapped
1756644,61260,Mapped
1756645,61261,Mapped
1756647,62088,Mapped
1756648,62089,Mapped
1756707,72520,Mapped
1756730,60343,Mapped
1756763,63083,Mapped
1756764,63084,Mapped
1756766,63086,Mapped
1757210,60099,Mapped
1757211,60100,Mapped
1757242,62102,Mapped
1757243,62103,Mapped
1757244,67270,Mapped
1757311,70178,Mapped
1757315,62122,Mapped
1757316,61320,Mapped
1757317,61321,Mapped
1757318,61322,Mapped
1757328,62125,Mapped
1757337,62129,Mapped
1757338,62130,Mapped
1757339,62131,Mapped
1757374,62132,Mapped
1757375,62133,Mapped
1757377,62135,Mapped
1757379,66661,Mapped
1757438,167013,Mapped
1757439,167016,Mapped
1757440,167020,Mapped
1757441,167021,Mapped
1757449,68978,Mapped
1757451,57943,Mapped
1757453,57948,Mapped
1757464,77552,Mapped
1757505,70187,Mapped
1757506,70188,Mapped
1757565,63922,Mapped
1757569,62310,Mapped
1757603,65586,Mapped
1757604,65587,Mapped
1757605,65588,Mapped
1757606,65589,Mapped
1757650,63929,Mapped
1757651,63930,Mapped
1757652,65592,Mapped
1757671,62347,Mapped
1757738,77577,Mapped
1757739,77578,Mapped
1757742,65606,Mapped
1757743,65607,Mapped
1757744,68759,Mapped
1757746,63409,Mapped
1757767,147175,Mapped
1757783,63069,Mapped
1757784,63070,Mapped
1757807,62496,Mapped
1757841,63612,Mapped
1757862,62887,Mapped
1757864,62889,Mapped
1757865,63974,Mapped
1757873,76120,Mapped
1757874,76121,Mapped
1757875,111055,Mapped
1757876,76122,Mapped
1757878,76123,Mapped
1757879,76124,Mapped
1757880,76125,Mapped
1757898001,63377,Mapped
1757898002,63378,Mapped
1757919,65646,Mapped
1757947,63504,Mapped
1757948,63505,Mapped
1758173,69916,Mapped
1758175,62326,Mapped
1758223,81618,Mapped
1758224,81619,Mapped
1758232,62394,Mapped
1758235,62397,Mapped
1758249,63613,Mapped
1758268,65624,Mapped
1758269,65625,Mapped
1758270,65626,Mapped
1758585,62375,Mapped
1758611,65598,Mapped
1758645,63630,Mapped
1758646,63631,Mapped
1758647,63632,Mapped
1758657,62414,Mapped
1758658,62415,Mapped
1759974,71491,Mapped
1760893,63938,Mapped
1760899,63944,Mapped
1761138,65635,Mapped
1761139,65173,Mapped
1761140,65172,Mapped
1761141,69207,Mapped
1761167,67809,Mapped
1761169,108181,Mapped
1761174,63977,Mapped
1761177,89999,Mapped
1761178,90000,Mapped
1761179,90001,Mapped
1761180,90002,Mapped
1761181,90003,Mapped
1761182,90004,Mapped
1761183,90005,Mapped
1761184,90006,Mapped
1761185,90007,Mapped
1761186,90008,Mapped
1761187,90009,Mapped
1761188,90010,Mapped
1761210,62893,Mapped
1761211,62894,Mapped
1761220,62981,Mapped
1761263,164384,Mapped
1761269,149786,Mapped
1762123,63569,Mapped
1762125,63571,Mapped
1762128,63574,Mapped
1762129,63575,Mapped
1762138,65696,Mapped
1762139,65697,Mapped
1763647,63524,Mapped
1763648,63525,Mapped
1763654,63531,Mapped
1763667,65536,Mapped
1763672,89315,Mapped
1763676,75410,Mapped
1763677,75411,Mapped
1763679,75413,Mapped
1763680,75414,Mapped
1763681,75415,Mapped
1763682,75416,Mapped
1763685,75417,Mapped
1763711,63553,Mapped
1763806,N/A,Unmapped
1764292,67822,Mapped
1764504,63406,Mapped
1764506,65654,Mapped
1764507,65655,Mapped
1765985,65664,Mapped
1765986,65665,Mapped
1766497,65175,Mapped
1766498,65176,Mapped
1766503,65691,Mapped
1766506,65160,Mapped
1766507,65161,Mapped
1766508,65162,Mapped
1766509,65163,Mapped
1766510,65156,Mapped
1766511,65157,Mapped
1766512,65158,Mapped
1766514,65843,Mapped
1766515,72575,Mapped
1766516,72574,Mapped
1766519,66752,Mapped
1766522,65703,Mapped
1766529,65140,Mapped
1766533,65144,Mapped
1766534,65707,Mapped
1766556,63542,Mapped
1766735,65683,Mapped
1766737,71617,Mapped
1766790,69568,Mapped
1767149,65710,Mapped
1767151,65711,Mapped
1767155,65715,Mapped
1767156,75617,Mapped
1767157,65716,Mapped
1767159,68761,Mapped
1767160,68762,Mapped
1767161,68763,Mapped
1767536,65718,Mapped
1767537,65719,Mapped
1768058,63903,Mapped
1768068,75619,Mapped
1768069,72401,Mapped
1768070,72402,Mapped
1768071,72403,Mapped
1768072,72404,Mapped
1768073,72405,Mapped
1768074,75620,Mapped
1768075,72406,Mapped
1768076,72407,Mapped
1768077,72408,Mapped
1768078,75878,Mapped
1768079,72409,Mapped
1768098,63933,Mapped
1768101,64017,Mapped
1768102,64018,Mapped
1768103,64019,Mapped
1768105,64021,Mapped
1768120,156233,Mapped
1768121,75621,Mapped
1768124,75622,Mapped
1768128,156235,Mapped
1768135,77982,Mapped
1768136,77983,Mapped
1768171,64048,Mapped
1768178,97130,Mapped
1768179,97148,Mapped
1768180,97030,Mapped
1768243,68693,Mapped
1768250,65823,Mapped
1768251,65824,Mapped
1768252,65825,Mapped
1768253,65826,Mapped
1768256,77579,Mapped
1768257,69591,Mapped
1768276,72934,Mapped
1768538,64040,Mapped
1768539,64041,Mapped
1768540,64042,Mapped
1768541,64043,Mapped
1768542,64044,Mapped
1768543,64045,Mapped
1768554,93154,Mapped
1768555,93155,Mapped
1768556,93156,Mapped
1768557,93157,Mapped
1768599,67823,Mapped
1768676,72998,Mapped
1768677,72999,Mapped
1768680,69592,Mapped
1768689,68884,Mapped
1768711,74728,Mapped
1768745,67319,Mapped
1768747,67321,Mapped
1768756,67330,Mapped
1768780,73749,Mapped
1768785,72422,Mapped
1768786,72423,Mapped
1768793,100574,Mapped
1768794,99295,Mapped
1768795,99294,Mapped
1769046,73968,Mapped
1769052,74720,Mapped
1769116,70878,Mapped
1769145,65814,Mapped
1769146,67816,Mapped
1769150,65818,Mapped
1769151,65819,Mapped
1769152,65820,Mapped
1769153,65821,Mapped
1769360,N/A,Unmapped
1769415,72420,Mapped
1769425,67324,Mapped
1769454,69601,Mapped
1769535,75488,Mapped
1769552,65512,Mapped
1769553,65513,Mapped
1769585,69584,Mapped
1769589,65183,Mapped
1769590,65177,Mapped
1769591,150489,Mapped
1769631,67335,Mapped
1769632,67336,Mapped
1769633,67337,Mapped
1770112,N/A,Unmapped
1770125,72413,Mapped
1770126,75644,Mapped
1770127,75645,Mapped
1770128,75646,Mapped
1770129,72414,Mapped
1770130,72415,Mapped
1770131,75647,Mapped
1770132,75896,Mapped
1770133,75648,Mapped
1770134,75649,Mapped
1770135,75897,Mapped
1770136,75898,Mapped
1770137,75899,Mapped
1770142,68162,Mapped
1770281,N/A,Unmapped
1770305,65989,Mapped
1770313,162685,Mapped
1770318,N/A,Unmapped
1770321,74243,Mapped
1770322,74244,Mapped
1770323,74245,Mapped
1770554,65734,Mapped
1770579,74531,Mapped
1770592,89466,Mapped
1770604,65749,Mapped
1770606,68691,Mapped
1770618,65760,Mapped
1770645,65768,Mapped
1770646,65769,Mapped
1770687,69927,Mapped
1770688,69928,Mapped
1770689,69929,Mapped
1770690,69930,Mapped
1771048,76196,Mapped
1771080,77554,Mapped
1771123,88386,Mapped
1771124,88387,Mapped
1771126,88389,Mapped
1771127,88390,Mapped
1771130,88393,Mapped
1771133,88396,Mapped
1771149,88448,Mapped
1771152,88451,Mapped
1771160,88459,Mapped
1771161,88460,Mapped
1771163,88462,Mapped
1771164,88463,Mapped
1771166,88465,Mapped
1771167,88466,Mapped
1771180,67346,Mapped
1771183,72424,Mapped
1771197,97149,Mapped
1771266,69061,Mapped
1771267,68247,Mapped
1771268,68246,Mapped
1771535,72382,Mapped
1771541,70902,Mapped
1771542,70903,Mapped
1771543,70904,Mapped
1771552,76126,Mapped
1771555,75655,Mapped
1771556,75916,Mapped
1771557,75917,Mapped
1771558,75656,Mapped
1771559,N/A,Unmapped
1771560,N/A,Unmapped
1771571,72432,Mapped
1771572,72433,Mapped
1771590,93159,Mapped
1771591,93160,Mapped
1771592,95485,Mapped
1771637,74069,Mapped
1771639,74071,Mapped
1771640,74072,Mapped
1771641,68735,Mapped
1771664,94557,Mapped
1771665,95109,Mapped
1771666,95486,Mapped
1771670,116047,Mapped
1771716,139774,Mapped
1771783,69848,Mapped
1772035,68742,Mapped
1772040,72568,Mapped
1772041,74729,Mapped
1772042,72569,Mapped
1772043,74730,Mapped
1772044,74731,Mapped
1772045,72570,Mapped
1772067,75922,Mapped
1772244,71809,Mapped
1772245,71810,Mapped
1772249,71814,Mapped
1772253,69938,Mapped
1772289,68731,Mapped
1772290,68721,Mapped
1772291,68719,Mapped
1772343,70793,Mapped
1772347,75360,Mapped
1772348,N/A,Unmapped
1772565,86620,Mapped
1772570,75661,Mapped
1772597,N/A,Unmapped
1772992,68737,Mapped
1772993,68724,Mapped
1772994,68729,Mapped
1772995,75936,Mapped
1772997,71825,Mapped
1772998,69235,Mapped
1773000,N/A,Unmapped
1773097,67923,Mapped
1773098,67949,Mapped
1773101,88478,Mapped
1773106,152908,Mapped
1773217,N/A,Unmapped
1773218,N/A,Unmapped
1773221,75495,Mapped
1773222,75496,Mapped
1773224,75498,Mapped
1773225,75499,Mapped
1773226,75500,Mapped
1773227,75501,Mapped
1773231,82525,Mapped
1773232,80305,Mapped
1773315,68933,Mapped
1773317,68926,Mapped
1773318,68925,Mapped
1773319,68929,Mapped
1773320,68928,Mapped
1773323,68923,Mapped
1773328,68924,Mapped
1773349,150165,Mapped
1773358,73754,Mapped
1773410,98268,Mapped
1773411,69233,Mapped
1773412,69230,Mapped
1773431,72442,Mapped
1773432,72443,Mapped
1773433,72444,Mapped
1773434,72445,Mapped
1773440,75667,Mapped
1773553,72448,Mapped
1773554,72449,Mapped
1773638,68934,Mapped
1773639,74082,Mapped
1773640,93167,Mapped
1774039,69215,Mapped
1774047,68703,Mapped
1774048,68711,Mapped
1774049,68732,Mapped
1774050,68709,Mapped
1774052,68702,Mapped
1774053,82549,Mapped
1774055,75298,Mapped
1774056,75299,Mapped
1774541,N/A,Unmapped
1774543,N/A,Unmapped
1774544,N/A,Unmapped
1774545,N/A,Unmapped
1774546,N/A,Unmapped
1774547,N/A,Unmapped
1774548,N/A,Unmapped
1774549,N/A,Unmapped
1774550,N/A,Unmapped
1774551,N/A,Unmapped
1774552,N/A,Unmapped
1774553,N/A,Unmapped
1774555,N/A,Unmapped
1774557,113697,Mapped
1774558,N/A,Unmapped
1774559,N/A,Unmapped
1774563,N/A,Unmapped
1774564,N/A,Unmapped
1774570,N/A,Unmapped
1774571,N/A,Unmapped
1774572,N/A,Unmapped
1774574,N/A,Unmapped
1774575,N/A,Unmapped
1774606,69951,Mapped
1774607,69952,Mapped
1775035,69238,Mapped
1775036,154309,Mapped
1775037,69240,Mapped
1775056,69246,Mapped
1775210,69247,Mapped
1775211,69248,Mapped
1775277,75941,Mapped
1775289,70087,Mapped
1775348,132348,Mapped
1775377,72457,Mapped
1775378,75945,Mapped
1775379,75946,Mapped
1775386,75947,Mapped
1775387,75948,Mapped
1775505,71024,Mapped
1775576002,70085,Mapped
1775576003,82588,Mapped
1775576004,82589,Mapped
1775576005,81001,Mapped
1775576006,81002,Mapped
1775671,74536,Mapped
1775672,74537,Mapped
1775673,74538,Mapped
1775681,70725,Mapped
1775683,70724,Mapped
1775722,73925,Mapped
1775723,73926,Mapped
1775753,70859,Mapped
1776006,72593,Mapped
1776007,72594,Mapped
1776008,72595,Mapped
1776009,72596,Mapped
1776010,72597,Mapped
1776011,72598,Mapped
1776012,72599,Mapped
1776013,72600,Mapped
1776032,71561,Mapped
1776034,75707,Mapped
1776147,69649,Mapped
1776152,75942,Mapped
1776170,71017,Mapped
1776171,71018,Mapped
1776177,98769,Mapped
1776187,77441,Mapped
1776247,77134,Mapped
1776572,75670,Mapped
1776573,75671,Mapped
1776577,69244,Mapped
1776578,69245,Mapped
1776813,71849,Mapped
1776814,71850,Mapped
1776815,71851,Mapped
1776816,71852,Mapped
1776817,71853,Mapped
1776835,70732,Mapped
1776836,76129,Mapped
1776867,70733,Mapped
1776920,77377,Mapped
1776944,N/A,Unmapped
1777035,71585,Mapped
1777041,71591,Mapped
1777045,69218,Mapped
1777202,70800,Mapped
1777209,74085,Mapped
1777212,77445,Mapped
1777213,77446,Mapped
1777218,77451,Mapped
1777221,83695,Mapped
1777305,74533,Mapped
1777307,80306,Mapped
1777308,80307,Mapped
1777309,80308,Mapped
1777318,70706,Mapped
1777474,70744,Mapped
1777478,N/A,Unmapped
1777479,N/A,Unmapped
1777551,70072,Mapped
1777552,81886,Mapped
1777574,70097,Mapped
1777579,70295,Mapped
1777580,70296,Mapped
1777582,70298,Mapped
1777601,70717,Mapped
1777602,70689,Mapped
1777603,70714,Mapped
1777608,70686,Mapped
1777620,74542,Mapped
1777621,85461,Mapped
1777632,70477,Mapped
1777649,70742,Mapped
1777955,75388,Mapped
1777956,75958,Mapped
1778035,108948,Mapped
1778056,81238,Mapped
1778058,70966,Mapped
1778061,70969,Mapped
1778062,70970,Mapped
1778063,70971,Mapped
1778082,81240,Mapped
1778088,70987,Mapped
1778092,98146,Mapped
1778096,108620,Mapped
1778099,70991,Mapped
1778100,70992,Mapped
1778107,121004,Mapped
1778127,75680,Mapped
1778131,70094,Mapped
1778151,75685,Mapped
1778153,75687,Mapped
1778154,75688,Mapped
1778155,75689,Mapped
1778156,75953,Mapped
1778278,82775,Mapped
1778305,97498,Mapped
1778306,97594,Mapped
1778307,N/A,Unmapped
1778508,74094,Mapped
1778519,74917,Mapped
1778521,74919,Mapped
1778522,74920,Mapped
1782288,71037,Mapped
1782289,82876,Mapped
1782306,N/A,Unmapped
1782307,N/A,Unmapped
1782332,71116,Mapped
1782336,88479,Mapped
1782352,71547,Mapped
1782353,71548,Mapped
1782354,71549,Mapped
1782355,71550,Mapped
1782370,71560,Mapped
1782372,73897,Mapped
1782373,73898,Mapped
1782375,73899,Mapped
1782456,73757,Mapped
1782459,71657,Mapped
1782476,73766,Mapped
1782483,95113,Mapped
1782485,N/A,Unmapped
1782497,95051,Mapped
1782498,95052,Mapped
1782534,72623,Mapped
1783045,71072,Mapped
1783049,N/A,Unmapped
1783050,N/A,Unmapped
1783051,N/A,Unmapped
1783391,N/A,Unmapped
1783474,75468,Mapped
1783601,160206,Mapped
1783606,75693,Mapped
1783607,75694,Mapped
1783608,75695,Mapped
1783609,75964,Mapped
1783610,75696,Mapped
1783611,75965,Mapped
1783612,75697,Mapped
1783613,75966,Mapped
1783614,75967,Mapped
1783616,71073,Mapped
1783617,71074,Mapped
1783618,71075,Mapped
1783619,71076,Mapped
1783623,72572,Mapped
1783630,71082,Mapped
1783631,71083,Mapped
1783632,93191,Mapped
1783633,88480,Mapped
1783634,88481,Mapped
1783635,93192,Mapped
1783636,93193,Mapped
1783637,94799,Mapped
1784103,79789,Mapped
1784135,76328,Mapped
1784162,71873,Mapped
1784210,93195,Mapped
1784223,73780,Mapped
1784255,74545,Mapped
1784278,87285,Mapped
1784279,79742,Mapped
1784280,79743,Mapped
1784285,81924,Mapped
1784295,76206,Mapped
1784296,76207,Mapped
1784297,73014,Mapped
1784298,73015,Mapped
1784326,75720,Mapped
1784426,73024,Mapped
1784427,73025,Mapped
1784431,73027,Mapped
1784472,74617,Mapped
1784477,73879,Mapped
1784486,80316,Mapped
1784487,80317,Mapped
1784488,80318,Mapped
1784505,N/A,Unmapped
1784506,75508,Mapped
1784508,75509,Mapped
1784511,75511,Mapped
1784512,75512,Mapped
1784516,75515,Mapped
1784517,75516,Mapped
1784518,75517,Mapped
1784519,75518,Mapped
1784527,74111,Mapped
1784528,74112,Mapped
1784531,74115,Mapped
1784662,N/A,Unmapped
1784673,N/A,Unmapped
1784770,73927,Mapped
1784771,73928,Mapped
1784772,73929,Mapped
1784823,76739,Mapped
1784827,76741,Mapped
1785203,N/A,Unmapped
1785222,168439,Mapped
1785223,168440,Mapped
1785260,82777,Mapped
1785261,71870,Mapped
1785262,71871,Mapped
1785263,71872,Mapped
1785289,74385,Mapped
1785290,74386,Mapped
1785291,71874,Mapped
1785318,71659,Mapped
1785319,71660,Mapped
1785320,71656,Mapped
1785321,71661,Mapped
1785322,71662,Mapped
1785323,76106,Mapped
1785324,76107,Mapped
1785332,N/A,Unmapped
1785334,N/A,Unmapped
1785335,N/A,Unmapped
1785345,81602,Mapped
1785867,N/A,Unmapped
1785872,128515,Mapped
1785926,125897,Mapped
1786084,92026,Mapped
1786206,73770,Mapped
1786230,83605,Mapped
1786232,81242,Mapped
1786233,81243,Mapped
1786249,72477,Mapped
1786250,72478,Mapped
1786252,72480,Mapped
1786253,72481,Mapped
1786254,72482,Mapped
1786357,73018,Mapped
1786358,80939,Mapped
1786367,73053,Mapped
1786396,73999,Mapped
1786414,73881,Mapped
1786415,73882,Mapped
1786417,88009,Mapped
1786419,81932,Mapped
1786420,85462,Mapped
1786453,81426,Mapped
1786731,71562,Mapped
1786732,71563,Mapped
1786777,73760,Mapped
1786853,72613,Mapped
1786856,72616,Mapped
1786857,72617,Mapped
1786860,72620,Mapped
1786914,168196,Mapped
1786936,73557,Mapped
1786937,73558,Mapped
1786941,N/A,Unmapped
1786945,73556,Mapped
1786947,73822,Mapped
1786948,74921,Mapped
1786949,74922,Mapped
1786950,74923,Mapped
1786952,N/A,Unmapped
1786953,N/A,Unmapped
1786954,73824,Mapped
1786959,N/A,Unmapped
1786970,89351,Mapped
1787035,75712,Mapped
1787036,75713,Mapped
1787037,73765,Mapped
1787038,75714,Mapped
1787039,75971,Mapped
1787040,75972,Mapped
1787079,80309,Mapped
1787087,71670,Mapped
1787108,72469,Mapped
1787122,76109,Mapped
1787123,76110,Mapped
1787132,72487,Mapped
1787133,72488,Mapped
1787135,161284,Mapped
1787145,72642,Mapped
1787147,72644,Mapped
1787218,73823,Mapped
1787228,73834,Mapped
1787229,73835,Mapped
1787324,93201,Mapped
1787368,N/A,Unmapped
1787383,N/A,Unmapped
1787408,N/A,Unmapped
1787423,N/A,Unmapped
1787441,N/A,Unmapped
1787443,N/A,Unmapped
1787572,74543,Mapped
1787596001,73011,Mapped
1787596002,73012,Mapped
1787597001,74028,Mapped
1787597002,74002,Mapped
1787599001,78222,Mapped
1787599005,89405,Mapped
1787599006,120204,Mapped
1787599007,120043,Mapped
1787600002,75353,Mapped
1787658,73562,Mapped
1787679,73857,Mapped
1787688,81450,Mapped
1787694,78789,Mapped
1787698,74555,Mapped
1787700,132952,Mapped
1787733,93207,Mapped
1787734,93208,Mapped
1787743,78796,Mapped
1787747,78800,Mapped
1787752,78805,Mapped
1788979,73732,Mapped
1788991,73847,Mapped
1789025,73021,Mapped
1789026,N/A,Unmapped
1789051,80311,Mapped
1789052,80312,Mapped
1789053,80313,Mapped
1789054,80314,Mapped
1789055,80315,Mapped
1789085,74620,Mapped
1789089,74249,Mapped
1789090,74250,Mapped
1789118,73946,Mapped
1789119,73947,Mapped
1789120,73948,Mapped
1789126,74116,Mapped
1789132,74304,Mapped
1789538,73994,Mapped
1789548,79850,Mapped
1789581,79881,Mapped
1789603,95492,Mapped
1789615,73930,Mapped
1789616,73038,Mapped
1789618,73040,Mapped
1789622,N/A,Unmapped
1789624,72978,Mapped
1789635,167029,Mapped
1789662,75723,Mapped
1789672,81876,Mapped
1789691,74624,Mapped
1789715,N/A,Unmapped
1789716,N/A,Unmapped
1789727,75519,Mapped
1789731,74144,Mapped
1789736,74100,Mapped
1789787,74117,Mapped
1789788,74118,Mapped
1789789,74119,Mapped
1789790,74120,Mapped
1789791,74121,Mapped
1789792,74122,Mapped
1790196,N/A,Unmapped
1790227,81772,Mapped
1790228,81773,Mapped
1790262,75506,Mapped
1790263,80212,Mapped
1790270,73950,Mapped
1790271,73951,Mapped
1790272,73952,Mapped
1790273,73953,Mapped
1790748,73873,Mapped
1790753,73878,Mapped
1790757,77138,Mapped
1790759,86622,Mapped
1790762,73892,Mapped
1790766,73893,Mapped
1790774,74639,Mapped
1790809,73942,Mapped
1790810,73943,Mapped
1790813,75520,Mapped
1790814,75521,Mapped
1790815,75522,Mapped
1790816,75523,Mapped
1790817,75524,Mapped
1790818,75525,Mapped
1790819,75526,Mapped
1790820,75527,Mapped
1790822,73954,Mapped
1790829,73957,Mapped
1790830,73958,Mapped
1790831,73959,Mapped
1790864,N/A,Unmapped
1791043,73935,Mapped
1791044,75432,Mapped
1791716,74162,Mapped
1792043,75982,Mapped
1792044,75983,Mapped
1792543,74404,Mapped
1792551,74252,Mapped
1792562,74480,Mapped
1792564,74482,Mapped
1792568,74486,Mapped
1792592,79744,Mapped
1792620,76213,Mapped
1792621,76214,Mapped
1792623,91091,Mapped
1792632,75530,Mapped
1792634,75532,Mapped
1793035,75986,Mapped
1793048,75737,Mapped
1793049,75992,Mapped
1793053,74254,Mapped
1793076,74429,Mapped
1793077,74430,Mapped
1793078,74431,Mapped
1793079,74432,Mapped
1793088,148750,Mapped
1793089,75384,Mapped
1793097,74656,Mapped
1793103,76010,Mapped
1793117,74567,Mapped
1793118,74568,Mapped
1793122,75533,Mapped
1793558,77314,Mapped
1793561,100193,Mapped
1793562,100190,Mapped
1793563,95715,Mapped
1793564,89092,Mapped
1793565,100192,Mapped
1793566,100195,Mapped
1793567,95716,Mapped
1793568,75529,Mapped
1793571,75750,Mapped
1793578,74576,Mapped
1793579,74577,Mapped
1793586,74579,Mapped
1793587,74580,Mapped
1794036,74261,Mapped
1794037,74262,Mapped
1794038,74263,Mapped
1794045,82786,Mapped
1794047,76007,Mapped
1794092,74445,Mapped
1794094,74447,Mapped
1794095,74448,Mapped
1794096,74449,Mapped
1794106,152819,Mapped
1794110,88098,Mapped
1794564,76005,Mapped
1794577,77139,Mapped
1794601,74453,Mapped
1794606,N/A,Unmapped
1794607,N/A,Unmapped
1794614,96402,Mapped
1794617,95495,Mapped
1794619,89878,Mapped
1794620,95496,Mapped
1794625,95497,Mapped
1794676,77140,Mapped
1794677,77141,Mapped
1794704,74743,Mapped
1794705,74744,Mapped
1795047,166236,Mapped
1795048,166237,Mapped
1795049,166235,Mapped
1795056,95494,Mapped
1795557,74455,Mapped
1795561,74459,Mapped
1795562,74460,Mapped
1796061,74749,Mapped
1796062,N/A,Unmapped
1796076,76013,Mapped
1796077,76014,Mapped
1796088,N/A,Unmapped
1796090,N/A,Unmapped
1796118,N/A,Unmapped
1796119,N/A,Unmapped
1796122,N/A,Unmapped
1796178,74901,Mapped
1796179,78824,Mapped
1796180,78825,Mapped
1796189,74993,Mapped
1796192,106601,Mapped
1796258,75546,Mapped
1796259,75547,Mapped
1796272,78827,Mapped
1796273,78828,Mapped
1796276,91017,Mapped
1796277,91018,Mapped
1796278,91019,Mapped
1796279,91020,Mapped
1796280,91021,Mapped
1796341,76039,Mapped
1796353,75481,Mapped
1796549,74926,Mapped
1796550,74927,Mapped
1796552,74929,Mapped
1796553,74903,Mapped
1796560,87662,Mapped
1796561,87663,Mapped
1796564,87286,Mapped
1796584,74951,Mapped
1796585,74952,Mapped
1796641,76029,Mapped
1797040,74752,Mapped
1797041,81256,Mapped
1797060,74942,Mapped
1797061,74943,Mapped
1797074,74944,Mapped
1797075,74945,Mapped
1797076,74946,Mapped
1797077,74904,Mapped
1797078,74947,Mapped
1797079,74948,Mapped
1797080,74950,Mapped
1797105,N/A,Unmapped
1797106,97158,Mapped
1797107,93034,Mapped
1797133,76031,Mapped
1797135,76033,Mapped
1797136,75774,Mapped
1797137,75775,Mapped
1797568,N/A,Unmapped
1797569,N/A,Unmapped
1797570,N/A,Unmapped
1797584,75362,Mapped
1797585,75363,Mapped
1797669,76020,Mapped
1797692,93218,Mapped
1797700,87667,Mapped
1797701,87668,Mapped
1798039,76112,Mapped
1798048,93211,Mapped
1798049,93212,Mapped
1798050,93213,Mapped
1798065,96892,Mapped
1798066,94568,Mapped
1798068,94569,Mapped
1798069,94570,Mapped
1798070,121969,Mapped
1798117,76017,Mapped
1798126,75436,Mapped
1798127,75437,Mapped
1798128,75438,Mapped
1798130,75440,Mapped
1798133,75443,Mapped
1798134,75444,Mapped
1798135,75445,Mapped
1798136,75446,Mapped
1798137,75447,Mapped
1798139,75449,Mapped
1798140,75450,Mapped
1798142,75452,Mapped
1798146,75456,Mapped
1798149,75459,Mapped
1798152,84641,Mapped
1798153,82363,Mapped
1798154,84642,Mapped
1798177,93223,Mapped
1798178,88746,Mapped
1798179,88747,Mapped
1798190,75462,Mapped
1798196,75776,Mapped
1798554,76377,Mapped
1798648,N/A,Unmapped
1798649,N/A,Unmapped
1798650,N/A,Unmapped
1798651,N/A,Unmapped
1798652,N/A,Unmapped
1798653,N/A,Unmapped
1798654,N/A,Unmapped
1798655,N/A,Unmapped
1798664,76038,Mapped
1798665,76277,Mapped
1798678,166280,Mapped
1799037,74761,Mapped
1799038,74762,Mapped
1799039,74763,Mapped
1799040,74764,Mapped
1799540,75236,Mapped
1799542,75238,Mapped
1799544,75240,Mapped
1799575,76026,Mapped
1799576,75770,Mapped
1800112,81925,Mapped
1800290,N/A,Unmapped
1800291,N/A,Unmapped
1800307,82583,Mapped
1800316,111526,Mapped
1800336,76146,Mapped
1800342,75824,Mapped
1800368,82631,Mapped
1800448,84960,Mapped
1800449,84961,Mapped
1800451,80352,Mapped
1800459,84483,Mapped
1800462,76260,Mapped
1800466,92276,Mapped
1800478,81852,Mapped
1800502,77155,Mapped
1800503,117065,Mapped
1800524,87671,Mapped
1800535,75426,Mapped
1800537,75428,Mapped
1800586,75483,Mapped
1800621,75559,Mapped
1800622,75560,Mapped
1800780,87287,Mapped
1800787,79509,Mapped
1800788,82502,Mapped
1800789,82503,Mapped
1800790,83460,Mapped
1800791,87484,Mapped
1800792,83461,Mapped
1800794,82504,Mapped
1800795,87486,Mapped
1800796,87487,Mapped
1800797,N/A,Unmapped
1800798,N/A,Unmapped
1800799,87490,Mapped
1800800,83462,Mapped
1800802,82505,Mapped
1800803,82506,Mapped
1800805,83465,Mapped
1800806,85463,Mapped
1800807,83466,Mapped
1800808,83467,Mapped
1800809,83468,Mapped
1800810,82573,Mapped
1800811,82507,Mapped
1800812,82508,Mapped
1800813,82509,Mapped
1800814,83469,Mapped
1800815,87491,Mapped
1800816,83470,Mapped
1800817,83471,Mapped
1800818,83472,Mapped
1800819,79750,Mapped
1800833,77476,Mapped
1800834,77477,Mapped
1800842,77485,Mapped
1800844,77487,Mapped
1800845,77488,Mapped
1800848,77489,Mapped
1800855,77496,Mapped
1800858,77497,Mapped
1800861,77500,Mapped
1800913,83856,Mapped
1800914,83023,Mapped
1800919,76500,Mapped
1800922,76501,Mapped
1801038,N/A,Unmapped
1801039,N/A,Unmapped
1801046,93230,Mapped
1801063,82526,Mapped
1801134,82597,Mapped
1801135,82598,Mapped
1801136,82581,Mapped
1801137,82582,Mapped
1801176,101570,Mapped
1801187,75809,Mapped
1801199,91096,Mapped
1801284,88170,Mapped
1801300,N/A,Unmapped
1801302,97140,Mapped
1801309,89461,Mapped
1801310,81877,Mapped
1801311,82562,Mapped
1801326,83854,Mapped
1801327,83855,Mapped
1801349,89879,Mapped
1801356,80057,Mapped
1801539,98803,Mapped
1801540,97877,Mapped
1801541,97139,Mapped
1801542,97595,Mapped
1801571,N/A,Unmapped
1801580,76047,Mapped
1801582,76048,Mapped
1801584,75786,Mapped
1801595,76055,Mapped
1801596,76056,Mapped
1801597,76057,Mapped
1801667,76229,Mapped
1801669,82611,Mapped
1801670,82612,Mapped
1801671,82613,Mapped
1801672,82614,Mapped
1801674,82616,Mapped
1801691,107736,Mapped
1801692,107738,Mapped
1801764,77158,Mapped
1801765,77159,Mapped
1802089,76041,Mapped
1802090,76042,Mapped
1802092,75781,Mapped
1802095,88583,Mapped
1802097,88585,Mapped
1802162,82838,Mapped
1802163,167018,Mapped
1802168,75798,Mapped
1802169,76061,Mapped
1802170,76062,Mapped
1802171,75799,Mapped
1802172,135447,Mapped
1802174,89469,Mapped
1802175,127343,Mapped
1802176,N/A,Unmapped
1802177,N/A,Unmapped
1802178,N/A,Unmapped
1802179,N/A,Unmapped
1802180,N/A,Unmapped
1802181,N/A,Unmapped
1802184,96116,Mapped
1802210,95121,Mapped
1802211,95122,Mapped
1802214,117763,Mapped
1802215,96425,Mapped
1802216,96117,Mapped
1802217,94579,Mapped
1802218,130974,Mapped
1802235,76222,Mapped
1802236,76223,Mapped
1802237,76224,Mapped
1802238,76225,Mapped
1802239,76226,Mapped
1802263,76231,Mapped
1802264,76115,Mapped
1802266,76233,Mapped
1802267,76234,Mapped
1802278,80050,Mapped
1802280,80051,Mapped
1802281,80052,Mapped
1802283,76236,Mapped
1802305,87288,Mapped
1802308,82364,Mapped
1802309,82365,Mapped
1802310,82366,Mapped
1802311,82367,Mapped
1802312,82368,Mapped
1802313,84646,Mapped
1802340,84648,Mapped
1802341,84649,Mapped
1802344,84593,Mapped
1802566,77473,Mapped
1802567,77474,Mapped
1802568,77475,Mapped
1802575,79749,Mapped
1802598,130983,Mapped
1802634,100055,Mapped
1802656,76069,Mapped
1802657,76070,Mapped
1802679,76463,Mapped
1802690,93257,Mapped
1802695,82610,Mapped
1802700,76242,Mapped
1802701,80929,Mapped
1802702,78831,Mapped
1802703,80056,Mapped
1802739,87674,Mapped
1802740,87675,Mapped
1802743,81955,Mapped
1802744,81956,Mapped
1802745,81957,Mapped
1802746,81958,Mapped
1802747,81959,Mapped
1802764,84434,Mapped
1802766,84650,Mapped
1802767,84651,Mapped
1802768,84652,Mapped
1802769,84653,Mapped
1802771,84655,Mapped
1802775,89883,Mapped
1803090,N/A,Unmapped
1803108,N/A,Unmapped
1803111,76861,Mapped
1804052,81455,Mapped
1804535,77171,Mapped
1804536,77172,Mapped
1804537,77173,Mapped
1804538,77562,Mapped
1804553,76503,Mapped
1804554,N/A,Unmapped
1804555,76505,Mapped
1804557,76507,Mapped
1804665,81320,Mapped
1804667,81322,Mapped
1804672,93263,Mapped
1804673,93264,Mapped
1804674,77078,Mapped
1804675,77075,Mapped
1804678,77080,Mapped
1804679,77081,Mapped
1804687,97154,Mapped
1804729,98978,Mapped
1804730,98977,Mapped
1804736,78893,Mapped
1804806,N/A,Unmapped
1804818,89175,Mapped
1804820,77403,Mapped
1805079001,77563,Mapped
1805079002,77564,Mapped
1805079003,77565,Mapped
1805079004,77566,Mapped
1805088,77189,Mapped
1805089,77190,Mapped
1805090,77191,Mapped
1805093,77194,Mapped
1805111,77398,Mapped
1805113,78896,Mapped
1805114,78897,Mapped
1805392,90377,Mapped
1805537,86631,Mapped
1805544,88752,Mapped
1805547,93268,Mapped
1805553001,77366,Mapped
1805553002,77389,Mapped
1805623,77178,Mapped
1805633,77207,Mapped
1806035,80062,Mapped
1806036,80063,Mapped
1806037,80064,Mapped
1806057,86632,Mapped
1806058,86633,Mapped
1806083,83698,Mapped
1806115,77210,Mapped
1806116,77211,Mapped
1806119,90975,Mapped
1806262,78857,Mapped
1806263,93279,Mapped
1806265,78902,Mapped
1806266,78903,Mapped
1806297,166505,Mapped
1806304,125296,Mapped
1806324,159150,Mapped
1806360,158975,Mapped
1806470,N/A,Unmapped
1806500,86057,Mapped
1806501,86061,Mapped
1806502,86075,Mapped
1806507,86064,Mapped
1806516,86068,Mapped
1806518,86066,Mapped
1806521,86074,Mapped
1806522,135455,Mapped
1806531,86063,Mapped
1806541,87680,Mapped
1806544,80066,Mapped
1806546,77182,Mapped
1806577,83706,Mapped
1806578,77392,Mapped
1806579,77393,Mapped
1806580,77394,Mapped
1807037,76510,Mapped
1807038,79707,Mapped
1807045,83609,Mapped
1807046,78027,Mapped
1807054,82642,Mapped
1807055,82643,Mapped
1807061,77187,Mapped
1807062,77188,Mapped
1807067,78845,Mapped
1807081,78861,Mapped
1807100,78869,Mapped
1807101,78898,Mapped
1807102,78899,Mapped
1807108,88753,Mapped
1807109,77399,Mapped
1807110,77400,Mapped
1807112,82618,Mapped
1807182,90904,Mapped
1807208,77537,Mapped
1807875,78847,Mapped
1807876,78848,Mapped
1807877,78849,Mapped
1807878,78850,Mapped
1807879,78851,Mapped
1807883,78855,Mapped
1807931,78039,Mapped
1808004,81324,Mapped
1808005,81325,Mapped
1808006,81785,Mapped
1808016,80328,Mapped
1808294,77592,Mapped
1808295,86634,Mapped
1808390,78659,Mapped
1808391,78660,Mapped
1808397,167678,Mapped
1808856,77402,Mapped
1809037,86095,Mapped
1809040,86091,Mapped
1809048,86081,Mapped
1809640,N/A,Unmapped
1809681,130976,Mapped
1809682,130978,Mapped
1809967,95334,Mapped
1809968,95335,Mapped
1809991,168678,Mapped
1810323,81723,Mapped
1810526,N/A,Unmapped
1810579,78939,Mapped
1811521,77404,Mapped
1811522,77568,Mapped
1811524,83709,Mapped
1812145,77569,Mapped
1812254,83518,Mapped
1812269,83710,Mapped
1812270,83711,Mapped
1812274,77574,Mapped
1812275,77575,Mapped
1812279,80218,Mapped
1812280,81786,Mapped
1812281,81787,Mapped
1812401,85434,Mapped
1812402,85435,Mapped
1812528,81281,Mapped
1812865,77406,Mapped
1812866,77407,Mapped
1812867,78944,Mapped
1813551,N/A,Unmapped
1813568,N/A,Unmapped
1813569,N/A,Unmapped
1813570,N/A,Unmapped
1813571,N/A,Unmapped
1813577,77589,Mapped
1813578,77590,Mapped
1813691,78516,Mapped
1813694,78519,Mapped
1813696,78521,Mapped
1813697,78522,Mapped
1813698,78554,Mapped
1813710,78528,Mapped
1813711,78529,Mapped
1813712,78965,Mapped
1813713,78966,Mapped
1813716,78537,Mapped
1813731,N/A,Unmapped
1813732,N/A,Unmapped
1813733,78981,Mapped
1813736,78984,Mapped
1813740,89891,Mapped
1813741,79527,Mapped
1813742,79528,Mapped
1813744,79530,Mapped
1813745,79531,Mapped
1813746,79532,Mapped
1813768,96428,Mapped
1813770,93311,Mapped
1813777,82533,Mapped
1813778,82534,Mapped
1813779,82535,Mapped
1813783,84436,Mapped
1814664,96165,Mapped
1815225,77593,Mapped
1815226,77594,Mapped
1815227,77595,Mapped
1815229,78955,Mapped
1815230,82520,Mapped
1815236,77602,Mapped
181537,164725,Mapped
181539,164724,Mapped
1815490,N/A,Unmapped
1815648,79520,Mapped
1815649,79521,Mapped
1815650,80215,Mapped
1815651,80216,Mapped
1815820,93295,Mapped
1816877,N/A,Unmapped
1816879,82568,Mapped
1816959,83382,Mapped
1816963,81396,Mapped
1816965,81398,Mapped
1816969,81402,Mapped
1816979,94589,Mapped
1816983,81327,Mapped
1816984,81304,Mapped
1817177,79560,Mapped
1817178,79561,Mapped
1817180,79563,Mapped
1817183,80335,Mapped
1817184,81326,Mapped
1817196,78988,Mapped
1817199,81857,Mapped
1817212001,80165,Mapped
1817212003,80167,Mapped
1817593,81927,Mapped
1817594,81926,Mapped
1817595,81934,Mapped
1817599,112614,Mapped
1818035,N/A,Unmapped
1818047,98090,Mapped
1818048,90018,Mapped
1818549,78997,Mapped
1818556,83876,Mapped
1818566,80086,Mapped
1818585,N/A,Unmapped
1818586,N/A,Unmapped
1818587,N/A,Unmapped
1818593,83491,Mapped
1819039,80247,Mapped
1819040,80248,Mapped
1819089,84666,Mapped
1819095,87516,Mapped
1819101,89061,Mapped
1819102,89062,Mapped
1819103,89063,Mapped
1819104,89064,Mapped
1819105,89065,Mapped
1819106,89066,Mapped
1819107,89067,Mapped
1819108,89068,Mapped
1819109,89069,Mapped
1819110,89070,Mapped
1819111,89071,Mapped
1819112,89072,Mapped
1819113,89073,Mapped
1819114,89074,Mapped
1819115,89075,Mapped
1819116,89076,Mapped
1819117,89077,Mapped
1819118,89078,Mapped
1819150,81331,Mapped
1819185,101984,Mapped
1819186,101983,Mapped
1819187,93337,Mapped
1819188,98808,Mapped
1819190,93339,Mapped
1819193,85454,Mapped
1819194,85455,Mapped
1819195,85453,Mapped
1819196,85456,Mapped
1819199,116068,Mapped
1819205,82620,Mapped
1819211,84039,Mapped
1819242,86938,Mapped
1819243,95340,Mapped
1819244,95341,Mapped
1819261,81824,Mapped
1819263,81826,Mapped
1819439,N/A,Unmapped
1819500,82036,Mapped
1819517,93394,Mapped
1819518,93395,Mapped
1819549,80008,Mapped
1819568,80027,Mapped
1819587,80219,Mapped
1819600,82539,Mapped
1819606,88014,Mapped
1819607,93322,Mapped
1819631,95315,Mapped
1819633,91008,Mapped
1819736,83050,Mapped
1819737,83051,Mapped
1819738,83052,Mapped
1819739,83053,Mapped
1819740,83054,Mapped
1819748,83712,Mapped
1819749,82846,Mapped
1819754,N/A,Unmapped
1819755,N/A,Unmapped
1819806,80996,Mapped
1819807,80997,Mapped
1819821001,80346,Mapped
1819821002,80347,Mapped
1819824,81468,Mapped
1819825,82604,Mapped
1819826,82599,Mapped
1819827,82600,Mapped
1819841,83751,Mapped
1819844,81489,Mapped
1819846,81491,Mapped
1819852,81497,Mapped
1819865,81505,Mapped
1819869,81509,Mapped
1819870,81510,Mapped
1819871,81511,Mapped
1819932,N/A,Unmapped
1819933,N/A,Unmapped
1819934,N/A,Unmapped
1819935,N/A,Unmapped
1819936,N/A,Unmapped
1819937,N/A,Unmapped
1819938,N/A,Unmapped
1819939,N/A,Unmapped
1819940,N/A,Unmapped
1819941,N/A,Unmapped
1819944,81541,Mapped
1819945,81303,Mapped
1819947,81543,Mapped
1819948,81544,Mapped
1819957,81545,Mapped
1819958,81546,Mapped
1819959,81547,Mapped
1819960,81548,Mapped
1819995,81582,Mapped
1820001,81586,Mapped
1820031,81594,Mapped
1820042,80120,Mapped
1820043,80121,Mapped
1820044,80122,Mapped
1820045,80123,Mapped
1820046,80124,Mapped
1820047,80125,Mapped
1820060,89896,Mapped
1820061,89897,Mapped
1820071,81328,Mapped
1820072,81329,Mapped
1820073,81330,Mapped
1820074,83614,Mapped
1820075,84049,Mapped
1820077,93324,Mapped
1820095,97680,Mapped
1820096,95338,Mapped
1820097,95339,Mapped
1820098,94595,Mapped
1820149,87071,Mapped
1820150,87072,Mapped
1820153,87076,Mapped
1820180,81872,Mapped
1820181,81874,Mapped
1820205,97122,Mapped
1820252,81554,Mapped
1820253,81555,Mapped
1820254,81556,Mapped
1820255,81557,Mapped
1820256,81558,Mapped
1820274,83480,Mapped
1820276,83482,Mapped
1820278,83484,Mapped
1820279,83485,Mapped
1820280,82621,Mapped
1820282,82623,Mapped
1820292,94624,Mapped
1820447,95139,Mapped
1820453,93396,Mapped
1820459,N/A,Unmapped
1820460,84604,Mapped
1820464,81942,Mapped
1820544,88266,Mapped
1820588,82844,Mapped
1820589,82845,Mapped
1820638,83858,Mapped
1820645,81464,Mapped
1820646,80255,Mapped
1820647,93325,Mapped
1820654,81842,Mapped
1820655,81880,Mapped
1821017,80258,Mapped
1821018,88085,Mapped
1821020,N/A,Unmapped
1821021,111504,Mapped
1821022,124385,Mapped
1821023,99384,Mapped
1821024,99423,Mapped
1821083,94592,Mapped
1821122,80131,Mapped
1821123,N/A,Unmapped
1821126,80158,Mapped
1821127,80159,Mapped
1821191,83813,Mapped
1821193,93333,Mapped
1821194,93334,Mapped
1821199,81470,Mapped
1821200,81471,Mapped
1821201,87701,Mapped
1821202,87702,Mapped
1821279,81840,Mapped
1821307,93350,Mapped
1821308,93351,Mapped
1821309,93352,Mapped
1821310,93353,Mapped
1821311,93354,Mapped
1821312,93355,Mapped
1821313,N/A,Unmapped
1821314,N/A,Unmapped
1821315,N/A,Unmapped
1821316,N/A,Unmapped
1821337,N/A,Unmapped
1821380,88999,Mapped
1821383,94626,Mapped
1821384,96437,Mapped
1821386,84972,Mapped
1821387,84973,Mapped
1821424,N/A,Unmapped
1821425,N/A,Unmapped
1821426,N/A,Unmapped
1821427,N/A,Unmapped
1821428,N/A,Unmapped
1821429,N/A,Unmapped
1821430,93401,Mapped
1821453,82422,Mapped
1821455,82424,Mapped
1821517,83265,Mapped
1821518,83266,Mapped
1821519,83640,Mapped
1821540,80109,Mapped
1821541,80110,Mapped
1821554,80254,Mapped
1821567,112997,Mapped
1821587,84013,Mapped
1821607,82906,Mapped
1821619,82417,Mapped
1821641,87632,Mapped
1822066,80133,Mapped
1822128,78775,Mapped
1822165,152689,Mapped
1822185,81462,Mapped
1822196,80220,Mapped
1822198,80222,Mapped
1822213,82541,Mapped
1822214,82542,Mapped
1822231,88249,Mapped
1822232,88997,Mapped
1822233,88998,Mapped
1822254,119253,Mapped
1822274,81937,Mapped
1822321,89196,Mapped
1822328,89203,Mapped
1822329,89204,Mapped
1822330,82881,Mapped
1822354,95718,Mapped
1822362,87431,Mapped
1822394,81561,Mapped
1822395,81562,Mapped
1822401,81928,Mapped
1822403,N/A,Unmapped
1822432,97169,Mapped
1822433,N/A,Unmapped
1822452,93040,Mapped
1822453,82544,Mapped
1822454,82029,Mapped
1822456,82031,Mapped
1822457,82032,Mapped
1822462,82887,Mapped
1822463,82888,Mapped
1822503,84448,Mapped
1822506,82426,Mapped
1822508,82428,Mapped
1822509,82429,Mapped
1822510,82430,Mapped
1822513,84974,Mapped
1822522,N/A,Unmapped
1822523,N/A,Unmapped
1822532,N/A,Unmapped
1822534,N/A,Unmapped
1822575,81476,Mapped
1822576,81477,Mapped
1822577,81478,Mapped
1822578,81479,Mapped
1822579,81480,Mapped
1822582,81483,Mapped
1822782,81564,Mapped
1822784,98934,Mapped
1822785,96909,Mapped
1822786,96926,Mapped
1822787,96946,Mapped
1822789,81565,Mapped
1822813,93347,Mapped
1822818,N/A,Unmapped
1822819,117768,Mapped
1822821,N/A,Unmapped
1822833,94616,Mapped
1822834,94617,Mapped
1822849,83477,Mapped
1822850,86637,Mapped
1822851,88269,Mapped
1822853,81588,Mapped
1822854,81589,Mapped
1822960,83631,Mapped
1822961,92030,Mapped
1822962,92031,Mapped
1822968,92037,Mapped
1822969,92038,Mapped
1822970,92039,Mapped
1822972,92041,Mapped
1822974,92043,Mapped
1822975,92044,Mapped
1822976,92045,Mapped
1822977,83632,Mapped
1822978,92046,Mapped
1822979,83633,Mapped
1822981,83634,Mapped
1822986,83757,Mapped
1822987,83758,Mapped
1822989,83760,Mapped
1822990,83761,Mapped
1822992,81600,Mapped
1823037,84440,Mapped
1823044,84445,Mapped
1823045,84463,Mapped
1823046,84446,Mapped
1823047,84447,Mapped
1823094,84963,Mapped
1823095,84964,Mapped
1823096,84965,Mapped
1823097,84966,Mapped
1823098,84967,Mapped
1823099,84968,Mapped
1823102,95342,Mapped
1823132,N/A,Unmapped
1823152,N/A,Unmapped
1823579,81879,Mapped
1823580,81882,Mapped
1823581,81883,Mapped
1823584,93386,Mapped
1823585,82574,Mapped
1823648,83002,Mapped
1823649,83001,Mapped
1823652,82998,Mapped
1823664,98082,Mapped
1823670,108581,Mapped
1823671,108580,Mapped
1823798,82437,Mapped
1823799,82438,Mapped
1823801,82440,Mapped
1823802,82441,Mapped
1824045,95142,Mapped
1824046,93398,Mapped
1824084,85468,Mapped
1825040,87306,Mapped
1825041,82450,Mapped
1825042,87307,Mapped
1825048,158540,Mapped
1825050,158541,Mapped
1825544,82466,Mapped
1825557,82804,Mapped
1825559,82806,Mapped
1825561,82808,Mapped
1825562,82809,Mapped
1825563,82810,Mapped
1825564,82811,Mapped
1825592,84678,Mapped
1826133,93415,Mapped
1826153,84490,Mapped
1826154,84491,Mapped
1826155,84492,Mapped
1826156,84493,Mapped
1826535,84050,Mapped
1826536,84051,Mapped
1826562,96886,Mapped
1826563,96883,Mapped
1826573,96880,Mapped
1826577,96889,Mapped
1826583,96874,Mapped
1826587,107825,Mapped
1826619,96882,Mapped
1827046,82481,Mapped
1827535,83058,Mapped
1827536,83059,Mapped
1827537,83060,Mapped
1827538,83061,Mapped
1827539,83062,Mapped
1827540,83063,Mapped
1827541,83064,Mapped
1827543,N/A,Unmapped
1827617,N/A,Unmapped
1827701,105448,Mapped
1827705,91398,Mapped
1827706,91399,Mapped
1827709,91393,Mapped
1827711,91394,Mapped
1827712,105556,Mapped
1827713,141066,Mapped
1828058,83070,Mapped
1828062,149130,Mapped
1828064,83076,Mapped
1828065,83077,Mapped
1828090,N/A,Unmapped
1828091,N/A,Unmapped
1828095,N/A,Unmapped
1828096,N/A,Unmapped
1828097,N/A,Unmapped
1829054,126727,Mapped
1829055,89352,Mapped
1829056,126636,Mapped
1829058,126638,Mapped
1829066,82764,Mapped
1829110,83110,Mapped
1829111,83111,Mapped
1829131,83770,Mapped
1829132001,83773,Mapped
1829132002,83774,Mapped
1829132003,83775,Mapped
1829134,83772,Mapped
1829199,82625,Mapped
1829221,90766,Mapped
1829222,90767,Mapped
1829223,90768,Mapped
1829375,90323,Mapped
1829501,83487,Mapped
1829502,83488,Mapped
1829503,83489,Mapped
1829601,168679,Mapped
1829854,N/A,Unmapped
1829870,88503,Mapped
1829871,88504,Mapped
1829872,88505,Mapped
1829873,88506,Mapped
1829874,88507,Mapped
1829889,83192,Mapped
1829892,83194,Mapped
1829895,83196,Mapped
1829896,83197,Mapped
1829898,90544,Mapped
1829903,158977,Mapped
1829909,N/A,Unmapped
1829919,83202,Mapped
1829921,83204,Mapped
1829951,83226,Mapped
1829954001,84610,Mapped
1829954002,84611,Mapped
1829954003,84612,Mapped
1829980,84613,Mapped
1829983,N/A,Unmapped
1829996,88907,Mapped
1829997,88908,Mapped
1829998,88909,Mapped
1829999,93428,Mapped
1830000,93432,Mapped
1830001,89319,Mapped
1830003,92660,Mapped
1830004,92661,Mapped
1830010,91097,Mapped
1830012,95153,Mapped
1830013,93442,Mapped
1830175,82546,Mapped
1831385,94643,Mapped
1831386,98136,Mapped
1831388,98133,Mapped
1831389,94645,Mapped
1831396,94646,Mapped
1831438,N/A,Unmapped
1831441,88914,Mapped
1831442,88915,Mapped
1832238,88594,Mapped
1832239,88595,Mapped
1832240,88596,Mapped
1832340,N/A,Unmapped
1832415,N/A,Unmapped
1832416,88133,Mapped
1832474,83220,Mapped
1832476,83222,Mapped
1832481,83228,Mapped
1832483,145412,Mapped
1832485,132148,Mapped
1832489,N/A,Unmapped
1832490,N/A,Unmapped
1833651,99324,Mapped
1833652,93421,Mapped
1833658,97479,Mapped
1833659,96443,Mapped
1833663,97564,Mapped
1833664,97473,Mapped
1833668,97648,Mapped
1833679,97640,Mapped
1833682,95345,Mapped
1833685,98335,Mapped
1833689,97654,Mapped
1833690,97575,Mapped
1833696,97466,Mapped
1833697,97681,Mapped
1833700,97485,Mapped
1833701,95346,Mapped
1833708,97096,Mapped
1833709,97470,Mapped
1833710,97477,Mapped
1833714,98080,Mapped
1833820,98750,Mapped
1833821,98751,Mapped
1833914,91853,Mapped
1833917,90129,Mapped
1833955,90503,Mapped
1834013,83237,Mapped
1834938,83178,Mapped
1834949,83872,Mapped
1835008,N/A,Unmapped
1835009,N/A,Unmapped
1835010,N/A,Unmapped
1835024,94930,Mapped
1835029,91372,Mapped
1835030,91373,Mapped
1835031,91374,Mapped
1835828,83149,Mapped
1835830,83151,Mapped
1835832,83153,Mapped
1835848,83169,Mapped
1835849,83170,Mapped
1835850,83171,Mapped
1835907,N/A,Unmapped
1835908,95901,Mapped
1835909,N/A,Unmapped
1835994,84606,Mapped
1835996,93425,Mapped
1835997,93426,Mapped
1835998,88172,Mapped
1836010,97521,Mapped
1836024,88510,Mapped
1836029001,84618,Mapped
1836029004,144178,Mapped
1836066,83235,Mapped
1836179,87711,Mapped
1836216,95151,Mapped
1836226,101951,Mapped
1836227001,83920,Mapped
1836227002,83921,Mapped
1836227003,83922,Mapped
1836228,87384,Mapped
1836230,85444,Mapped
1836231,85445,Mapped
1836232,89704,Mapped
1836235,83664,Mapped
1836245,84419,Mapped
1836246,84450,Mapped
1836247,84451,Mapped
1836248,84452,Mapped
1836249,84465,Mapped
1836390,87731,Mapped
1836422,92284,Mapped
1836423,92285,Mapped
1836424,92286,Mapped
1836425,92287,Mapped
1836426,92288,Mapped
1836429,92289,Mapped
1836528,93510,Mapped
1836529,93511,Mapped
1836591,89318,Mapped
1836609,88100,Mapped
1836612,88482,Mapped
1836613,93427,Mapped
1836622,84975,Mapped
1836666,86942,Mapped
1836669,92062,Mapped
1836670,101954,Mapped
1836671,101953,Mapped
1836672,101952,Mapped
1836682,87383,Mapped
1836683,87385,Mapped
1836686,87388,Mapped
1836687,87389,Mapped
1836688,87390,Mapped
1836689,87391,Mapped
1836693,117879,Mapped
1836694,90978,Mapped
1836695,89838,Mapped
1836696,87722,Mapped
1836697,87395,Mapped
1836698,87396,Mapped
1836700,87398,Mapped
1836701,87399,Mapped
1836714,87725,Mapped
1836720,93453,Mapped
1836721,95154,Mapped
1836723,87310,Mapped
1836725,87312,Mapped
1836728,87315,Mapped
1836729,87316,Mapped
1836730,87317,Mapped
1836732,87319,Mapped
1836733,87320,Mapped
1836734,87321,Mapped
1836740,87327,Mapped
1836743,87330,Mapped
1836745,87332,Mapped
1836746,87333,Mapped
1836748,87335,Mapped
1836749,87336,Mapped
1836750,87337,Mapped
1836751,87338,Mapped
1836753,87340,Mapped
1836754,87341,Mapped
1836755,87342,Mapped
1836756,87343,Mapped
1836758,87345,Mapped
1836759,87346,Mapped
1836760,87347,Mapped
1836761,88515,Mapped
1836762,88516,Mapped
1836764,88129,Mapped
1836765,88130,Mapped
1836769,98127,Mapped
1836770,87354,Mapped
1836789,126575,Mapped
1836793,94650,Mapped
1836880,N/A,Unmapped
1836881,N/A,Unmapped
1836882,N/A,Unmapped
1836883,N/A,Unmapped
1836955,N/A,Unmapped
1836956,N/A,Unmapped
1836999,102373,Mapped
1837002,87747,Mapped
1837004,93518,Mapped
1837231,83259,Mapped
1837232,83260,Mapped
1837233,83261,Mapped
1837234,83262,Mapped
1837237,83800,Mapped
1837238,89488,Mapped
1837239,89489,Mapped
1837241,89491,Mapped
1837242,89492,Mapped
1837256,87714,Mapped
1837343,93437,Mapped
1837344,88024,Mapped
1837345,95152,Mapped
1837346,93438,Mapped
1837374,88513,Mapped
1837375,88514,Mapped
1837381,86943,Mapped
1837383,86945,Mapped
1837384,87309,Mapped
1837385,87400,Mapped
1837618,88022,Mapped
1837622,84686,Mapped
1837639,84422,Mapped
1837640,84423,Mapped
1837641,84424,Mapped
1837642,84425,Mapped
1837643,84426,Mapped
1837644,84427,Mapped
1837645,84428,Mapped
1837646,84429,Mapped
1838036,84053,Mapped
1838037,84057,Mapped
1838044,88021,Mapped
1838068,111523,Mapped
1838069,111524,Mapped
1838070,117987,Mapped
1838077,84627,Mapped
1838084,87730,Mapped
1838109001,84044,Mapped
1838128,92064,Mapped
1838130,92066,Mapped
1838137,92072,Mapped
1838161,87351,Mapped
1838168,94647,Mapped
1838176,93474,Mapped
1838195,93484,Mapped
1838211,102496,Mapped
1838303,103186,Mapped
1838352,93527,Mapped
1838388,87411,Mapped
1838394,99464,Mapped
1838396,97682,Mapped
1839043,N/A,Unmapped
1839044,N/A,Unmapped
1839046,N/A,Unmapped
1839047,N/A,Unmapped
1839048,N/A,Unmapped
1839119,100286,Mapped
1839120,100298,Mapped
1839128,87732,Mapped
1839129,87733,Mapped
1839130,87734,Mapped
1839139,83923,Mapped
1839144,83928,Mapped
1839164,93499,Mapped
1839165,84701,Mapped
1839166,84702,Mapped
1839169,84982,Mapped
1839174,89902,Mapped
1839175,89903,Mapped
1839176,89904,Mapped
1839273,84579,Mapped
1839275,84581,Mapped
1839276,84582,Mapped
1839279,87765,Mapped
1839281,89500,Mapped
1839286,84986,Mapped
1839287,84987,Mapped
1839288,84988,Mapped
1839291,87401,Mapped
1839292,87402,Mapped
1839301,86672,Mapped
1839302,86673,Mapped
1839303,86674,Mapped
1839304,88911,Mapped
1839317,85450,Mapped
1839328,95351,Mapped
1839351,93559,Mapped
1839385,93573,Mapped
1839387,148756,Mapped
1839547,93460,Mapped
1839549,101905,Mapped
1839554,95155,Mapped
1839556,100525,Mapped
1839573,95743,Mapped
1839575,N/A,Unmapped
1839605,90979,Mapped
1839621,132125,Mapped
1839622,132126,Mapped
1839627,88775,Mapped
1839636,88778,Mapped
1839640,88780,Mapped
1839647,96279,Mapped
1839648,96280,Mapped
1839649,96140,Mapped
1839653,88781,Mapped
1839654,95745,Mapped
1839658,88784,Mapped
1839704,N/A,Unmapped
1839712,N/A,Unmapped
1839721,87585,Mapped
1839723,84630,Mapped
1839769,93525,Mapped
1839806,87791,Mapped
1839807,87792,Mapped
1839808,90799,Mapped
1839809,87793,Mapped
1839810,87794,Mapped
1839818,88861,Mapped
1839828,95523,Mapped
1839829,104330,Mapped
1839842,89234,Mapped
1839843,89235,Mapped
1839844,89236,Mapped
1839845,89237,Mapped
1839858,93564,Mapped
1839872,87799,Mapped
1839873,89111,Mapped
1839874,89112,Mapped
1839876,89114,Mapped
1839916,88083,Mapped
1839918,88082,Mapped
1839919,94687,Mapped
1839920,94688,Mapped
1839921,95175,Mapped
1839922,88064,Mapped
1839923,88051,Mapped
1839924,88052,Mapped
1839925,88053,Mapped
1839926,88054,Mapped
1840137,N/A,Unmapped
1840138,N/A,Unmapped
1840139,N/A,Unmapped
1840177,165325,Mapped
1840201,88769,Mapped
1840237,87356,Mapped
1840313,102524,Mapped
1840314,103281,Mapped
1840315,103293,Mapped
1840316,103285,Mapped
1840317,112722,Mapped
1840318,104136,Mapped
1840319,104125,Mapped
1840320,104119,Mapped
1840321,104124,Mapped
1840322,103617,Mapped
1840324,93514,Mapped
1840343,87770,Mapped
1840351,84989,Mapped
1840352,84990,Mapped
1840353,89110,Mapped
1840358,84716,Mapped
1840403,161285,Mapped
1840404,161283,Mapped
1840405,161286,Mapped
1840406,161287,Mapped
1840407,161288,Mapped
1840408,161289,Mapped
1840409,161290,Mapped
1840422,87053,Mapped
1840459,N/A,Unmapped
1840475,101387,Mapped
1840476,N/A,Unmapped
1840484,100108,Mapped
1840494,87800,Mapped
1840495,87801,Mapped
1840496,87802,Mapped
1840497,87803,Mapped
1840498,87804,Mapped
1840500,87806,Mapped
1840501,87807,Mapped
1840502,87808,Mapped
1840504,93569,Mapped
1840505,87809,Mapped
1840506,87810,Mapped
1840507,87811,Mapped
1840508,87812,Mapped
1840509,87813,Mapped
1840561,84718,Mapped
1840562,84719,Mapped
1840574,88180,Mapped
1840576,87063,Mapped
1840587,86664,Mapped
1840594,N/A,Unmapped
1840618,84998,Mapped
1840619,84999,Mapped
1840620,85000,Mapped
1840621,85001,Mapped
1840648,133772,Mapped
1840700,93574,Mapped
1840702,90802,Mapped
1840706,88055,Mapped
1840707,89008,Mapped
1841068,101960,Mapped
1841074,87565,Mapped
1841093,94677,Mapped
1841131,88047,Mapped
1841132,88048,Mapped
1841134,87777,Mapped
1841135,87778,Mapped
1841171,93534,Mapped
1841217,123228,Mapped
1841253,92073,Mapped
1841254,92074,Mapped
1841255,92075,Mapped
1841256,92076,Mapped
1841261,92078,Mapped
1841262,92079,Mapped
1841263,92080,Mapped
1841264,92081,Mapped
1841266,92083,Mapped
1841267,92084,Mapped
1841268,92085,Mapped
1841269,92086,Mapped
1841270,92087,Mapped
1841278,161291,Mapped
1841279,N/A,Unmapped
1841280,N/A,Unmapped
1841281,N/A,Unmapped
1841282,N/A,Unmapped
1841283,N/A,Unmapped
1841284,N/A,Unmapped
1841285,N/A,Unmapped
1841333,92685,Mapped
1841334,89238,Mapped
1841344,N/A,Unmapped
1841372,87371,Mapped
1841830,87568,Mapped
1841831,93558,Mapped
1841832,101395,Mapped
1841845,95352,Mapped
1841853,93043,Mapped
1841854,93044,Mapped
1841867,87569,Mapped
1841886,89117,Mapped
1842044,93586,Mapped
1842046,93588,Mapped
1842047,93589,Mapped
1842048,93590,Mapped
1842054,89531,Mapped
1842055,89532,Mapped
1842058,87432,Mapped
1842101,87817,Mapped
1842105,87818,Mapped
1842109,87375,Mapped
1842120,89840,Mapped
1842121,94691,Mapped
1842131,93606,Mapped
1842145,87381,Mapped
1842146,87382,Mapped
1842167,89013,Mapped
1842168,89014,Mapped
1842208,148753,Mapped
1842209,148806,Mapped
1842210,147983,Mapped
1842216,88212,Mapped
1842220,92094,Mapped
1842221,92095,Mapped
1842231,93682,Mapped
1842232,93683,Mapped
1842262,88283,Mapped
1842263,88284,Mapped
1842265,88109,Mapped
1842267,88110,Mapped
1842268,99022,Mapped
1842270,88217,Mapped
1842271,88218,Mapped
1842272,88219,Mapped
1842275,87613,Mapped
1842276,89121,Mapped
1842277,89122,Mapped
1842278,89123,Mapped
1842279,89124,Mapped
1842280,89125,Mapped
1842298,89243,Mapped
1842340,99512,Mapped
1842544,N/A,Unmapped
1842557,93647,Mapped
1842602,92101,Mapped
1842610,92104,Mapped
1842611,92105,Mapped
1842612,92106,Mapped
1842613,88070,Mapped
1842614,88071,Mapped
1842615,88072,Mapped
1842630,88114,Mapped
1842648,88295,Mapped
1842649,88296,Mapped
1842650,88297,Mapped
1842698,93745,Mapped
1842703,93772,Mapped
1842706,89249,Mapped
1842707,89250,Mapped
1842708,95412,Mapped
1842709,95413,Mapped
1842712,95569,Mapped
1842713,89590,Mapped
1842714,89591,Mapped
1842715,89592,Mapped
1842719,89596,Mapped
1842720,89597,Mapped
1842721,89598,Mapped
1842724,89601,Mapped
1842785,91327,Mapped
1842820,113813,Mapped
1842827,113006,Mapped
1842828,113007,Mapped
1842834,113817,Mapped
1842838,111513,Mapped
1842875,90828,Mapped
1842876,90829,Mapped
1842877,92695,Mapped
1842882,89676,Mapped
1842883,89677,Mapped
1842884,89678,Mapped
1842889,100381,Mapped
1842890,100382,Mapped
1842891,92128,Mapped
1842927,93876,Mapped
1842928,106695,Mapped
1843154,87636,Mapped
1843155,87637,Mapped
1843158,95757,Mapped
1843163,93675,Mapped
1843164,89460,Mapped
1843207,93676,Mapped
1843208,93677,Mapped
1843209,93681,Mapped
1843215,88112,Mapped
1843227,89020,Mapped
1843236,92110,Mapped
1843237,88287,Mapped
1843381,88293,Mapped
1843382,88294,Mapped
1843466,88332,Mapped
1843467,88551,Mapped
1843490,88557,Mapped
1843492,88559,Mapped
1843493,93778,Mapped
1843495,93780,Mapped
1843497,89842,Mapped
1843500,90987,Mapped
1843501,90988,Mapped
1843507,94720,Mapped
1843509,95415,Mapped
1843510,95416,Mapped
1843597,88916,Mapped
1843649,88141,Mapped
1843650,88142,Mapped
1843651,88143,Mapped
1843652,88146,Mapped
1843653,88144,Mapped
1843654,88145,Mapped
1843661,88209,Mapped
1843662,88210,Mapped
1843667,87854,Mapped
1843668,87855,Mapped
1843669,87856,Mapped
1843678,140380,Mapped
1843681,155854,Mapped
1843687,130982,Mapped
1843690,130981,Mapped
1843699,123454,Mapped
1843759,94105,Mapped
1843761,93704,Mapped
1843772,92109,Mapped
1843774,88116,Mapped
1843783,91118,Mapped
1843788,88292,Mapped
1843820,93754,Mapped
1843821,93755,Mapped
1843823,89572,Mapped
1843882,93760,Mapped
1843884,95772,Mapped
1843887,93762,Mapped
1843888,88547,Mapped
1843895,88548,Mapped
1843896,88549,Mapped
1843907,88552,Mapped
1843908,88553,Mapped
1843961,95779,Mapped
1843962,95780,Mapped
1843983,116084,Mapped
1843998,93839,Mapped
1843999,93840,Mapped
1844005,92724,Mapped
1844006,89992,Mapped
1844024,N/A,Unmapped
1844028,N/A,Unmapped
1844032,N/A,Unmapped
1844033,N/A,Unmapped
1844042,89087,Mapped
1844043,89088,Mapped
1844055,87380,Mapped
1844068,88191,Mapped
1844087,96537,Mapped
1844088,96538,Mapped
1844182,89551,Mapped
1844201,93705,Mapped
1844203,93707,Mapped
1844204,93708,Mapped
1844205,93709,Mapped
1844206,93710,Mapped
1844215,88917,Mapped
1844222,95196,Mapped
1844224,95198,Mapped
1844229,95393,Mapped
1844230,95394,Mapped
1844232,95396,Mapped
1844234,95398,Mapped
1844235,95399,Mapped
1844236,95400,Mapped
1844237,95401,Mapped
1844291,N/A,Unmapped
1844292,N/A,Unmapped
1844293,N/A,Unmapped
1844294,N/A,Unmapped
1844295,N/A,Unmapped
1844296,N/A,Unmapped
1844297,N/A,Unmapped
1844298,N/A,Unmapped
1844299,N/A,Unmapped
1844300,N/A,Unmapped
1844301,N/A,Unmapped
1844302,N/A,Unmapped
1844303,97649,Mapped
1844306,88123,Mapped
1844308,88125,Mapped
1844310,88127,Mapped
1844396,89610,Mapped
1844397,89611,Mapped
1844409,N/A,Unmapped
1844410,N/A,Unmapped
1844411,N/A,Unmapped
1844412,99458,Mapped
1844415,89666,Mapped
1844427,N/A,Unmapped
1844435,93821,Mapped
1844436,93822,Mapped
1844437,94725,Mapped
1844440,N/A,Unmapped
1844441,91328,Mapped
1844444,91331,Mapped
1844445,91332,Mapped
1844446,91333,Mapped
1844464,89927,Mapped
1844466,N/A,Unmapped
1844468,N/A,Unmapped
1844469,97556,Mapped
1844473,100986,Mapped
1844514,92749,Mapped
1844530,91000,Mapped
1844540,95358,Mapped
1844541,95359,Mapped
1844542,95360,Mapped
1844543,95361,Mapped
1844547,95364,Mapped
1844556,95367,Mapped
1844558,90020,Mapped
1844565,89012,Mapped
1844610,93648,Mapped
1844611,93649,Mapped
1844645,95375,Mapped
1844646,95376,Mapped
1844647,95377,Mapped
1844654,96539,Mapped
1844672,92108,Mapped
1844681,88286,Mapped
1844684,88289,Mapped
1844685,88290,Mapped
1844693,95565,Mapped
1844694,95566,Mapped
1844696,95568,Mapped
1844704,93756,Mapped
1844723,88554,Mapped
1844743,89620,Mapped
1844744,89621,Mapped
1844745,89622,Mapped
1844751,89623,Mapped
1844752,89624,Mapped
1844753,89625,Mapped
1844754,89626,Mapped
1844755,89627,Mapped
1844756,89628,Mapped
1844757,89629,Mapped
1844758,89630,Mapped
1844759,89631,Mapped
1844760,89632,Mapped
1844761,89633,Mapped
1844762,89634,Mapped
1844763,89635,Mapped
1844769,90820,Mapped
1844782,90825,Mapped
1844786,142095,Mapped
1844795,90021,Mapped
1844835,92700,Mapped
1844836,92701,Mapped
1844837,92702,Mapped
1844838,92703,Mapped
1844839,92704,Mapped
1844840,92705,Mapped
1844841,92706,Mapped
1844842,92707,Mapped
1844843,92708,Mapped
1844853,93861,Mapped
1844854,93862,Mapped
1844898,103486,Mapped
1844900,132955,Mapped
1844907,102314,Mapped
1845038,88193,Mapped
1845039,88194,Mapped
1845041,88196,Mapped
1845043,88198,Mapped
1845045,96533,Mapped
1845062,96768,Mapped
1845072,98371,Mapped
1845073,168680,Mapped
1845074,N/A,Unmapped
1845080,107601,Mapped
1845098,88239,Mapped
1845111,89357,Mapped
1845140,90830,Mapped
1845141,92717,Mapped
1845146,92296,Mapped
1845147,92297,Mapped
1845148,94536,Mapped
1845149,92298,Mapped
1845176,101216,Mapped
1845177,101218,Mapped
1845178,101217,Mapped
1845195,166449,Mapped
1845196,101245,Mapped
1845197,101231,Mapped
1845295,101272,Mapped
1845466,102296,Mapped
1845578,92113,Mapped
1845587,93740,Mapped
1845588,93741,Mapped
1845589,93742,Mapped
1845591,94710,Mapped
1845592,88541,Mapped
1845593,93744,Mapped
1845605,88545,Mapped
1845606,90029,Mapped
1845695,88335,Mapped
1845698,88338,Mapped
1845702,88920,Mapped
1845718,88246,Mapped
1845744,89128,Mapped
1845748,89130,Mapped
1845749,89131,Mapped
1845750,89132,Mapped
1845751,89133,Mapped
1845761,96155,Mapped
1845767,88932,Mapped
1845770,93815,Mapped
1845774,91120,Mapped
1845786,97942,Mapped
1845787,92628,Mapped
1845788,96549,Mapped
1845789,96550,Mapped
1845790,96551,Mapped
1845801,92711,Mapped
1845802,102702,Mapped
1845875,94815,Mapped
1845897,89845,Mapped
1845899,89847,Mapped
1845901,113377,Mapped
1845915,92753,Mapped
1845916,92754,Mapped
1845917,92755,Mapped
1845918,92756,Mapped
1845919,92757,Mapped
1845920,92758,Mapped
1845957,92765,Mapped
1845958,92766,Mapped
1845959,91022,Mapped
1846024,92770,Mapped
1846030,92786,Mapped
1846032,92788,Mapped
1846033,92789,Mapped
1846123,89031,Mapped
1846124,89032,Mapped
1846125,89033,Mapped
1846190,N/A,Unmapped
1846192,N/A,Unmapped
1846193,93818,Mapped
1846200,92720,Mapped
1846202,92722,Mapped
1846208,89680,Mapped
1846209,89950,Mapped
1846212,89141,Mapped
1846223,92763,Mapped
1846224,99968,Mapped
1846256,99709,Mapped
1846269,99722,Mapped
1846274,99723,Mapped
1846317,99732,Mapped
1846347,N/A,Unmapped
1846389,168441,Mapped
1846390,168442,Mapped
1846391,168443,Mapped
1846441,105460,Mapped
1846448,101785,Mapped
1846449,99735,Mapped
1846450,99736,Mapped
1846451,101784,Mapped
1846452,99737,Mapped
1846458,101781,Mapped
1846459,N/A,Unmapped
1846461,N/A,Unmapped
1846463,99740,Mapped
1846537,N/A,Unmapped
1846540,96558,Mapped
1846541,91726,Mapped
1846569,168444,Mapped
1846638,117442,Mapped
1846678,92771,Mapped
1846688,N/A,Unmapped
1846689,N/A,Unmapped
1846690,95422,Mapped
1846733,93888,Mapped
1846734,93889,Mapped
1846736,94738,Mapped
1846737,96561,Mapped
1846738,93890,Mapped
1846740,96318,Mapped
1846755,92842,Mapped
1846757,92843,Mapped
1846759,92845,Mapped
1846760,92846,Mapped
1846761,92847,Mapped
1846762,92848,Mapped
1846765,92851,Mapped
1846767,92853,Mapped
1846768,92854,Mapped
1846769,97296,Mapped
1846770,97297,Mapped
1846771,97298,Mapped
1846772,89972,Mapped
1846774,89974,Mapped
1846775,89975,Mapped
1846782,90881,Mapped
1846784,N/A,Unmapped
1846836,N/A,Unmapped
1846837,N/A,Unmapped
1846838,N/A,Unmapped
1846839,N/A,Unmapped
1846840,92885,Mapped
1847166,N/A,Unmapped
1847167,168445,Mapped
1847229,99880,Mapped
1847311,N/A,Unmapped
1847471,N/A,Unmapped
1847560,N/A,Unmapped
1847569,N/A,Unmapped
1847843,94733,Mapped
1847844,94734,Mapped
1847845,90022,Mapped
1847855,92792,Mapped
1847856,92793,Mapped
1847857,92794,Mapped
1847858,92795,Mapped
1847899,92826,Mapped
1847912,97781,Mapped
1847914,103377,Mapped
1847915,103376,Mapped
1847916,103374,Mapped
1847917,103375,Mapped
1847921,97786,Mapped
1847929,96562,Mapped
1847930,96563,Mapped
1847933,93903,Mapped
1847934,93904,Mapped
1847936,97584,Mapped
1847937,93905,Mapped
1848287,92764,Mapped
1848343,99664,Mapped
1849052,N/A,Unmapped
1849053,N/A,Unmapped
1849078,N/A,Unmapped
1849134,90874,Mapped
1849181,95782,Mapped
1849182,95783,Mapped
1849185,92827,Mapped
1849186,92828,Mapped
1849187,92829,Mapped
1849188,92830,Mapped
1849190,167802,Mapped
1849191,167803,Mapped
1849192,167695,Mapped
1849193,167804,Mapped
1849195,92855,Mapped
1849196,92856,Mapped
1849197,92857,Mapped
1849198,91125,Mapped
1849199,92858,Mapped
1849201,92130,Mapped
1849202,92131,Mapped
1849204,92877,Mapped
1849206,121859,Mapped
1849217,92903,Mapped
1849711,92820,Mapped
1849712,92821,Mapped
1849714,95431,Mapped
1850065,92860,Mapped
1850068,92870,Mapped
1850069,93906,Mapped
1850070,93907,Mapped
1850080,92882,Mapped
1850089,N/A,Unmapped
1850090,N/A,Unmapped
1850091,N/A,Unmapped
1850092,N/A,Unmapped
1850093,N/A,Unmapped
1850094,N/A,Unmapped
1850095,N/A,Unmapped
1850536,90875,Mapped
1850537,90876,Mapped
1850540,92810,Mapped
1850542,92812,Mapped
1850544,92814,Mapped
1850545,92815,Mapped
1850560,90877,Mapped
1850561,90878,Mapped
1850562,90879,Mapped
1850578,92879,Mapped
1850579,92880,Mapped
1850654,N/A,Unmapped
1850664,92888,Mapped
1850665,92889,Mapped
1850666,92890,Mapped
1850667,92891,Mapped
1850668,92892,Mapped
1850677,98359,Mapped
1850681,92894,Mapped
1852233,92897,Mapped
1852552,92884,Mapped
1852554,93924,Mapped
1852570,92149,Mapped
1852571,92150,Mapped
1852594,98091,Mapped
1854937,92138,Mapped
1854938,92139,Mapped
1854939,92140,Mapped
1854940,92141,Mapped
1854946,92151,Mapped
1854949,92153,Mapped
1854950,92154,Mapped
1854951,92155,Mapped
1854957,N/A,Unmapped
1854958,95233,Mapped
1854959,95234,Mapped
1854968,95235,Mapped
1855091,92952,Mapped
1855094,92955,Mapped
1855095,95802,Mapped
1855098,95805,Mapped
1855100,95807,Mapped
1855101,94118,Mapped
1855107,95604,Mapped
1855109,97113,Mapped
1855110,96981,Mapped
1855111,96961,Mapped
1855121,97306,Mapped
1855122,97307,Mapped
1855145,96181,Mapped
1855146,95623,Mapped
1855155,95295,Mapped
1855159,95299,Mapped
1855161,97310,Mapped
1855163,N/A,Unmapped
1855186,99415,Mapped
1855200,117767,Mapped
1855206,96328,Mapped
1855213001,94825,Mapped
1855213002,94826,Mapped
1855214,94824,Mapped
1855229,N/A,Unmapped
1855230,95842,Mapped
1855300,97931,Mapped
1855301,96684,Mapped
1855311,98356,Mapped
1855312,98357,Mapped
1855319,99605,Mapped
1855337,101459,Mapped
1855338,101458,Mapped
1855339,101457,Mapped
1855356,97702,Mapped
1855357,97652,Mapped
1855359,97789,Mapped
1855366,108284,Mapped
1855367,117880,Mapped
1855396,97838,Mapped
1855397,98342,Mapped
1855398,97839,Mapped
1855400,99501,Mapped
1855415,98345,Mapped
1855421,97912,Mapped
1855422,97924,Mapped
1855428,97936,Mapped
1855461,98075,Mapped
1855462,98064,Mapped
1855463,98874,Mapped
1855464,97919,Mapped
1855537,92161,Mapped
1855538,92162,Mapped
1855543,96320,Mapped
1855544,96321,Mapped
1855545,96322,Mapped
1855547,96166,Mapped
1855552,96171,Mapped
1855554,95054,Mapped
1855557,N/A,Unmapped
1855559,92956,Mapped
1855560,92263,Mapped
1855561,92264,Mapped
1855720,103429,Mapped
1855723,95454,Mapped
1855724,95278,Mapped
1855737,95081,Mapped
1855738,95082,Mapped
1855743,94782,Mapped
1855758,95469,Mapped
1855760,105875,Mapped
1855761,134798,Mapped
1855766,112566,Mapped
1855821,96201,Mapped
1855829,97315,Mapped
1855959,N/A,Unmapped
1855960,N/A,Unmapped
1855961,N/A,Unmapped
1855980,96680,Mapped
1856017,98727,Mapped
1856018,100526,Mapped
1856019,99067,Mapped
1856047,N/A,Unmapped
1856055,92909,Mapped
1856062,95237,Mapped
1856063,95238,Mapped
1856071,95239,Mapped
1856091,97832,Mapped
1856092,97833,Mapped
1856116,102059,Mapped
1856121,95445,Mapped
1856124,95448,Mapped
1856126,95450,Mapped
1856170,93063,Mapped
1856179,95290,Mapped
1856180,95291,Mapped
1856182,97495,Mapped
1856185,95088,Mapped
1856186,95292,Mapped
1856196,95640,Mapped
1856197,96193,Mapped
1856203,96640,Mapped
1856205,N/A,Unmapped
1856209,N/A,Unmapped
1856210,N/A,Unmapped
1856215,101407,Mapped
1856216,101406,Mapped
1856236,97058,Mapped
1856282,97791,Mapped
1856535,92160,Mapped
1856536,94750,Mapped
1856538,92927,Mapped
1856542,92928,Mapped
1856547,92932,Mapped
1856551,95791,Mapped
1856587,95809,Mapped
1856588,95810,Mapped
1856593,94079,Mapped
1856603,100173,Mapped
1856627,97621,Mapped
1856628,97320,Mapped
1856657,97581,Mapped
1856658,96773,Mapped
1856691,98997,Mapped
1856692,98996,Mapped
1856860,98966,Mapped
1856879,113322,Mapped
1856881,102421,Mapped
1856969,97330,Mapped
1856970,126828,Mapped
1856974,99057,Mapped
1856975,97797,Mapped
1856976,97798,Mapped
1856977,97799,Mapped
1856978,97800,Mapped
1856986,99965,Mapped
1856994,99897,Mapped
1856995,99895,Mapped
1856996,99896,Mapped
1856997,99894,Mapped
1857001,98066,Mapped
1857018,100531,Mapped
1857035,111207,Mapped
1857036,111189,Mapped
1857042,111196,Mapped
1857066,N/A,Unmapped
1857067,N/A,Unmapped
1857068,N/A,Unmapped
1857069,N/A,Unmapped
1857070,N/A,Unmapped
1857071,N/A,Unmapped
1857072,N/A,Unmapped
1857074,N/A,Unmapped
1857075,N/A,Unmapped
1857082,98267,Mapped
1857085,N/A,Unmapped
1857132,94769,Mapped
1857153,N/A,Unmapped
1857156,98167,Mapped
1857158,98164,Mapped
1857159,98168,Mapped
1857175,N/A,Unmapped
1857176,N/A,Unmapped
1857201,97889,Mapped
1857202,97871,Mapped
1857203,N/A,Unmapped
1857207,97951,Mapped
1857478,98846,Mapped
1857499,96992,Mapped
1857525,98794,Mapped
1857527,98795,Mapped
1857530,97804,Mapped
1857531,97805,Mapped
1857544,95612,Mapped
1857545,95613,Mapped
1857546,95614,Mapped
1857547,96225,Mapped
1857549,92310,Mapped
1857550,92307,Mapped
1857551,92309,Mapped
1857556,98119,Mapped
1857557,98123,Mapped
1857572,96626,Mapped
1857616,96672,Mapped
1857625,97334,Mapped
1857626,97333,Mapped
1857630,98041,Mapped
1857631,98032,Mapped
1857632,98034,Mapped
1857633,98040,Mapped
1857634,98026,Mapped
1857658,100527,Mapped
1857672,103891,Mapped
1857679,98248,Mapped
1858035,92916,Mapped
1858036,92917,Mapped
1858037,92918,Mapped
1858039,93941,Mapped
1858041,168142,Mapped
1858222,93060,Mapped
1858223,93061,Mapped
1858228,98103,Mapped
1858229,95797,Mapped
1858249,132797,Mapped
1858250,132798,Mapped
1858251,108723,Mapped
1858256,95615,Mapped
1858257,95616,Mapped
1858258,95617,Mapped
1858259,96775,Mapped
1858260,95618,Mapped
1858261,95619,Mapped
1858263,100397,Mapped
1858264,98887,Mapped
1858265,98886,Mapped
1858266,95813,Mapped
1858267,96327,Mapped
1858269,94119,Mapped
1858270,94120,Mapped
1858293,97807,Mapped
1858297,96226,Mapped
1858298,96227,Mapped
1858302,161292,Mapped
1858304,96610,Mapped
1858318,123834,Mapped
1858320,97808,Mapped
1858321,94828,Mapped
1858322,94829,Mapped
1858323,94830,Mapped
1858324,94831,Mapped
1858325,94832,Mapped
1858337,98010,Mapped
1858340,97994,Mapped
1858345,97995,Mapped
1858347,97988,Mapped
1858350,101365,Mapped
1858351,101379,Mapped
1858366,96649,Mapped
1858368,152820,Mapped
1858375,96656,Mapped
1858397,N/A,Unmapped
1858398,97843,Mapped
1858400,97353,Mapped
1858401,139583,Mapped
1858402,139569,Mapped
1858403,138289,Mapped
1858415,96687,Mapped
1858435,97355,Mapped
1858436,97844,Mapped
1858437,97860,Mapped
1858462,97357,Mapped
1858522,97103,Mapped
1858523,99450,Mapped
1858576,97506,Mapped
1858592,97370,Mapped
1858593,97371,Mapped
1858597,97898,Mapped
1858598,97811,Mapped
1858599,97812,Mapped
1858600,101451,Mapped
1858604,104110,Mapped
1858615,116219,Mapped
1858623,101448,Mapped
1858624,101447,Mapped
1858626,101445,Mapped
1858627,101444,Mapped
1858628,97935,Mapped
1858629,98072,Mapped
1858668,121023,Mapped
1858775,100046,Mapped
1858794,98218,Mapped
1859054,96966,Mapped
1859064,101443,Mapped
1859268,97840,Mapped
1859271,98089,Mapped
1859272,98027,Mapped
1859281,97738,Mapped
1859282,97750,Mapped
1859283,97752,Mapped
1859284,97748,Mapped
1859285,97739,Mapped
1859286,97744,Mapped
1859287,97743,Mapped
1859311,116065,Mapped
1859312,108585,Mapped
1859313,146653,Mapped
1859314,98759,Mapped
1859326,98432,Mapped
1859327,98431,Mapped
1859332,127455,Mapped
1859417,111727,Mapped
1859535,97039,Mapped
1859537,97813,Mapped
1859538,97670,Mapped
1859552,N/A,Unmapped
1859553,N/A,Unmapped
1859554,N/A,Unmapped
1859555,N/A,Unmapped
1859557,97927,Mapped
1859559,97913,Mapped
1859561,97933,Mapped
1859834,98300,Mapped
1859845,98021,Mapped
1859848,98025,Mapped
1859881,97873,Mapped
1859882,97869,Mapped
1859884,N/A,Unmapped
1859885,N/A,Unmapped
1859886,N/A,Unmapped
1859899,98424,Mapped
1859900,98278,Mapped
1859901,98241,Mapped
1859902,98243,Mapped
1859903,98279,Mapped
1859904,99393,Mapped
1859905,98891,Mapped
1859906,98897,Mapped
1859907,98893,Mapped
1859912,N/A,Unmapped
1859913,N/A,Unmapped
1859914,N/A,Unmapped
1859915,N/A,Unmapped
1859916,N/A,Unmapped
1859917,N/A,Unmapped
1859957,N/A,Unmapped
1859958,N/A,Unmapped
1859959,N/A,Unmapped
1859972,98936,Mapped
1860044,108656,Mapped
1860057,155025,Mapped
1860059,108566,Mapped
1860065,97818,Mapped
1860067,97819,Mapped
1860068,97820,Mapped
1860070,97822,Mapped
1860089,97823,Mapped
1860090,97824,Mapped
1860098,102015,Mapped
1860099,102044,Mapped
1860104,101999,Mapped
1860116,98249,Mapped
1860125,97921,Mapped
1860126,103034,Mapped
1860129,103053,Mapped
1860141,108634,Mapped
1860147,162602,Mapped
1860148,108623,Mapped
1860160,106286,Mapped
1860161,117050,Mapped
1860163,103003,Mapped
1860565,97826,Mapped
1860572,98069,Mapped
1860579,103389,Mapped
1860580,103390,Mapped
1860581,103388,Mapped
1860583,97851,Mapped
1860586,97916,Mapped
1860587,97932,Mapped
1860608,132959,Mapped
1860609,132960,Mapped
1860610,132961,Mapped
1860630,98765,Mapped
1860631,98768,Mapped
1860632,98767,Mapped
1860633,98762,Mapped
1860636,98766,Mapped
1860637,98770,Mapped
1860638,98771,Mapped
1860639,98772,Mapped
1860640,98773,Mapped
1860645,98256,Mapped
1860646,98860,Mapped
1860647,98878,Mapped
1861050,98051,Mapped
1861051,98050,Mapped
1861053,108708,Mapped
1861054,98355,Mapped
1861055,98358,Mapped
1861067,98928,Mapped
1861553,98863,Mapped
1861554,100174,Mapped
1861555,98864,Mapped
1861556,98862,Mapped
1861557,100121,Mapped
1861559,99463,Mapped
1861561,99045,Mapped
1862035,98033,Mapped
1862036,98047,Mapped
1862037,98074,Mapped
1862110,98309,Mapped
1862113,102086,Mapped
1862114,102087,Mapped
1862144,98990,Mapped
1862158,102985,Mapped
1862159,103107,Mapped
1862200,101438,Mapped
1862204,99405,Mapped
1862205,99428,Mapped
1862206,105356,Mapped
1862207,105357,Mapped
1862208,106316,Mapped
1862247,98816,Mapped
1862249,103846,Mapped
1862250,103848,Mapped
1862251,103847,Mapped
1862252,103852,Mapped
1862253,103842,Mapped
1862333,102818,Mapped
1862413,166028,Mapped
1862415,98801,Mapped
1862535,106801,Mapped
1862536,124201,Mapped
1862546,101944,Mapped
1862547,101946,Mapped
1862548,101945,Mapped
1862549,101949,Mapped
1862550,101947,Mapped
1862552,101913,Mapped
1862553,101914,Mapped
1862554,101915,Mapped
1862556,101918,Mapped
1862557,101917,Mapped
1863035,99569,Mapped
1863036,99429,Mapped
1863037,99493,Mapped
1863039,99619,Mapped
1863045,97923,Mapped
1863048,101378,Mapped
1863049,101386,Mapped
1863050,101369,Mapped
1863051,101372,Mapped
1863058,N/A,Unmapped
1863062,N/A,Unmapped
1863063,N/A,Unmapped
1863081,98875,Mapped
1863082,100702,Mapped
1863083,100703,Mapped
1863084,100705,Mapped
1863085,100704,Mapped
1863086,100706,Mapped
1863104,102902,Mapped
1863124,101437,Mapped
1863538,99433,Mapped
1864045,98859,Mapped
1864046,98056,Mapped
1864047,100290,Mapped
1864048,100265,Mapped
1864049,100529,Mapped
1864051,100534,Mapped
1864052,100535,Mapped
1864053,101564,Mapped
1864054,101565,Mapped
1864356,98096,Mapped
1864361,100536,Mapped
1864362,100538,Mapped
1864363,100539,Mapped
1864374,N/A,Unmapped
1864392,99465,Mapped
1864393,99484,Mapped
1864394,98865,Mapped
1864395,98326,Mapped
1864396,100306,Mapped
1864397,100302,Mapped
1864398,100312,Mapped
1864399,100314,Mapped
1864400,100264,Mapped
1864401,100272,Mapped
1864402,100307,Mapped
1864403,100280,Mapped
1864404,100315,Mapped
1864405,100364,Mapped
1864415,101950,Mapped
1864417,101436,Mapped
1864418,101434,Mapped
1864419,101433,Mapped
1864420,101431,Mapped
1864421,101432,Mapped
1864422,101429,Mapped
1864423,101428,Mapped
1864424,101430,Mapped
1864429,98883,Mapped
1864430,98884,Mapped
1864434,100142,Mapped
1864435,100180,Mapped
1864436,100150,Mapped
1864437,100295,Mapped
1864438,100282,Mapped
1864599,100599,Mapped
1864951,129215,Mapped
1865068001,100099,Mapped
1865068002,100213,Mapped
1865068003,100158,Mapped
1865069,100139,Mapped
1865070,99292,Mapped
1865073,99369,Mapped
1865074,99370,Mapped
1865075,99371,Mapped
1865076,99372,Mapped
1865078,98742,Mapped
1865079,98735,Mapped
1865080,98733,Mapped
1865081,98743,Mapped
1865082,98748,Mapped
1865083,98749,Mapped
1865084,98746,Mapped
1865089,168240,Mapped
1865630,128625,Mapped
1865638,113070,Mapped
1865639,113071,Mapped
1865644,98353,Mapped
1865648,98688,Mapped
1865652,98847,Mapped
1865653,98838,Mapped
1865658,98861,Mapped
1865659,98869,Mapped
1865668,N/A,Unmapped
1865670,99560,Mapped
1865671,102083,Mapped
1865672,102084,Mapped
1865675,100292,Mapped
1865676,100276,Mapped
1865677,100271,Mapped
1865678,100109,Mapped
1865679,100186,Mapped
1865680,100179,Mapped
1865682,100165,Mapped
1865683,100170,Mapped
1865684,100122,Mapped
1865685,100153,Mapped
1865686,100176,Mapped
1865687,100100,Mapped
1865705,110435,Mapped
1865874,132962,Mapped
1865878,114071,Mapped
1865880,135457,Mapped
1865881,120576,Mapped
1865890,130190,Mapped
1865920,168681,Mapped
1865963,110374,Mapped
1865967,110377,Mapped
1865969,114073,Mapped
1866153,101602,Mapped
1866203,98842,Mapped
1866208,98346,Mapped
1866209,98350,Mapped
1866210,98348,Mapped
1866216,99566,Mapped
1866220,102758,Mapped
1866228,108932,Mapped
1866535,102012,Mapped
1866536,102017,Mapped
1866537,102035,Mapped
1866538,102020,Mapped
1866539,102037,Mapped
1866611,168576,Mapped
1866612,98849,Mapped
1866613,99040,Mapped
1866619,103756,Mapped
1866620,103758,Mapped
1866621,103759,Mapped
1866622,103757,Mapped
1866623,103760,Mapped
1866624,103761,Mapped
1866656,134580,Mapped
1866746,99447,Mapped
1866779,N/A,Unmapped
1866830,N/A,Unmapped
1866849,100116,Mapped
1866867,103012,Mapped
1866923,100332,Mapped
1866924,100324,Mapped
1866929,100336,Mapped
1866930,100339,Mapped
1867063,99460,Mapped
1867064,100107,Mapped
1867066,100283,Mapped
1867067,100372,Mapped
1867068,100358,Mapped
1867069,100352,Mapped
1867070,100357,Mapped
1867075,105575,Mapped
1867079,99028,Mapped
1867101,139653,Mapped
1867103,117049,Mapped
1867197,100053,Mapped
1867199,100060,Mapped
1867201,100067,Mapped
1867328,117064,Mapped
1867331,100257,Mapped
1867335,101585,Mapped
1867337,100350,Mapped
1867341,101487,Mapped
1867342,101612,Mapped
1867343,101470,Mapped
1867344,102129,Mapped
1867356,100366,Mapped
1867418,101921,Mapped
1868969,98841,Mapped
1868970,98854,Mapped
1868971,98839,Mapped
1868974,N/A,Unmapped
1869029,104047,Mapped
1869030,103764,Mapped
1869253,102996,Mapped
1869254,103083,Mapped
1869256,103005,Mapped
1869257,103001,Mapped
1869260,117600,Mapped
1869276,100346,Mapped
1869293,160363,Mapped
1869524,N/A,Unmapped
1869712,98965,Mapped
1869716,N/A,Unmapped
1869731,111373,Mapped
1869732,111374,Mapped
1869733,111371,Mapped
1869735,111368,Mapped
1869738,111380,Mapped
1869739,111369,Mapped
1869740,99550,Mapped
1869761,99034,Mapped
1869762,100313,Mapped
1869763,99047,Mapped
1869764,99046,Mapped
1869848,N/A,Unmapped
1869849,N/A,Unmapped
1869850,N/A,Unmapped
1869911,102417,Mapped
1869912,102415,Mapped
1869913,102413,Mapped
1869914,102416,Mapped
1869922,100567,Mapped
1869929,101427,Mapped
1869930,101425,Mapped
1869932,101423,Mapped
1869933,103188,Mapped
1869961,101933,Mapped
1869965,101928,Mapped
1869983,101932,Mapped
1869984,122123,Mapped
1870006,103739,Mapped
1870148,104375,Mapped
1870149,104377,Mapped
1870150,104373,Mapped
1870151,104376,Mapped
1870152,112658,Mapped
1870153,104374,Mapped
1870154,99038,Mapped
1870155,101681,Mapped
1870156,101390,Mapped
1870157,101680,Mapped
1870162,99599,Mapped
1870163,103753,Mapped
1870170,101498,Mapped
1870171,101482,Mapped
1870176,100363,Mapped
1870177,100550,Mapped
1870178,100551,Mapped
1870179,100552,Mapped
1870209,120513,Mapped
1870376,101996,Mapped
1870399,102474,Mapped
1870402001,100519,Mapped
1870402002,100518,Mapped
1870403,116094,Mapped
1870435,105574,Mapped
1870600,105435,Mapped
1870601,105553,Mapped
1871143,106083,Mapped
1871148,100556,Mapped
1871151,102387,Mapped
1871152,100384,Mapped
1871153,100385,Mapped
1871154,101679,Mapped
1871158,99623,Mapped
1871171,117541,Mapped
1871179,98943,Mapped
1871184,98944,Mapped
1871185,98946,Mapped
1871186,98947,Mapped
1871188,98949,Mapped
1871192,98953,Mapped
1871193,98954,Mapped
1871198,99284,Mapped
1871199,99283,Mapped
1871217,102011,Mapped
1871250,102051,Mapped
1871251001,102451,Mapped
1871251002,102450,Mapped
1871258,100322,Mapped
1871259,100319,Mapped
1871331,103728,Mapped
1871332,103725,Mapped
1871333,103727,Mapped
1871334,103724,Mapped
1871335,103722,Mapped
1871342,101477,Mapped
1871343,101489,Mapped
1871344,N/A,Unmapped
1871345,100558,Mapped
1871346,101382,Mapped
1871348,112152,Mapped
1871351,157784,Mapped
1871355,101493,Mapped
1871356,101478,Mapped
1871357,101495,Mapped
1871416,101473,Mapped
1871447,101496,Mapped
1871451,101613,Mapped
1871480,100723,Mapped
1871482,100726,Mapped
1871483,100713,Mapped
1871495,100709,Mapped
1871496,100708,Mapped
1871497,108707,Mapped
1871498,102066,Mapped
1871499,102065,Mapped
1871502,103277,Mapped
1871503,112264,Mapped
1871504,117776,Mapped
1871506,104073,Mapped
1871508,104072,Mapped
1871509,104071,Mapped
1871557,108866,Mapped
1871582,108228,Mapped
1871584,127646,Mapped
1871731,102001,Mapped
1871732,101579,Mapped
1871733,101584,Mapped
1871734,100262,Mapped
1871735,100184,Mapped
1871740,100056,Mapped
1871755,N/A,Unmapped
1871788,113836,Mapped
1871796,113035,Mapped
1871797,103114,Mapped
1871798,122051,Mapped
1871828,111901,Mapped
1871831,102743,Mapped
1871843,101969,Mapped
1871845,102633,Mapped
1871846,102631,Mapped
1871847,102632,Mapped
1871848,102064,Mapped
1871872,113814,Mapped
1872054,100370,Mapped
1872056,104191,Mapped
1872057,104186,Mapped
1872076,103554,Mapped
1872077,103555,Mapped
1872081,103558,Mapped
1872082,116291,Mapped
1872083,116109,Mapped
1872088,102476,Mapped
1872089,102489,Mapped
1872138,121997,Mapped
1872142,101617,Mapped
1872143,101591,Mapped
1872152,101364,Mapped
1872163,102060,Mapped
1872165,101866,Mapped
1872171,101610,Mapped
1872173,101832,Mapped
1872174,101838,Mapped
1872175,101839,Mapped
1872184,103597,Mapped
1872185,103579,Mapped
1873492,101371,Mapped
1873512,100376,Mapped
1873513,111363,Mapped
1873514,111365,Mapped
1873515,111361,Mapped
1873519,100557,Mapped
1873520,100559,Mapped
1873521,103851,Mapped
1873522,103853,Mapped
1873523,103850,Mapped
1873525,101405,Mapped
1873526,101824,Mapped
1873527,101397,Mapped
1873770,100198,Mapped
1873771,100204,Mapped
1873772,100201,Mapped
1873773,100205,Mapped
1873774,100317,Mapped
1873776,152145,Mapped
1873787,103966,Mapped
1873788,103944,Mapped
1873789,103927,Mapped
1873792,101572,Mapped
1873793,102454,Mapped
1873794,102453,Mapped
1873795,102456,Mapped
1873796,102455,Mapped
1873797,102457,Mapped
1873798,102458,Mapped
1873799,102459,Mapped
1873800,102460,Mapped
1873801,102461,Mapped
1873802,102462,Mapped
1873810,101415,Mapped
1873811,101414,Mapped
1873812,101413,Mapped
1873813,101410,Mapped
1873818,101481,Mapped
1873828,101891,Mapped
1874080,102832,Mapped
1874088,N/A,Unmapped
1874089,N/A,Unmapped
1874090,N/A,Unmapped
1874091,N/A,Unmapped
1874092,N/A,Unmapped
1874093,N/A,Unmapped
1874094,N/A,Unmapped
1874095,N/A,Unmapped
1874096,N/A,Unmapped
1874097,N/A,Unmapped
1874098,N/A,Unmapped
1874099,N/A,Unmapped
1874100,N/A,Unmapped
1874101,N/A,Unmapped
1874102,N/A,Unmapped
1874103,N/A,Unmapped
1874105,102498,Mapped
1874106,102507,Mapped
1874108,101574,Mapped
1874115,102700,Mapped
1874122,N/A,Unmapped
1874123,N/A,Unmapped
1874124,N/A,Unmapped
1874125,N/A,Unmapped
1874126,N/A,Unmapped
1874127,N/A,Unmapped
1874133,N/A,Unmapped
1874157,101872,Mapped
1874172,101480,Mapped
1874173,101402,Mapped
1874174,101381,Mapped
1874175,101394,Mapped
1874176,101403,Mapped
1874181,101476,Mapped
1874182,101475,Mapped
1874304,101896,Mapped
1874305,101894,Mapped
1874306,101883,Mapped
1874307,101895,Mapped
1874308,101886,Mapped
1874309,104108,Mapped
1874310,104104,Mapped
1874311,104103,Mapped
1874338,104328,Mapped
1874756,108531,Mapped
1874767,103585,Mapped
1874768,103596,Mapped
1874769,103571,Mapped
1874912,102040,Mapped
1874913,102515,Mapped
1875068002,110833,Mapped
1875068005,139019,Mapped
1875076,135443,Mapped
1875078,113373,Mapped
1875088,102410,Mapped
1875089,102412,Mapped
1875096,102411,Mapped
1875097,102402,Mapped
1875098,102403,Mapped
1875099,102401,Mapped
1875212,N/A,Unmapped
1875213,N/A,Unmapped
1875214,N/A,Unmapped
1875234,101882,Mapped
1875235,101873,Mapped
1875563,101596,Mapped
1875564,101587,Mapped
1875570,N/A,Unmapped
1875571,100717,Mapped
1875572,100718,Mapped
1875575,100721,Mapped
1875576,100722,Mapped
1875608,103025,Mapped
1875609,103008,Mapped
1875611,102962,Mapped
1875620,102533,Mapped
1875621,102534,Mapped
1876046,101670,Mapped
1876047,101671,Mapped
1876048,101672,Mapped
1876049,101973,Mapped
1876062,103330,Mapped
1876091,N/A,Unmapped
1876358,103286,Mapped
1876359,103863,Mapped
1876360,102033,Mapped
1876361,102027,Mapped
1876543,102389,Mapped
1876546,101877,Mapped
1876551,115832,Mapped
1876552,115824,Mapped
1876553,103151,Mapped
1876579,101668,Mapped
1876580,101666,Mapped
1876581,101669,Mapped
1876582,101667,Mapped
1877038,101823,Mapped
1877040,101881,Mapped
1877041,101876,Mapped
1877054,103378,Mapped
1877055,103379,Mapped
1877056,103380,Mapped
1877057,103381,Mapped
1877058,103382,Mapped
1877059,103383,Mapped
1877060,103384,Mapped
1877061,103385,Mapped
1877062,103386,Mapped
1877063,103387,Mapped
1877064,104059,Mapped
1877065,104058,Mapped
1877066,104056,Mapped
1877067,104057,Mapped
1877236,105276,Mapped
1877241,102034,Mapped
1877242,102032,Mapped
1877243,102437,Mapped
1877245,102049,Mapped
1877246,N/A,Unmapped
1877573,103368,Mapped
1878035,102847,Mapped
1878036,102848,Mapped
1878037,102849,Mapped
1878038,102845,Mapped
1878039,102846,Mapped
1878045,102056,Mapped
1878046,N/A,Unmapped
1878047,N/A,Unmapped
1878535,N/A,Unmapped
1878536,103463,Mapped
1878548,103369,Mapped
1878559,102406,Mapped
1878579,103776,Mapped
1878580,102819,Mapped
1879035,102081,Mapped
1879543,115682,Mapped
1879544,102405,Mapped
1879570,102396,Mapped
1879571,102397,Mapped
1879572,102395,Mapped
1879595,117014,Mapped
1879597,117579,Mapped
1879599,117013,Mapped
1879603,117012,Mapped
1879604,117577,Mapped
1879614,102130,Mapped
1879615,102131,Mapped
1880064,102895,Mapped
1880158,105265,Mapped
1880159,105299,Mapped
1880160,105291,Mapped
1880161,106486,Mapped
1880162,106448,Mapped
1880197,102940,Mapped
1880212,103865,Mapped
1880214,102440,Mapped
1880215,102445,Mapped
1880216,102442,Mapped
1880219,102958,Mapped
1880220,102944,Mapped
1880225,102843,Mapped
1880228,102894,Mapped
1880230,102790,Mapped
1880231,102785,Mapped
1880232,103601,Mapped
1880233,106332,Mapped
1880235,103365,Mapped
1880236,103361,Mapped
1880269,102952,Mapped
1880270,102935,Mapped
1880272,103613,Mapped
1880273,103363,Mapped
1880324,103359,Mapped
1880325,103358,Mapped
1880326,103357,Mapped
1880327,105616,Mapped
1880328,103930,Mapped
1880330,152247,Mapped
1880361,121970,Mapped
1880362,112741,Mapped
1880363,112736,Mapped
1880364,105178,Mapped
1880374,103733,Mapped
1880376,103730,Mapped
1880386,103587,Mapped
1880408,108904,Mapped
1880411,103812,Mapped
1880412,103813,Mapped
1880413,103814,Mapped
1880414,103815,Mapped
1880422,135459,Mapped
1880423,136750,Mapped
1880445,108905,Mapped
1880477,103720,Mapped
1880480,N/A,Unmapped
1880481,N/A,Unmapped
1880803,102042,Mapped
1880804,102041,Mapped
1880812,102058,Mapped
1880824,113923,Mapped
1880831,103249,Mapped
1880832,103248,Mapped
1880833,103256,Mapped
1880835,103255,Mapped
1880861,103785,Mapped
1880862,103787,Mapped
1880886,102625,Mapped
1880900,102596,Mapped
1880901,102592,Mapped
1880902,102603,Mapped
1880903,102585,Mapped
1880904,102576,Mapped
1880905,106836,Mapped
1880906,106469,Mapped
1881068,106232,Mapped
1881073,117707,Mapped
1881075,103623,Mapped
1881101,102514,Mapped
1881102,102516,Mapped
1881103,102517,Mapped
1881104,102473,Mapped
1881143,108166,Mapped
1881145,105592,Mapped
1881535,102414,Mapped
1881538,102030,Mapped
1881549,103133,Mapped
1881559,102374,Mapped
1881641,101912,Mapped
1881642,102835,Mapped
1881643,102859,Mapped
1881644,102826,Mapped
1881647,102449,Mapped
1881682,102855,Mapped
1881683,102854,Mapped
1881684,103393,Mapped
1882626,102502,Mapped
1882647,102764,Mapped
1882653,102552,Mapped
1882654,102553,Mapped
1882658,102566,Mapped
1883535,106484,Mapped
1883536,102607,Mapped
1883618,102587,Mapped
1883619,102663,Mapped
1883620,102664,Mapped
1883622,102605,Mapped
1883625,102612,Mapped
1883653,102787,Mapped
1883654,102757,Mapped
1883655,102777,Mapped
1883656,102792,Mapped
1883681,106034,Mapped
1883686,102884,Mapped
1883687,102883,Mapped
1883688,102881,Mapped
1883689,102820,Mapped
1883690,102837,Mapped
1883697,102879,Mapped
1883716,102814,Mapped
1883725,N/A,Unmapped
1883730,103141,Mapped
1883731,103136,Mapped
1883735,103139,Mapped
1883748,102795,Mapped
1883813,103699,Mapped
1883814,N/A,Unmapped
1883815,N/A,Unmapped
1883828,103353,Mapped
1883829,103351,Mapped
1883830,152776,Mapped
1883831,103833,Mapped
1883832,103834,Mapped
1883833,102850,Mapped
1883834,111370,Mapped
1883861,103027,Mapped
1883862,103055,Mapped
1883863,103282,Mapped
1883864,103302,Mapped
1883865,103266,Mapped
1883870,104076,Mapped
1883871,104075,Mapped
1883873,111151,Mapped
1883951001,103567,Mapped
1883951003,103568,Mapped
1883953,103274,Mapped
1884035,103007,Mapped
1884036,102670,Mapped
1884038,N/A,Unmapped
1884155,103271,Mapped
1884156,103264,Mapped
1884157,104218,Mapped
1884158,103873,Mapped
1884272,117112,Mapped
1884278,116021,Mapped
1884630,102839,Mapped
1884631,102817,Mapped
1884636,108940,Mapped
1884637,102756,Mapped
1884638,103609,Mapped
1884657,106087,Mapped
1884671,108600,Mapped
1884673,132969,Mapped
1884737,106354,Mapped
1884738,105189,Mapped
1884739,105201,Mapped
1884740,105925,Mapped
1884741,105203,Mapped
1884742,106240,Mapped
1884758,102872,Mapped
1884764,107665,Mapped
1884765,107627,Mapped
1884769,103270,Mapped
1884771,103881,Mapped
1884797,108287,Mapped
1884799,103744,Mapped
1884803,161700,Mapped
1884806,111234,Mapped
1884809,N/A,Unmapped
1884810,N/A,Unmapped
1884828,111510,Mapped
1884829,111202,Mapped
1884922,103808,Mapped
1884923,103809,Mapped
1884939,N/A,Unmapped
1884945,104118,Mapped
1884948,103636,Mapped
1884949,103638,Mapped
1884950,103639,Mapped
1884951,103637,Mapped
1884952,103779,Mapped
1884954,103786,Mapped
1884957,128344,Mapped
1884958,134506,Mapped
1884959,120831,Mapped
1884973,N/A,Unmapped
1884974,111986,Mapped
1884984,104048,Mapped
1885021,106494,Mapped
1885022,106490,Mapped
1885023,106497,Mapped
1885024,106499,Mapped
1885025,106496,Mapped
1885026,106493,Mapped
1885037,103276,Mapped
1885042,103347,Mapped
1885043,103345,Mapped
1885044,103346,Mapped
1885045,103343,Mapped
1885057,103718,Mapped
1885075,102573,Mapped
1885077,111067,Mapped
1885131,103073,Mapped
1885156,104371,Mapped
1885157,104368,Mapped
1885158,104361,Mapped
1885159,104388,Mapped
1885160,111503,Mapped
1885161,104190,Mapped
1885162,104188,Mapped
1885165,104150,Mapped
1885168,112799,Mapped
1885191,103664,Mapped
1885196,108563,Mapped
1885202,106053,Mapped
1885239,103594,Mapped
1885262,122112,Mapped
1885263,121956,Mapped
1885272,103854,Mapped
1885273,103856,Mapped
1885280,104365,Mapped
1885285,103845,Mapped
1885288,103840,Mapped
1885294,N/A,Unmapped
1885295,N/A,Unmapped
1885300,103717,Mapped
1885301,103721,Mapped
1885304,103901,Mapped
1885305,103904,Mapped
1885392,103860,Mapped
1885399,104139,Mapped
1885400,104141,Mapped
1885403,108942,Mapped
1885410,104196,Mapped
1885421,104201,Mapped
1885423,104205,Mapped
1885425,104209,Mapped
1885426,104211,Mapped
1885427,104207,Mapped
1885430,106250,Mapped
1885608,102754,Mapped
1885722,102923,Mapped
1885723,102915,Mapped
1885740,104164,Mapped
1885741,104152,Mapped
1885742,104146,Mapped
1885743,104149,Mapped
1885744,104151,Mapped
1885819,103344,Mapped
1885823,103723,Mapped
1885824,103726,Mapped
1885825,N/A,Unmapped
1885826,N/A,Unmapped
1885827,N/A,Unmapped
1885828,N/A,Unmapped
1885829,N/A,Unmapped
1885830,N/A,Unmapped
1885831,N/A,Unmapped
1885832,N/A,Unmapped
1885833,N/A,Unmapped
1885834,N/A,Unmapped
1885835,N/A,Unmapped
1885836,N/A,Unmapped
1885837,N/A,Unmapped
1885838,N/A,Unmapped
1885839,N/A,Unmapped
1885840,N/A,Unmapped
1885841,N/A,Unmapped
1885842,N/A,Unmapped
1885861,155858,Mapped
1885893,103391,Mapped
1885897,103691,Mapped
1885908,103936,Mapped
1886066,102565,Mapped
1886069,116995,Mapped
1886074,102637,Mapped
1886111,104156,Mapped
1886112,104148,Mapped
1886113,N/A,Unmapped
1886114,N/A,Unmapped
1886121,143845,Mapped
1886135,N/A,Unmapped
1886591,103342,Mapped
1886595,113335,Mapped
1886608,103817,Mapped
1886609,103816,Mapped
1886614,103951,Mapped
1886615,104122,Mapped
1886618,105221,Mapped
1887094,103695,Mapped
1887095,103678,Mapped
1887097,103706,Mapped
1887098,103679,Mapped
1887100,103703,Mapped
1887101,117730,Mapped
1887102,117059,Mapped
1887103,113073,Mapped
1887104,113074,Mapped
1887105,105970,Mapped
1887106,106202,Mapped
1887108,117728,Mapped
1887111,105941,Mapped
1887155,105833,Mapped
1887156,105845,Mapped
1887206,130985,Mapped
1887207,117075,Mapped
1887209,160154,Mapped
1887230,N/A,Unmapped
1887231,N/A,Unmapped
1887232,N/A,Unmapped
1887233,N/A,Unmapped
1887234,N/A,Unmapped
1887235,N/A,Unmapped
1887236,N/A,Unmapped
1887237,N/A,Unmapped
1887238,N/A,Unmapped
1887239,N/A,Unmapped
1887240,N/A,Unmapped
1887241,N/A,Unmapped
1887242,N/A,Unmapped
1887243,N/A,Unmapped
1887244,N/A,Unmapped
1887245,N/A,Unmapped
1887246,N/A,Unmapped
1887247,N/A,Unmapped
1887249,103667,Mapped
1887254,103889,Mapped
1887257,132970,Mapped
1887259,103729,Mapped
1887282,117557,Mapped
1887303,105246,Mapped
1887304,105252,Mapped
1887305,105290,Mapped
1887319,103969,Mapped
1887320,103967,Mapped
1887321,103933,Mapped
1887323,103934,Mapped
1887332,112680,Mapped
1887339,N/A,Unmapped
1887343,104133,Mapped
1887344,104352,Mapped
1887346,104356,Mapped
1887353,104137,Mapped
1887354,104130,Mapped
1887355,104113,Mapped
1887372,117119,Mapped
1887373,116145,Mapped
1887375,116199,Mapped
1887376,116043,Mapped
1887377,116236,Mapped
1887378,128664,Mapped
1887380,116044,Mapped
1887381,116009,Mapped
1888065,N/A,Unmapped
1888068,103907,Mapped
1888092,104401,Mapped
1888093,105212,Mapped
1888097,105216,Mapped
1888098,106216,Mapped
1888099,106079,Mapped
1888100,105986,Mapped
1888110,105297,Mapped
1888113,105271,Mapped
1888114,105387,Mapped
1888115,105292,Mapped
1888117,105286,Mapped
1888119,105254,Mapped
1888120,105279,Mapped
1888124,105591,Mapped
1888805,104080,Mapped
1888806,104088,Mapped
1888807,104084,Mapped
1888808,105306,Mapped
1888809,105303,Mapped
1888810,105305,Mapped
1888811,135465,Mapped
1888813,103917,Mapped
1888814,103915,Mapped
1889275,104370,Mapped
1889833,108974,Mapped
1889844,104393,Mapped
1890065,103837,Mapped
1890070,N/A,Unmapped
1890071,N/A,Unmapped
1890129,104170,Mapped
1890130,104168,Mapped
1890131,104169,Mapped
1890132,104173,Mapped
1890137,104176,Mapped
1890138,104177,Mapped
1890139,104178,Mapped
1890140,104179,Mapped
1890147,123839,Mapped
1890153,105399,Mapped
1890154,105408,Mapped
1890155,117777,Mapped
1890175,107755,Mapped
1890176,107754,Mapped
1890177,107753,Mapped
1890544,106011,Mapped
1890547,104117,Mapped
1890548,104138,Mapped
1890550,N/A,Unmapped
1890551,N/A,Unmapped
1890552,N/A,Unmapped
1890553,N/A,Unmapped
1890554,165378,Mapped
1890555,N/A,Unmapped
1890556,N/A,Unmapped
1890558,N/A,Unmapped
1890559,N/A,Unmapped
1890560,N/A,Unmapped
1890561,N/A,Unmapped
1890562,N/A,Unmapped
1890563,N/A,Unmapped
1890564,N/A,Unmapped
1890565,N/A,Unmapped
1890566,109971,Mapped
1890567,168446,Mapped
1890568,N/A,Unmapped
1890569,168447,Mapped
1890570,168449,Mapped
1890571,N/A,Unmapped
1890572,N/A,Unmapped
1890573,N/A,Unmapped
1890574,N/A,Unmapped
1890575,N/A,Unmapped
1890576,N/A,Unmapped
1890577,N/A,Unmapped
1890578,N/A,Unmapped
1890579,168448,Mapped
1890580,N/A,Unmapped
1890581,N/A,Unmapped
1890582,N/A,Unmapped
1890583,N/A,Unmapped
1890584,N/A,Unmapped
1890585,N/A,Unmapped
1890586,N/A,Unmapped
1890587,168450,Mapped
1890588,N/A,Unmapped
1890589,N/A,Unmapped
1890590,N/A,Unmapped
1890591,168451,Mapped
1890592,N/A,Unmapped
1890593,N/A,Unmapped
1890594,N/A,Unmapped
1890595,N/A,Unmapped
1890596,N/A,Unmapped
1890597,N/A,Unmapped
1890598,N/A,Unmapped
1890599,N/A,Unmapped
1890600,N/A,Unmapped
1890601,N/A,Unmapped
1890602,N/A,Unmapped
1890603,N/A,Unmapped
1890604,N/A,Unmapped
1890605,N/A,Unmapped
1890606,168452,Mapped
1890607,N/A,Unmapped
1890608,N/A,Unmapped
1890609,N/A,Unmapped
1890610,N/A,Unmapped
1890611,168453,Mapped
1890612,N/A,Unmapped
1890613,N/A,Unmapped
1890614,N/A,Unmapped
1890615,N/A,Unmapped
1890616,N/A,Unmapped
1890617,N/A,Unmapped
1890618,N/A,Unmapped
1890619,N/A,Unmapped
1890620,N/A,Unmapped
1890621,N/A,Unmapped
1890622,N/A,Unmapped
1890623,N/A,Unmapped
1890624,N/A,Unmapped
1890625,N/A,Unmapped
1890626,N/A,Unmapped
1890627,N/A,Unmapped
1890628,N/A,Unmapped
1890629,N/A,Unmapped
1890630,N/A,Unmapped
1890631,N/A,Unmapped
1890632,N/A,Unmapped
1890633,N/A,Unmapped
1890634,N/A,Unmapped
1890635,N/A,Unmapped
1890636,N/A,Unmapped
1890637,N/A,Unmapped
1890638,N/A,Unmapped
1890639,N/A,Unmapped
1890640,N/A,Unmapped
1890641,168454,Mapped
1890642,168455,Mapped
1890643,168457,Mapped
1890644,168456,Mapped
1890648,168458,Mapped
1890649,168459,Mapped
1890650,168460,Mapped
1890651,N/A,Unmapped
1890652,N/A,Unmapped
1890653,168461,Mapped
1890654,168462,Mapped
1890655,168463,Mapped
1890656,109793,Mapped
1890657,110138,Mapped
1890658,109796,Mapped
1890659,109791,Mapped
1890660,109792,Mapped
1890661,110139,Mapped
1890662,110140,Mapped
1890663,110143,Mapped
1890664,110142,Mapped
1890665,110145,Mapped
1890666,109785,Mapped
1890667,N/A,Unmapped
1890668,109782,Mapped
1890669,109780,Mapped
1890670,N/A,Unmapped
1890671,N/A,Unmapped
1890672,N/A,Unmapped
1890673,N/A,Unmapped
1890674,N/A,Unmapped
1890675,N/A,Unmapped
1890676,N/A,Unmapped
1890677,N/A,Unmapped
1890678,N/A,Unmapped
1890679,N/A,Unmapped
1890680,N/A,Unmapped
1890681,N/A,Unmapped
1890682,N/A,Unmapped
1890683,N/A,Unmapped
1890684,N/A,Unmapped
1890685,N/A,Unmapped
1890686,N/A,Unmapped
1890687,N/A,Unmapped
1890771,N/A,Unmapped
1890772,110063,Mapped
1890773,N/A,Unmapped
1890774,110065,Mapped
1890775,110064,Mapped
1890776,110067,Mapped
1890777,110068,Mapped
1890778,N/A,Unmapped
1890779,N/A,Unmapped
1890780,N/A,Unmapped
1890781,N/A,Unmapped
1890782,N/A,Unmapped
1890783,N/A,Unmapped
1890784,N/A,Unmapped
1890785,N/A,Unmapped
1890786,N/A,Unmapped
1890787,N/A,Unmapped
1890788,N/A,Unmapped
1890793,N/A,Unmapped
1890794,N/A,Unmapped
1890811,110154,Mapped
1890821,N/A,Unmapped
1890823,N/A,Unmapped
1890824,N/A,Unmapped
1890825,N/A,Unmapped
1890826,N/A,Unmapped
1890827,N/A,Unmapped
1890828,N/A,Unmapped
1890829,N/A,Unmapped
1890830,N/A,Unmapped
1890831,N/A,Unmapped
1890832,N/A,Unmapped
1890833,N/A,Unmapped
1890834,N/A,Unmapped
1890835,N/A,Unmapped
1890836,N/A,Unmapped
1890837,N/A,Unmapped
1890838,N/A,Unmapped
1890839,N/A,Unmapped
1890840,N/A,Unmapped
1890841,N/A,Unmapped
1890842,N/A,Unmapped
1890843,N/A,Unmapped
1890844,N/A,Unmapped
1890845,N/A,Unmapped
1890846,N/A,Unmapped
1890847,N/A,Unmapped
1890848,N/A,Unmapped
1890849,N/A,Unmapped
1890850,N/A,Unmapped
1890851,N/A,Unmapped
1890852,N/A,Unmapped
1890853,N/A,Unmapped
1890854,N/A,Unmapped
1890855,110075,Mapped
1890856,110072,Mapped
1890857,110071,Mapped
1890858,N/A,Unmapped
1890859,N/A,Unmapped
1890860,N/A,Unmapped
1890861,N/A,Unmapped
1890862,N/A,Unmapped
1890863,N/A,Unmapped
1890864,N/A,Unmapped
1890865,N/A,Unmapped
1890866,N/A,Unmapped
1890867,N/A,Unmapped
1890868,N/A,Unmapped
1890869,N/A,Unmapped
1890870,N/A,Unmapped
1890871,N/A,Unmapped
1890872,N/A,Unmapped
1890873,N/A,Unmapped
1890874,N/A,Unmapped
1890875,N/A,Unmapped
1890876,N/A,Unmapped
1890877,N/A,Unmapped
1890878,N/A,Unmapped
1890879,N/A,Unmapped
1890880,N/A,Unmapped
1890881,N/A,Unmapped
1890882,N/A,Unmapped
1890883,N/A,Unmapped
1890884,N/A,Unmapped
1890885,N/A,Unmapped
1890886,N/A,Unmapped
1890887,N/A,Unmapped
1890888,N/A,Unmapped
1890889,N/A,Unmapped
1890890,N/A,Unmapped
1890891,N/A,Unmapped
1890892,N/A,Unmapped
1890893,N/A,Unmapped
1890894,N/A,Unmapped
1890895,N/A,Unmapped
1890896,N/A,Unmapped
1890897,N/A,Unmapped
1890898,N/A,Unmapped
1890899,N/A,Unmapped
1890900,N/A,Unmapped
1890901,N/A,Unmapped
1890902,N/A,Unmapped
1890903,N/A,Unmapped
1890904,N/A,Unmapped
1890905,N/A,Unmapped
1890906,110069,Mapped
1890907,110070,Mapped
1890908,109765,Mapped
1890909,N/A,Unmapped
1890910,N/A,Unmapped
1890911,N/A,Unmapped
1890912,N/A,Unmapped
1890913,N/A,Unmapped
1890914,N/A,Unmapped
1890915,N/A,Unmapped
1890916,N/A,Unmapped
1890917,N/A,Unmapped
1890918,N/A,Unmapped
1890919,N/A,Unmapped
1890920,N/A,Unmapped
1890921,N/A,Unmapped
1890922,N/A,Unmapped
1890923,N/A,Unmapped
1890924,N/A,Unmapped
1890925,N/A,Unmapped
1890926,N/A,Unmapped
1890927,N/A,Unmapped
1890928,N/A,Unmapped
1890929,N/A,Unmapped
1890930,N/A,Unmapped
1890931,N/A,Unmapped
1890932,N/A,Unmapped
1890933,N/A,Unmapped
1890934,N/A,Unmapped
1890935,N/A,Unmapped
1890936,N/A,Unmapped
1890937,N/A,Unmapped
1890938,N/A,Unmapped
1890939,N/A,Unmapped
1890940,N/A,Unmapped
1890941,N/A,Unmapped
1890942,N/A,Unmapped
1890943,N/A,Unmapped
1890944,N/A,Unmapped
1890945,N/A,Unmapped
1890946,N/A,Unmapped
1890947,N/A,Unmapped
1890948,N/A,Unmapped
1890949,110077,Mapped
1890950,N/A,Unmapped
1890951,N/A,Unmapped
1890952,N/A,Unmapped
1890953,N/A,Unmapped
1890954,N/A,Unmapped
1890955,N/A,Unmapped
1890956,N/A,Unmapped
1890957,N/A,Unmapped
1890958,N/A,Unmapped
1890959,N/A,Unmapped
1890960,N/A,Unmapped
1890961,N/A,Unmapped
1890962,N/A,Unmapped
1890963,N/A,Unmapped
1890964,N/A,Unmapped
1890965,N/A,Unmapped
1890966,N/A,Unmapped
1890967,N/A,Unmapped
1890968,N/A,Unmapped
1890969,N/A,Unmapped
1890970,N/A,Unmapped
1890971,N/A,Unmapped
1890972,N/A,Unmapped
1890973,N/A,Unmapped
1890974,N/A,Unmapped
1890975,N/A,Unmapped
1890976,N/A,Unmapped
1890977,N/A,Unmapped
1890978,N/A,Unmapped
1890979,N/A,Unmapped
1890980,N/A,Unmapped
1890981,N/A,Unmapped
1890982,N/A,Unmapped
1890983,N/A,Unmapped
1890984,N/A,Unmapped
1890985,N/A,Unmapped
1890986,N/A,Unmapped
1890987,N/A,Unmapped
1890988,N/A,Unmapped
1890989,110074,Mapped
1890990,109773,Mapped
1890991,N/A,Unmapped
1890992,N/A,Unmapped
1890993,N/A,Unmapped
1890994,N/A,Unmapped
1890995,N/A,Unmapped
1890996,N/A,Unmapped
1890997,N/A,Unmapped
1890998,N/A,Unmapped
1890999,N/A,Unmapped
1891000,N/A,Unmapped
1891001,N/A,Unmapped
1891002,N/A,Unmapped
1891003,N/A,Unmapped
1891004,N/A,Unmapped
1891005,N/A,Unmapped
1891006,110081,Mapped
1891007,110073,Mapped
1891008,109827,Mapped
1891009,N/A,Unmapped
1891010,N/A,Unmapped
1891011,109831,Mapped
1891012,N/A,Unmapped
1891013,N/A,Unmapped
1891014,N/A,Unmapped
1891015,N/A,Unmapped
1891016,N/A,Unmapped
1891017,N/A,Unmapped
1891018,N/A,Unmapped
1891019,N/A,Unmapped
1891020,N/A,Unmapped
1891021,N/A,Unmapped
1891022,N/A,Unmapped
1891023,N/A,Unmapped
1891024,N/A,Unmapped
1891322,104097,Mapped
1891379,N/A,Unmapped
1891380,N/A,Unmapped
1891424,123234,Mapped
1891425,N/A,Unmapped
1891426,N/A,Unmapped
1891427,N/A,Unmapped
1891428,N/A,Unmapped
1891429,N/A,Unmapped
1891430,N/A,Unmapped
1891431,N/A,Unmapped
1891432,N/A,Unmapped
1891433,N/A,Unmapped
1891459,N/A,Unmapped
1891464,132972,Mapped
1891465,N/A,Unmapped
1891466,N/A,Unmapped
1891467,N/A,Unmapped
1891468,N/A,Unmapped
1891469,N/A,Unmapped
1891470,N/A,Unmapped
1891471,N/A,Unmapped
1891472,N/A,Unmapped
1891473,N/A,Unmapped
1891474,N/A,Unmapped
1891475,N/A,Unmapped
1891476,N/A,Unmapped
1891477,N/A,Unmapped
1891478,N/A,Unmapped
1891479,N/A,Unmapped
1891480,N/A,Unmapped
1891481,N/A,Unmapped
1891488,106311,Mapped
1891489,104067,Mapped
1891490,104068,Mapped
1891491,N/A,Unmapped
1891492,N/A,Unmapped
1891493,N/A,Unmapped
1891494,N/A,Unmapped
1891495,N/A,Unmapped
1891496,N/A,Unmapped
1891497,N/A,Unmapped
1891506,106281,Mapped
1891508,105228,Mapped
1891509,105226,Mapped
1891510,105230,Mapped
1891511,105229,Mapped
1891512,105232,Mapped
1891513,105231,Mapped
1891520,105193,Mapped
1891522,105200,Mapped
1891533,105691,Mapped
1891537,N/A,Unmapped
1891538,N/A,Unmapped
1891551,104206,Mapped
1891552,104202,Mapped
1891553,104203,Mapped
1891851,110646,Mapped
1891863,168682,Mapped
1891948,168683,Mapped
1891958,110378,Mapped
1892035,105383,Mapped
1892036,105390,Mapped
1892037,105391,Mapped
1892038,105392,Mapped
1892039,105396,Mapped
1892042,106275,Mapped
1892043,105194,Mapped
1892108,N/A,Unmapped
1892111,N/A,Unmapped
1892124,N/A,Unmapped
1892125,N/A,Unmapped
1892126,N/A,Unmapped
1892132,N/A,Unmapped
1892149,N/A,Unmapped
1892150,N/A,Unmapped
1892151,N/A,Unmapped
1892155,N/A,Unmapped
1892156,N/A,Unmapped
1892157,N/A,Unmapped
1892178,110314,Mapped
1892179,N/A,Unmapped
1892180,N/A,Unmapped
1892187,110202,Mapped
1892194,N/A,Unmapped
1892199,N/A,Unmapped
1892275,105195,Mapped
1892277,106136,Mapped
1892280,106982,Mapped
1892281,106984,Mapped
1892283,106974,Mapped
1892289,105285,Mapped
1892290,105270,Mapped
1892300,105227,Mapped
1892326,112495,Mapped
1892327,112498,Mapped
1892328,112497,Mapped
1892329,112496,Mapped
1892362,105682,Mapped
1892365,105288,Mapped
1892366,105258,Mapped
1892367,104419,Mapped
1892374,105700,Mapped
1892375,106117,Mapped
1892376,106007,Mapped
1892377,106146,Mapped
1892378,105926,Mapped
1892380,106138,Mapped
1892381,111191,Mapped
1892382,105282,Mapped
1892383,105205,Mapped
1892384,105300,Mapped
1892385,105245,Mapped
1892387,105642,Mapped
1892388,N/A,Unmapped
1892396,108668,Mapped
1892458,106169,Mapped
1892459,105947,Mapped
1892461,105933,Mapped
1892462,105936,Mapped
1892471,105655,Mapped
1892472,105694,Mapped
1892473,105652,Mapped
1892475,161820,Mapped
1892511,111133,Mapped
1892565,N/A,Unmapped
1892566,N/A,Unmapped
1892585,N/A,Unmapped
1892589,130262,Mapped
1892594,106043,Mapped
1892611,113866,Mapped
1892615,104390,Mapped
1892637,138268,Mapped
1892662,105772,Mapped
1892663,105753,Mapped
1892664,105762,Mapped
1892666,106597,Mapped
1892675,105709,Mapped
1892676,105705,Mapped
1892680,105708,Mapped
1892683,105716,Mapped
1892684,105712,Mapped
1892685,105713,Mapped
1893038,N/A,Unmapped
1893326,104351,Mapped
1893328,N/A,Unmapped
1893332,105307,Mapped
1893344,106277,Mapped
1893411,105869,Mapped
1893412,105590,Mapped
1893413,106754,Mapped
1893416,105579,Mapped
1893422,105407,Mapped
1893431,117546,Mapped
1893433,117545,Mapped
1893435,117547,Mapped
1893437,105381,Mapped
1893553,143190,Mapped
1893554,111687,Mapped
1893560,111681,Mapped
1893564,143188,Mapped
1893567,111684,Mapped
1893574,132973,Mapped
1893575,132975,Mapped
1893576,132974,Mapped
1893599,132977,Mapped
1893620,116587,Mapped
1893625,116520,Mapped
1893626,116519,Mapped
1893630,116786,Mapped
1893637,116763,Mapped
1893640,106035,Mapped
1893643,106012,Mapped
1893644,106285,Mapped
1893645,112266,Mapped
1893646,106052,Mapped
1893647,108663,Mapped
1893648,104142,Mapped
1893738,112468,Mapped
1893739,112469,Mapped
1893740,112470,Mapped
1893742,112471,Mapped
1893743,112472,Mapped
1893748,105269,Mapped
1893749,105237,Mapped
1893750,110649,Mapped
1893752,103972,Mapped
1893808,105277,Mapped
1893809,105283,Mapped
1893824,106656,Mapped
1893844,106652,Mapped
1893868,105752,Mapped
1893870,105764,Mapped
1893871,105686,Mapped
1893880,152237,Mapped
1893881,111134,Mapped
1893883,105304,Mapped
1893908,105175,Mapped
1893909,105172,Mapped
1893917,105404,Mapped
1893918,105409,Mapped
1893921,105403,Mapped
1893922,106339,Mapped
1893925,106346,Mapped
1893928,106348,Mapped
1893929,106351,Mapped
1893931,108410,Mapped
1893939,121748,Mapped
1893956,105717,Mapped
1893957,105715,Mapped
1893958,105631,Mapped
1894037,105166,Mapped
1894038,105165,Mapped
1894039,105167,Mapped
1894041,104421,Mapped
1894042,105586,Mapped
1894074,104408,Mapped
1894075,104409,Mapped
1894078,104387,Mapped
1894300,106005,Mapped
1894645,104412,Mapped
1894648,104434,Mapped
1894651,104418,Mapped
1894652,104417,Mapped
1894659,104041,Mapped
1894672,156338,Mapped
1894729,105754,Mapped
1894745,106342,Mapped
1894747,105932,Mapped
1894852,105234,Mapped
1894853,105235,Mapped
1894854,105964,Mapped
1894855,106003,Mapped
1894856,111120,Mapped
1894857,111066,Mapped
1895044,105371,Mapped
1895045,104384,Mapped
1895046,104386,Mapped
1895047,105243,Mapped
1895048,106444,Mapped
1895049,106458,Mapped
1895050,113457,Mapped
1895051,113435,Mapped
1895060,105372,Mapped
1895061,105723,Mapped
1895063,106347,Mapped
1895065,105768,Mapped
1895107,107704,Mapped
1895108,N/A,Unmapped
1895109,N/A,Unmapped
1895110,N/A,Unmapped
1895111,N/A,Unmapped
1895112,N/A,Unmapped
1895113,N/A,Unmapped
1895114,N/A,Unmapped
1895115,N/A,Unmapped
1895116,N/A,Unmapped
1895117,N/A,Unmapped
1895118,N/A,Unmapped
1895119,N/A,Unmapped
1895120,N/A,Unmapped
1895122,N/A,Unmapped
1895123,N/A,Unmapped
1895124,N/A,Unmapped
1895125,N/A,Unmapped
1895126,N/A,Unmapped
1895129,105171,Mapped
1895130,105170,Mapped
1895137,110832,Mapped
1895144,106327,Mapped
1895145,108270,Mapped
1895634,105664,Mapped
1896346,105998,Mapped
1897041,106323,Mapped
1897042,106314,Mapped
1897059,111179,Mapped
1897080,106352,Mapped
1897087,105350,Mapped
1897088,105348,Mapped
1897089,105351,Mapped
1897091,106602,Mapped
1897107,112281,Mapped
1897108,112282,Mapped
1897109,112283,Mapped
1897110,112285,Mapped
1897111,112288,Mapped
1897112,112284,Mapped
1897113,112286,Mapped
1897114,112287,Mapped
1897115,112290,Mapped
1897116,112289,Mapped
1897127,106331,Mapped
1897129,N/A,Unmapped
1897155,108975,Mapped
1897156,108977,Mapped
1897160,106291,Mapped
1897171,N/A,Unmapped
1897205,105954,Mapped
1897206,105982,Mapped
1897222,113056,Mapped
1897291,N/A,Unmapped
1897292,N/A,Unmapped
1897369,N/A,Unmapped
1897370,N/A,Unmapped
1897371,N/A,Unmapped
1897401,106377,Mapped
1897424,108351,Mapped
1897441,N/A,Unmapped
1897442,N/A,Unmapped
1897445,N/A,Unmapped
1897483,106378,Mapped
1897485,117781,Mapped
1897486,117780,Mapped
1897494,106819,Mapped
1897521,108257,Mapped
1897522,108258,Mapped
1897523,108255,Mapped
1897524,108256,Mapped
1897532,108359,Mapped
1897548,107758,Mapped
1897549,107764,Mapped
1897550,107804,Mapped
1897551,107799,Mapped
1897552,107807,Mapped
1897553,107810,Mapped
1897576,126131,Mapped
1897584,105604,Mapped
1897585,105606,Mapped
1897586,105596,Mapped
1897587,105600,Mapped
1897596,111357,Mapped
1897597,111360,Mapped
1897598,111358,Mapped
1897599,111359,Mapped
1897600,113346,Mapped
1897636,106461,Mapped
1897637,106457,Mapped
1897638,106435,Mapped
1897640,106620,Mapped
1897641,106410,Mapped
1897643,105352,Mapped
1897645,108154,Mapped
1897693,105906,Mapped
1897694,105910,Mapped
1897695,105911,Mapped
1897696,105904,Mapped
1897713,108765,Mapped
1897717,106369,Mapped
1897720,106850,Mapped
1897722,106740,Mapped
1897724,106861,Mapped
1897726,106744,Mapped
1897762,111125,Mapped
1897779,108978,Mapped
1897780,108980,Mapped
1897784,N/A,Unmapped
1897785,N/A,Unmapped
1897786,N/A,Unmapped
1897787,N/A,Unmapped
1897788,111985,Mapped
1897789,107802,Mapped
1897790,108313,Mapped
1897792,106812,Mapped
1897793,106811,Mapped
1897794,106749,Mapped
1897828,117658,Mapped
1897832,106579,Mapped
1897833,106581,Mapped
1897856,121949,Mapped
1897864,107742,Mapped
1897867,N/A,Unmapped
1897911,108675,Mapped
1897912,108716,Mapped
1897967,106741,Mapped
1897968,106770,Mapped
1897969,106735,Mapped
1897979,113938,Mapped
1897980,113937,Mapped
1897987,111325,Mapped
1897988,108919,Mapped
1897989,108924,Mapped
1897990,108910,Mapped
1898033,126549,Mapped
1898040,106172,Mapped
1898042,105375,Mapped
1898044,105377,Mapped
1898045,105378,Mapped
1898046,108785,Mapped
1898047,105365,Mapped
1898048,105405,Mapped
1898049,105386,Mapped
1898050,105360,Mapped
1898051,105663,Mapped
1898052,105689,Mapped
1898066,105878,Mapped
1898154,105929,Mapped
1898155,106869,Mapped
1898156,106870,Mapped
1898157,106871,Mapped
1898158,106872,Mapped
1898159,106873,Mapped
1898160,106874,Mapped
1898161,106875,Mapped
1898162,106876,Mapped
1898164,106877,Mapped
1898166,106879,Mapped
1898186,106738,Mapped
1898187,106857,Mapped
1898256,N/A,Unmapped
1898257,106813,Mapped
1898258,106371,Mapped
1898259,106617,Mapped
1898260,106594,Mapped
1898261,106618,Mapped
1898262,114443,Mapped
1898266,111584,Mapped
1898267,111583,Mapped
1898291,106400,Mapped
1898292,106415,Mapped
1898535,106241,Mapped
1898536,106244,Mapped
1898563,113042,Mapped
1898587,113031,Mapped
1898588,113030,Mapped
1898589,113029,Mapped
1898590,113025,Mapped
1898592,113021,Mapped
1898593,113020,Mapped
1898594,113019,Mapped
1898595,113017,Mapped
1898596,113016,Mapped
1898604,106515,Mapped
1898605,106519,Mapped
1898606,108309,Mapped
1898630,117019,Mapped
1898631,123247,Mapped
1898632,112656,Mapped
1898634,106292,Mapped
1898637,106787,Mapped
1898638,106815,Mapped
1898639,106322,Mapped
1898640,N/A,Unmapped
1898643,111631,Mapped
1898644,111660,Mapped
1898645,111641,Mapped
1898646,111630,Mapped
1898649,108519,Mapped
1898650,108518,Mapped
1898651,108976,Mapped
1898658,106598,Mapped
1898659,106605,Mapped
1898662,106854,Mapped
1898674,108408,Mapped
1898705,113015,Mapped
1898741,113536,Mapped
1898742,113535,Mapped
1898743,113526,Mapped
1898744,113529,Mapped
1898745,113510,Mapped
1898746,113516,Mapped
1898747,113514,Mapped
1898748,113533,Mapped
1898749,113530,Mapped
1898750,113515,Mapped
1898751,113513,Mapped
1898752,113537,Mapped
1898753,113538,Mapped
1898754,113542,Mapped
1898755,113543,Mapped
1898760,113523,Mapped
1898761,113544,Mapped
1898762,113545,Mapped
1898763,113546,Mapped
1898764,113547,Mapped
1898765,113519,Mapped
1898766,113517,Mapped
1898767,113520,Mapped
1898768,113534,Mapped
1898769,113521,Mapped
1898774,113524,Mapped
1898775,113528,Mapped
1898776,113525,Mapped
1898778,113518,Mapped
1898800,110830,Mapped
1898807,111070,Mapped
1898821,108344,Mapped
1898830,108382,Mapped
1898845,108695,Mapped
1898847,108703,Mapped
1898907,114536,Mapped
1898908,114537,Mapped
1898910,108855,Mapped
1898911,108810,Mapped
1898912,108811,Mapped
1898913,108813,Mapped
1898914,108814,Mapped
1898945,113327,Mapped
1898948,111263,Mapped
1898949,111295,Mapped
1898950,111315,Mapped
1898958,111231,Mapped
1898960,109068,Mapped
1898964,111296,Mapped
1898968,132985,Mapped
1899037,105909,Mapped
1899038,105908,Mapped
1899042,105940,Mapped
1899047,105376,Mapped
1899049,N/A,Unmapped
1899051,N/A,Unmapped
1899052,N/A,Unmapped
1899053,N/A,Unmapped
1899054,105721,Mapped
1899055,105718,Mapped
1899060,106165,Mapped
1899066,108306,Mapped
1899076,107722,Mapped
1899104,105987,Mapped
1899105,106164,Mapped
1899107,N/A,Unmapped
1899114,106295,Mapped
1899115,106307,Mapped
1899116,106296,Mapped
1899117,106299,Mapped
1899120,106028,Mapped
1899121,105927,Mapped
1899126,105951,Mapped
1899127,106180,Mapped
1899128,105966,Mapped
1899133,106399,Mapped
1899134,106443,Mapped
1899135,108903,Mapped
1899136,106420,Mapped
1899139,111168,Mapped
1899143,106313,Mapped
1899148,122165,Mapped
1899192,N/A,Unmapped
1899195,N/A,Unmapped
1899199,N/A,Unmapped
1899223,121839,Mapped
1899224,117114,Mapped
1899226,164700,Mapped
1899270,111587,Mapped
1899271,111586,Mapped
1899272,111588,Mapped
1899273,111585,Mapped
1899275,107793,Mapped
1899330,132988,Mapped
1899338,111273,Mapped
1899348,108702,Mapped
1899350,108750,Mapped
1899351,111988,Mapped
1899352,111993,Mapped
1899353,111995,Mapped
1899363,112005,Mapped
1899364,112002,Mapped
1899366,165382,Mapped
1899367,165379,Mapped
1899369,168464,Mapped
1899370,168465,Mapped
1899372,168466,Mapped
1899373,168467,Mapped
1899374,168468,Mapped
1899375,168469,Mapped
1899376,168470,Mapped
1899377,168471,Mapped
1899378,168472,Mapped
1899379,168473,Mapped
1899380,168474,Mapped
1899382,N/A,Unmapped
1899383,168475,Mapped
1899386,168477,Mapped
1899387,168476,Mapped
1899388,168478,Mapped
1899389,168479,Mapped
1899390,168480,Mapped
1899391,168481,Mapped
1899392,168482,Mapped
1899395,168483,Mapped
1899398,168484,Mapped
1899399,168485,Mapped
1899400,168487,Mapped
1899401,168486,Mapped
1899402,168488,Mapped
1899403,168489,Mapped
1899404,168490,Mapped
1899405,168491,Mapped
1899406,168492,Mapped
1899407,168493,Mapped
1899408,168494,Mapped
1899409,168495,Mapped
1899410,168496,Mapped
1899411,168497,Mapped
1899412,168498,Mapped
1899413,168499,Mapped
1899414,168500,Mapped
1899415,N/A,Unmapped
1899416,168501,Mapped
1899418,168502,Mapped
1899419,168503,Mapped
1899420,168504,Mapped
1899421,168505,Mapped
1899422,168506,Mapped
1899423,168507,Mapped
1899424,161822,Mapped
1899469,117741,Mapped
1899470,117742,Mapped
1899471,117739,Mapped
1899474,115999,Mapped
1899477,108682,Mapped
1899542,105907,Mapped
1899543,105903,Mapped
1899549,106432,Mapped
1899550,112802,Mapped
1899551,113121,Mapped
1899552,113397,Mapped
1899553,113355,Mapped
1899554,113396,Mapped
1899555,113400,Mapped
1899556,113398,Mapped
1899592,106607,Mapped
1899594,106556,Mapped
1899597,106578,Mapped
1899601,107710,Mapped
1899602,107705,Mapped
1899605,107715,Mapped
1899606,107689,Mapped
1899609,107714,Mapped
1899623,106621,Mapped
1899624,106615,Mapped
1899625,106600,Mapped
1899626,106361,Mapped
1899638,106363,Mapped
1899639,106474,Mapped
1899647,N/A,Unmapped
1899648,N/A,Unmapped
1899649,N/A,Unmapped
1899650,N/A,Unmapped
1899651,N/A,Unmapped
1899652,N/A,Unmapped
1899653,N/A,Unmapped
1899666,111141,Mapped
1899679,107734,Mapped
1899843,N/A,Unmapped
1899844,N/A,Unmapped
1899845,N/A,Unmapped
1899846,107692,Mapped
1899848,106642,Mapped
1900038,108440,Mapped
1900044,106388,Mapped
1900109,108465,Mapped
1900110,108469,Mapped
1900111,108467,Mapped
1900113,106776,Mapped
1900124,111281,Mapped
1900138,106771,Mapped
1900142,107808,Mapped
1900143,107821,Mapped
1900145,107766,Mapped
1900146,107797,Mapped
1900148,N/A,Unmapped
1900149,N/A,Unmapped
1900150,N/A,Unmapped
1900151,N/A,Unmapped
1900152,N/A,Unmapped
1900153,N/A,Unmapped
1900154,108460,Mapped
1900158,112467,Mapped
1900159,112461,Mapped
1900160,112465,Mapped
1900161,108853,Mapped
1900168,108609,Mapped
1900169,108610,Mapped
1900184,116100,Mapped
1900191,118263,Mapped
1900205,108824,Mapped
1900206,108820,Mapped
1900210,132990,Mapped
1900211,117743,Mapped
1900212,117738,Mapped
1900310,112738,Mapped
1900362,111287,Mapped
1900363,111346,Mapped
1900806,N/A,Unmapped
1900807,N/A,Unmapped
1900808,N/A,Unmapped
1900831,117711,Mapped
1900856,107739,Mapped
1900877,108761,Mapped
1900895,108584,Mapped
1900906,108568,Mapped
1900907,108567,Mapped
1900909,142177,Mapped
1900915,145990,Mapped
1900919,108596,Mapped
1900920,108601,Mapped
1900922,120928,Mapped
1900958,N/A,Unmapped
1900959,N/A,Unmapped
1900968,116821,Mapped
1900972,117447,Mapped
1901052,106591,Mapped
1901053,N/A,Unmapped
1901054,N/A,Unmapped
1901055,108773,Mapped
1901427,115707,Mapped
1901428,115708,Mapped
1901429,115709,Mapped
1901430,115714,Mapped
1901460,108317,Mapped
1901462,108434,Mapped
1901480,129199,Mapped
1901495,111268,Mapped
1901497,111666,Mapped
1901501,108516,Mapped
1901503,108320,Mapped
1901516,108472,Mapped
1901602,111173,Mapped
1901604,111075,Mapped
1901606,111128,Mapped
1901609,127434,Mapped
1901614,108432,Mapped
1901615,108429,Mapped
1901616,108441,Mapped
1901619,108354,Mapped
1901620,108335,Mapped
1901621,108272,Mapped
1901622,108271,Mapped
1901623,108274,Mapped
1901624,108273,Mapped
1901627,113103,Mapped
1901628,108439,Mapped
1901629,108446,Mapped
1901630,108463,Mapped
1901631,108462,Mapped
1901687,116083,Mapped
1901689,116095,Mapped
1901691,N/A,Unmapped
1901693,108305,Mapped
1901694,108310,Mapped
1901699,108672,Mapped
1901700,108712,Mapped
1901711,126594,Mapped
1901714,108743,Mapped
1901725,108659,Mapped
1901726,108661,Mapped
1901730,117690,Mapped
1901731,108925,Mapped
1901732,108477,Mapped
1901734,108481,Mapped
1901759,111288,Mapped
1901801,111334,Mapped
1901803,117692,Mapped
1901806,117044,Mapped
1901807,117691,Mapped
1901841,111293,Mapped
1901856,108537,Mapped
1901857,108536,Mapped
1901859,108588,Mapped
1901866,108605,Mapped
1901892,132989,Mapped
1901893,132991,Mapped
1901933,122061,Mapped
1901947,113690,Mapped
1901948,113687,Mapped
1902065,111339,Mapped
1902066,111336,Mapped
1902067,111301,Mapped
1902068,111330,Mapped
1902077,108304,Mapped
1902078,107798,Mapped
1902080,107763,Mapped
1902480,108175,Mapped
1902481,108180,Mapped
1902482,108177,Mapped
1902851,108555,Mapped
1902852,117766,Mapped
1903027,132996,Mapped
1903028,134228,Mapped
1903030,116004,Mapped
1903031,117115,Mapped
1903032,121060,Mapped
1903238,108688,Mapped
1903239,108473,Mapped
1903280,N/A,Unmapped
1903281,N/A,Unmapped
1903296,108510,Mapped
1903297,108511,Mapped
1903301,108507,Mapped
1903307,152242,Mapped
1903344,108586,Mapped
1903345,116008,Mapped
1903348,111085,Mapped
1903349,111161,Mapped
1903350,111118,Mapped
1903373,108641,Mapped
1903374,108544,Mapped
1903398,108854,Mapped
1903399,108821,Mapped
1903400,108839,Mapped
1903466,108491,Mapped
1903483,N/A,Unmapped
1903484,N/A,Unmapped
1903485,N/A,Unmapped
1903486,N/A,Unmapped
1903487,N/A,Unmapped
1903488,N/A,Unmapped
1903489,N/A,Unmapped
1903490,N/A,Unmapped
1903491,N/A,Unmapped
1903492,N/A,Unmapped
1903493,N/A,Unmapped
1903494,N/A,Unmapped
1903495,N/A,Unmapped
1903496,N/A,Unmapped
1903497,N/A,Unmapped
1903498,N/A,Unmapped
1903499,N/A,Unmapped
1903500,N/A,Unmapped
1903501,N/A,Unmapped
1903526,108842,Mapped
1903528,108983,Mapped
1903529,108984,Mapped
1903530,108986,Mapped
1903531,108987,Mapped
1903551,119371,Mapped
1903557,145413,Mapped
1903558,145414,Mapped
1903559,145415,Mapped
1903563,145416,Mapped
1903984,111332,Mapped
1903987,111230,Mapped
1904009,N/A,Unmapped
1904036,112729,Mapped
1904037,112726,Mapped
1904088,112809,Mapped
1904089,112807,Mapped
1904090,112804,Mapped
1904091,112803,Mapped
1904092,112806,Mapped
1904093,108803,Mapped
1904094,108806,Mapped
1904114,155813,Mapped
1904119,108763,Mapped
1904120,111131,Mapped
1904121,111071,Mapped
1904122,111130,Mapped
1904123,111210,Mapped
1904124,111164,Mapped
1904126,108850,Mapped
1904134,111572,Mapped
1904151,N/A,Unmapped
1904159,N/A,Unmapped
1904160,N/A,Unmapped
1904161,N/A,Unmapped
1904164,N/A,Unmapped
1904165,N/A,Unmapped
1904166,N/A,Unmapped
1904167,N/A,Unmapped
1904170,122102,Mapped
1904178,122070,Mapped
1904185,N/A,Unmapped
1904187,N/A,Unmapped
1904216,116484,Mapped
1904219,116545,Mapped
1904222,161821,Mapped
1904223,161823,Mapped
1904224,N/A,Unmapped
1904225,168508,Mapped
1904226,N/A,Unmapped
1904227,N/A,Unmapped
1904228,N/A,Unmapped
1904249,109075,Mapped
1904252,109077,Mapped
1904260,116513,Mapped
1904261,116631,Mapped
1904262,117287,Mapped
1904264,117437,Mapped
1904265,116841,Mapped
1904268,116627,Mapped
1904270,117433,Mapped
1904272,N/A,Unmapped
1904273,117532,Mapped
1904274,117535,Mapped
1904307,N/A,Unmapped
1904308,N/A,Unmapped
1904309,120764,Mapped
1904310,N/A,Unmapped
1904311,120793,Mapped
1904312,N/A,Unmapped
1904334,111642,Mapped
1904337,111079,Mapped
1904338,111140,Mapped
1904339,111318,Mapped
1904943,108552,Mapped
1904948,113466,Mapped
1904949,113490,Mapped
1904981,108521,Mapped
1904982,108844,Mapped
1904983,108766,Mapped
1904984,108764,Mapped
1904985,108898,Mapped
1904986,108752,Mapped
1904987,108856,Mapped
1905056,108900,Mapped
1905057,108901,Mapped
1905064,132997,Mapped
1905065,132998,Mapped
1905066,117071,Mapped
1905068,133000,Mapped
1905069,146660,Mapped
1905070,117067,Mapped
1905071,117066,Mapped
1905073,117068,Mapped
1905074,132999,Mapped
1905086,108970,Mapped
1905107,108966,Mapped
1905118,111505,Mapped
1905119,111508,Mapped
1905122,N/A,Unmapped
1905123,111113,Mapped
1905124,111119,Mapped
1905127,111093,Mapped
1905143,124211,Mapped
1905146,123248,Mapped
1905150,120535,Mapped
1905178,125675,Mapped
1905179,118389,Mapped
1905194,120158,Mapped
1905195,120157,Mapped
1905199,118392,Mapped
1905230,N/A,Unmapped
1905239,118398,Mapped
1905240,118399,Mapped
1905259,120144,Mapped
1905268,118419,Mapped
1905282,118424,Mapped
1905286,123465,Mapped
1905288,118427,Mapped
1905291,118430,Mapped
1905294,118432,Mapped
1905303,123467,Mapped
1905321,137645,Mapped
1905325,118437,Mapped
1905351,118447,Mapped
1905352,118448,Mapped
1905355,120099,Mapped
1905356,118451,Mapped
1905372,122199,Mapped
1905390,118464,Mapped
1905401,117131,Mapped
1905402,116532,Mapped
1905406,120176,Mapped
1905409,120045,Mapped
1905423,120097,Mapped
1905424,120171,Mapped
1905425,120170,Mapped
1905428,118473,Mapped
1905429,118474,Mapped
190544,6521,Mapped
1905440,120579,Mapped
1905442,120580,Mapped
1905450,120167,Mapped
1905453,118485,Mapped
1905460,120166,Mapped
1905463,120165,Mapped
1905480,120036,Mapped
1905483,118494,Mapped
1905488,118497,Mapped
1905505,118506,Mapped
1905507,120072,Mapped
1905528,127420,Mapped
1905674,108784,Mapped
1905680,114440,Mapped
1905681,114442,Mapped
1905682,114439,Mapped
1905683,114441,Mapped
1905789,108892,Mapped
1905790,108893,Mapped
1905796,116081,Mapped
1905800,113479,Mapped
1905802,116541,Mapped
1905804,116502,Mapped
1905810,117138,Mapped
1905814,116539,Mapped
1905816,168510,Mapped
1905817,116668,Mapped
1905818,116672,Mapped
1905819,116496,Mapped
1905821,116574,Mapped
1905822,117538,Mapped
1905823,117539,Mapped
1905824,116553,Mapped
1905826,116986,Mapped
1905827,117126,Mapped
1905828,116518,Mapped
1905833,117529,Mapped
1905835,116509,Mapped
1905837,124805,Mapped
1905840,116523,Mapped
1905841,116533,Mapped
1905842,116617,Mapped
1905843,117130,Mapped
1905844,116510,Mapped
1905845,116571,Mapped
1905847,116748,Mapped
1905848,116725,Mapped
1905849,116760,Mapped
1905850,116737,Mapped
1905851,117389,Mapped
1905854,117392,Mapped
1905855,116872,Mapped
1905856,117393,Mapped
1905858,117395,Mapped
1905859,117391,Mapped
1905860,116723,Mapped
1905862,N/A,Unmapped
1905863,N/A,Unmapped
1905870,116717,Mapped
1905871,116757,Mapped
1905872,117396,Mapped
1905879,117166,Mapped
1905881,117168,Mapped
1905889,116674,Mapped
1905890,168509,Mapped
1905891,168511,Mapped
1905895,117172,Mapped
1905897,117173,Mapped
1905904,117178,Mapped
1905906,120196,Mapped
1905907,118619,Mapped
1905908,168512,Mapped
1905911,120195,Mapped
1905913,168513,Mapped
1905915,168514,Mapped
1905916,168515,Mapped
1905917,168517,Mapped
1905918,168516,Mapped
1905927,168518,Mapped
1905928,116580,Mapped
1905930,117483,Mapped
1905931,117484,Mapped
1905932,117485,Mapped
1905933,117486,Mapped
1905935,116910,Mapped
1905939,N/A,Unmapped
1905941,116854,Mapped
1905957,116559,Mapped
1905958,116805,Mapped
1905959,118624,Mapped
1906000,N/A,Unmapped
1906004,N/A,Unmapped
1906005,N/A,Unmapped
1906006,N/A,Unmapped
1906007,N/A,Unmapped
1906008,111970,Mapped
1906009,111969,Mapped
1906011,N/A,Unmapped
1906013,116430,Mapped
1906014,168519,Mapped
1906015,168520,Mapped
1906018,168521,Mapped
1906025,116198,Mapped
1906027,168522,Mapped
1906028,168523,Mapped
1906031,168524,Mapped
1906032,168525,Mapped
1906033,168527,Mapped
1906034,168526,Mapped
1906035,108992,Mapped
1906037,108993,Mapped
1906038,108994,Mapped
1906040,108996,Mapped
1906041,108997,Mapped
1906042,111300,Mapped
1906055,120309,Mapped
1906058,161869,Mapped
1906062,120511,Mapped
1906073,117773,Mapped
1906077,111182,Mapped
1906147,116656,Mapped
1906149,117162,Mapped
1906161,117256,Mapped
1906163,117258,Mapped
1906170,117254,Mapped
1906172,116172,Mapped
1906173,116382,Mapped
1906174,116149,Mapped
1906180,116776,Mapped
1906181,117261,Mapped
1906194,116642,Mapped
1906195,117150,Mapped
1906248,116826,Mapped
1906254,117262,Mapped
1906255,117263,Mapped
1906256,117264,Mapped
1906333,133001,Mapped
1906358,116372,Mapped
1906446,111269,Mapped
1906448,111331,Mapped
1906449,111328,Mapped
1906535,168528,Mapped
1906536,168529,Mapped
1906537,168530,Mapped
1906538,116162,Mapped
1906539,116383,Mapped
1906540,116226,Mapped
1906542,N/A,Unmapped
1906543,N/A,Unmapped
1906544,N/A,Unmapped
1906545,N/A,Unmapped
1906547,N/A,Unmapped
1906548,N/A,Unmapped
1906549,N/A,Unmapped
1906550,N/A,Unmapped
1906552,N/A,Unmapped
1906553,N/A,Unmapped
1906554,N/A,Unmapped
1906556,N/A,Unmapped
1906558,N/A,Unmapped
1906562,116436,Mapped
1906563,116438,Mapped
1906564,116473,Mapped
1906566,N/A,Unmapped
1906567,N/A,Unmapped
1906568,N/A,Unmapped
1906569,N/A,Unmapped
1906571,116460,Mapped
1906573,116230,Mapped
1906574,116271,Mapped
1906575,116267,Mapped
1906576,116441,Mapped
1906577,116925,Mapped
1906580,116811,Mapped
1906581,116919,Mapped
1906584,116904,Mapped
1906587,116765,Mapped
1906588,116768,Mapped
1906589,117417,Mapped
1906590,117418,Mapped
1906591,117419,Mapped
1906592,117420,Mapped
1906593,116778,Mapped
1906594,116803,Mapped
1906595,117421,Mapped
1906596,116782,Mapped
1906604,116833,Mapped
1906606,116834,Mapped
1906607,116969,Mapped
1906611,116250,Mapped
1906612,116399,Mapped
1906613,116273,Mapped
1906614,116288,Mapped
1906616,116402,Mapped
1906617,116276,Mapped
1906618,116272,Mapped
1906620,116361,Mapped
1906627,168531,Mapped
1906628,168532,Mapped
1906629,168533,Mapped
1906630,N/A,Unmapped
1906631,N/A,Unmapped
1906632,N/A,Unmapped
1906633,N/A,Unmapped
1906634,N/A,Unmapped
1906635,N/A,Unmapped
1906636,N/A,Unmapped
1906637,N/A,Unmapped
1906638,N/A,Unmapped
1906722,117359,Mapped
1906734,N/A,Unmapped
1906735,N/A,Unmapped
1906738,168534,Mapped
1906739,168535,Mapped
1906740,168536,Mapped
1906741,168537,Mapped
1906743,168538,Mapped
1906744,N/A,Unmapped
1906745,168539,Mapped
1906749,N/A,Unmapped
1906750,N/A,Unmapped
1906751,N/A,Unmapped
1906791,N/A,Unmapped
1906792,116680,Mapped
1906793,168540,Mapped
1906797,N/A,Unmapped
1906798,N/A,Unmapped
1906799,N/A,Unmapped
1906800,N/A,Unmapped
1906801,N/A,Unmapped
1906802,N/A,Unmapped
1906803,N/A,Unmapped
1906804,N/A,Unmapped
1906806,N/A,Unmapped
1906807,N/A,Unmapped
1906809,N/A,Unmapped
1906812,N/A,Unmapped
1906813,N/A,Unmapped
1906814,N/A,Unmapped
1906815,N/A,Unmapped
1906816,N/A,Unmapped
1906817,N/A,Unmapped
1906820,N/A,Unmapped
1906821,N/A,Unmapped
1906822,N/A,Unmapped
1906823,N/A,Unmapped
1906824,120766,Mapped
1906826,N/A,Unmapped
1906827,N/A,Unmapped
1906831,N/A,Unmapped
1906832,N/A,Unmapped
1906833,N/A,Unmapped
1906834,N/A,Unmapped
1906835,N/A,Unmapped
1906836,N/A,Unmapped
1906837,N/A,Unmapped
1906838,N/A,Unmapped
1906840,N/A,Unmapped
1906841,N/A,Unmapped
1906842,N/A,Unmapped
1906843,N/A,Unmapped
1906844,N/A,Unmapped
1906845,N/A,Unmapped
1906846,N/A,Unmapped
1906849,N/A,Unmapped
1906850,N/A,Unmapped
1906851,N/A,Unmapped
1906852,N/A,Unmapped
1906853,N/A,Unmapped
1906854,N/A,Unmapped
1906855,N/A,Unmapped
1906856,N/A,Unmapped
1906857,N/A,Unmapped
1906858,N/A,Unmapped
1906859,N/A,Unmapped
1906860,N/A,Unmapped
1906861,N/A,Unmapped
1906862,N/A,Unmapped
1906863,N/A,Unmapped
1906864,N/A,Unmapped
1906865,120800,Mapped
1906866,120801,Mapped
1906867,N/A,Unmapped
1906868,N/A,Unmapped
1906869,N/A,Unmapped
1906870,N/A,Unmapped
1906871,N/A,Unmapped
1906872,N/A,Unmapped
1906873,N/A,Unmapped
1906904,N/A,Unmapped
1906906,N/A,Unmapped
1906907,N/A,Unmapped
1906944,N/A,Unmapped
1906950,N/A,Unmapped
1906952,N/A,Unmapped
1906953,N/A,Unmapped
1906954,N/A,Unmapped
1906955,N/A,Unmapped
1906956,N/A,Unmapped
1906957,N/A,Unmapped
1906958,N/A,Unmapped
1906960,N/A,Unmapped
1906962,N/A,Unmapped
1906963,N/A,Unmapped
1906964,N/A,Unmapped
1906965,N/A,Unmapped
1906966,N/A,Unmapped
1906967,N/A,Unmapped
1906973,N/A,Unmapped
1906974,N/A,Unmapped
1906975,N/A,Unmapped
1906976,N/A,Unmapped
1906977,N/A,Unmapped
1906985,117365,Mapped
1906988,116809,Mapped
1907005,N/A,Unmapped
1907006,N/A,Unmapped
1907007,N/A,Unmapped
1907008,N/A,Unmapped
1907009,120765,Mapped
1907010,N/A,Unmapped
1907011,N/A,Unmapped
1907012,N/A,Unmapped
1907013,N/A,Unmapped
1907014,N/A,Unmapped
1907015,N/A,Unmapped
1907032,109076,Mapped
1907038,111500,Mapped
1907039,111491,Mapped
1907046,N/A,Unmapped
1907047,116186,Mapped
1907048,116228,Mapped
1907050,116213,Mapped
1907051,N/A,Unmapped
1907052,N/A,Unmapped
1907053,116426,Mapped
1907054,N/A,Unmapped
1907058,117339,Mapped
1907061,116700,Mapped
1907062,117350,Mapped
1907063,117353,Mapped
1907066,116485,Mapped
1907067,116338,Mapped
1907069,116286,Mapped
1907071,116542,Mapped
1907073,116544,Mapped
1907074,116591,Mapped
1907077,116373,Mapped
1907083,N/A,Unmapped
1907087,N/A,Unmapped
1907089,117139,Mapped
1907097,111847,Mapped
1907098,111828,Mapped
1907099,111906,Mapped
1907192,117406,Mapped
1907193,118365,Mapped
1907290,116859,Mapped
1907291,116707,Mapped
1907293,116702,Mapped
1907294,117303,Mapped
1907295,116682,Mapped
1907296,116397,Mapped
1907297,116369,Mapped
1907303,116959,Mapped
1907304,168423,Mapped
1907363,111307,Mapped
1907563,118531,Mapped
1907572,120126,Mapped
1907578,120548,Mapped
1907580,122046,Mapped
1907584,118536,Mapped
1907586,118538,Mapped
1907589,118541,Mapped
1907590,118542,Mapped
1907592,118544,Mapped
1907593,118545,Mapped
1907597,121963,Mapped
1907604,118554,Mapped
1907607,118557,Mapped
1907608,118558,Mapped
1907610,118560,Mapped
1907612,118562,Mapped
1907615,149424,Mapped
1907624,168684,Mapped
1907625,168685,Mapped
1907627,168686,Mapped
1907628,168688,Mapped
1907629,168687,Mapped
1907630,168689,Mapped
1907632,168690,Mapped
1907634,118574,Mapped
1907641,118577,Mapped
1907646,122041,Mapped
1907652,168691,Mapped
1907657,168692,Mapped
1907658,118582,Mapped
1907659,118583,Mapped
1907660,118584,Mapped
1907661,124214,Mapped
1907663,168693,Mapped
1907665,168694,Mapped
1907669,120557,Mapped
1907670,120584,Mapped
1907671,121823,Mapped
1907675,120560,Mapped
1907676,123469,Mapped
1907677,120597,Mapped
1907679,124598,Mapped
1907681,124218,Mapped
1907682,123256,Mapped
1907684,118585,Mapped
1907685,120586,Mapped
1907686,118586,Mapped
1907688,118587,Mapped
1907689,122184,Mapped
1907690,120593,Mapped
1907691,120088,Mapped
1907692,118588,Mapped
1907694,120587,Mapped
1907699,118590,Mapped
1907700,118591,Mapped
1907701,168695,Mapped
1907702,118593,Mapped
1907738,121836,Mapped
1907739,118597,Mapped
1907741,120589,Mapped
1907742,118599,Mapped
1907744,168696,Mapped
1907745,122056,Mapped
1907766,123133,Mapped
1907767,121818,Mapped
1907769,124968,Mapped
1907770,120569,Mapped
1907772,120198,Mapped
1907773,120194,Mapped
1907774,120120,Mapped
1907775,120119,Mapped
1907776,119194,Mapped
1907777,122091,Mapped
1907779,120122,Mapped
1907781,120121,Mapped
1907782,120197,Mapped
1907784,119372,Mapped
1907785,119373,Mapped
1907788,120571,Mapped
1907791,123260,Mapped
1907793,122069,Mapped
1907813,119098,Mapped
1907824,119105,Mapped
1907826,119107,Mapped
1907833,118606,Mapped
1907848,121858,Mapped
1907853,120574,Mapped
1907858,118616,Mapped
1907862,121840,Mapped
1907863,123262,Mapped
1907864,123263,Mapped
1907910,168697,Mapped
1907949,117283,Mapped
1907951,117243,Mapped
1907953,117242,Mapped
1907962,111617,Mapped
1907963,111364,Mapped
1908048,149989,Mapped
1908050,150071,Mapped
1908062,123265,Mapped
1909535,111290,Mapped
1909920,113284,Mapped
1909976,113915,Mapped
1909977,113910,Mapped
1910540,166029,Mapped
1910545,111695,Mapped
1911047,128761,Mapped
1911052,112999,Mapped
1911068,127159,Mapped
1911077,126670,Mapped
1911537,111476,Mapped
1913035,111245,Mapped
1913535,111521,Mapped
1913539,111539,Mapped
1913540,111554,Mapped
1913541,111547,Mapped
1913546,113133,Mapped
1913563,119456,Mapped
1914049,113566,Mapped
1914050,112386,Mapped
1914059,112730,Mapped
1914060,112728,Mapped
1914061,112733,Mapped
1914062,112731,Mapped
1914063,112739,Mapped
1914064,112743,Mapped
1914065,112732,Mapped
1914066,112734,Mapped
1914067,111540,Mapped
1914328,111520,Mapped
1914329,111518,Mapped
1914330,111519,Mapped
1914331,111522,Mapped
1914332,111576,Mapped
1914333,111577,Mapped
1914334,111578,Mapped
1914335,111579,Mapped
1914336,111580,Mapped
1914337,111581,Mapped
1914338,111582,Mapped
1914568,112242,Mapped
1914569,111499,Mapped
1914570,111490,Mapped
1914571,111486,Mapped
1914572,111497,Mapped
1914573,117055,Mapped
1914596,111485,Mapped
1914649,N/A,Unmapped
1914661,113696,Mapped
1914662,113694,Mapped
1914742001,111529,Mapped
1914742002,111531,Mapped
1914744,111774,Mapped
1914861,136003,Mapped
1914984,N/A,Unmapped
1914985,126833,Mapped
1914986,N/A,Unmapped
1914987,126835,Mapped
1914988,112509,Mapped
1915035,118679,Mapped
1915040,113109,Mapped
1915535,111482,Mapped
1915536,111552,Mapped
1915537,111551,Mapped
1915538,111481,Mapped
1915603,114645,Mapped
1915607,114650,Mapped
1916037,N/A,Unmapped
1916039,133007,Mapped
1916040,111492,Mapped
1916041,111493,Mapped
1916042,111478,Mapped
1916536,111555,Mapped
1916537,111644,Mapped
1916538,111628,Mapped
1917450,N/A,Unmapped
1917451,N/A,Unmapped
1917452,N/A,Unmapped
1917459,111557,Mapped
1917494,N/A,Unmapped
1917542,120982,Mapped
1918055,111722,Mapped
1918057,111717,Mapped
1918061,N/A,Unmapped
1918062,N/A,Unmapped
1918705,113080,Mapped
1918706,113079,Mapped
1918707,113075,Mapped
1918708,113083,Mapped
1918709,113081,Mapped
1918716,113702,Mapped
1919040,116038,Mapped
1919041,111718,Mapped
1919043,111697,Mapped
1919062,111632,Mapped
1919065,111636,Mapped
1919066,111624,Mapped
1919067,111633,Mapped
1919075,111658,Mapped
1919076,111668,Mapped
1919080,111707,Mapped
1919086,111623,Mapped
1919087,111621,Mapped
1919090,111647,Mapped
1919105,112211,Mapped
1919550,111724,Mapped
1920035,N/A,Unmapped
1920036,N/A,Unmapped
1920041,115549,Mapped
1920042,126286,Mapped
1920047,112560,Mapped
1921082,112476,Mapped
1921083,112477,Mapped
1921084,112478,Mapped
1921085,112479,Mapped
1921095,N/A,Unmapped
1921096,N/A,Unmapped
1921097,N/A,Unmapped
1921098,N/A,Unmapped
1921099,N/A,Unmapped
1921100,112505,Mapped
1921104002,111778,Mapped
1921104003,135994,Mapped
1921108,111952,Mapped
1921222,112034,Mapped
1921223,112037,Mapped
1921227,112041,Mapped
1921238,112979,Mapped
1921239,111956,Mapped
1921240,111957,Mapped
1921241,113557,Mapped
1921243,112046,Mapped
1921244,112040,Mapped
1921245,112042,Mapped
1921247,115602,Mapped
1921248,115600,Mapped
1921249,115601,Mapped
1921251,112389,Mapped
1921254,112391,Mapped
1921260,112599,Mapped
1921261,112598,Mapped
1921269,112397,Mapped
1921280,112596,Mapped
1921281,112647,Mapped
1921284,112661,Mapped
192129,6525,Mapped
1921539,111723,Mapped
1921540,111710,Mapped
1921553,111711,Mapped
1921554,111715,Mapped
1921555,111789,Mapped
1921556,111777,Mapped
1921590,112052,Mapped
1921597,116142,Mapped
1921726,112402,Mapped
1921732,112409,Mapped
1921733,112411,Mapped
1921734,112410,Mapped
1921735,112412,Mapped
1921736,112413,Mapped
1921738,112188,Mapped
1921739,112184,Mapped
1921740,112233,Mapped
1921741,112236,Mapped
1921742,112196,Mapped
1921746,112415,Mapped
1921747,112416,Mapped
1921750,112420,Mapped
1921751,112421,Mapped
1921752,112423,Mapped
1921758,112589,Mapped
1921785,125795,Mapped
1921786,132145,Mapped
1921789,113096,Mapped
1921790,113093,Mapped
1922035,111679,Mapped
1922128,N/A,Unmapped
1922129,N/A,Unmapped
1922130,N/A,Unmapped
1922133,N/A,Unmapped
1922141,111791,Mapped
1922145,113932,Mapped
1922146,113930,Mapped
1922147,113928,Mapped
1922148,113929,Mapped
1922149,113931,Mapped
1922150,114145,Mapped
1922151,114144,Mapped
1922152,114143,Mapped
1922153,112212,Mapped
1922154,112194,Mapped
1922155,112209,Mapped
1922156,112213,Mapped
1922157,112231,Mapped
1922219,112087,Mapped
1922220,112089,Mapped
1922221,112086,Mapped
1922223,112186,Mapped
1922224,112092,Mapped
1922234,112224,Mapped
1922235,111958,Mapped
1922240,N/A,Unmapped
1922241,N/A,Unmapped
1922242,N/A,Unmapped
1922243,N/A,Unmapped
1922244,N/A,Unmapped
1922255,113094,Mapped
1922313,114027,Mapped
1922314,114032,Mapped
1922315,114052,Mapped
1922316,114059,Mapped
1922317,114055,Mapped
1922318,114051,Mapped
1922319,114031,Mapped
1922320,114037,Mapped
1922321,114060,Mapped
1922346,112425,Mapped
1922352,113730,Mapped
1922376,112609,Mapped
1922377,112608,Mapped
1922379,112663,Mapped
1922535,123268,Mapped
1922558,113704,Mapped
1922559,113706,Mapped
1922576,112520,Mapped
1922578,112521,Mapped
1922608,112534,Mapped
1922625,N/A,Unmapped
1922626,N/A,Unmapped
1922627,N/A,Unmapped
1922633,N/A,Unmapped
1922634,N/A,Unmapped
1922635,N/A,Unmapped
1922636,N/A,Unmapped
1922637,N/A,Unmapped
1923058,111686,Mapped
1923112,122946,Mapped
1923539,111590,Mapped
1923540,111589,Mapped
1923541,111593,Mapped
1923542,111591,Mapped
1923545,117988,Mapped
1923549,111704,Mapped
1923554,111823,Mapped
1923558,116040,Mapped
1923559,121843,Mapped
1923562,N/A,Unmapped
1923563,N/A,Unmapped
1923564,N/A,Unmapped
1923565,N/A,Unmapped
1923566,N/A,Unmapped
1923572,111949,Mapped
1923573,111948,Mapped
1923574,111945,Mapped
1923575,111946,Mapped
1923576,111947,Mapped
1923578,111818,Mapped
1923579,111839,Mapped
1923580,111844,Mapped
1923586,111782,Mapped
1923587,112096,Mapped
1923588,112095,Mapped
1923589,112097,Mapped
1923606,111856,Mapped
1923608,111827,Mapped
1923609,111838,Mapped
1923610,111806,Mapped
1923611,111790,Mapped
1923612,111757,Mapped
1923613,111773,Mapped
1923614,111848,Mapped
1923618,134556,Mapped
1923661,112110,Mapped
1923662,112111,Mapped
1923682,112432,Mapped
1923708,112235,Mapped
1923709,N/A,Unmapped
1923710,N/A,Unmapped
1923711,N/A,Unmapped
1923712,N/A,Unmapped
1923713,N/A,Unmapped
1923714,N/A,Unmapped
1923715,N/A,Unmapped
1923716,112229,Mapped
1923717,117022,Mapped
1923723,N/A,Unmapped
1923731,112120,Mapped
1923738,113113,Mapped
1923739,113114,Mapped
1923740,113118,Mapped
1923741,112438,Mapped
1923747,N/A,Unmapped
1923748,N/A,Unmapped
1923750,N/A,Unmapped
1923751,N/A,Unmapped
1923815,121924,Mapped
1923817,123281,Mapped
1923819,123283,Mapped
1923822,158735,Mapped
1923823,123285,Mapped
1923826,123288,Mapped
1923855,N/A,Unmapped
1923862,112561,Mapped
1923863,112563,Mapped
1923882,142975,Mapped
1923890,121819,Mapped
1923899,112604,Mapped
1923900,112601,Mapped
1923902,112605,Mapped
1924055,112124,Mapped
1924056,111795,Mapped
1924057,111854,Mapped
1924058,111851,Mapped
1924059,111842,Mapped
1924060,111826,Mapped
1924061,111830,Mapped
1924062,111857,Mapped
1924066,112123,Mapped
1924084,120396,Mapped
1924089,120288,Mapped
1924093,126669,Mapped
1924095,123476,Mapped
1924107,112946,Mapped
1924121,121990,Mapped
1924539,112482,Mapped
1924568,113127,Mapped
1924569,113143,Mapped
1924570,113137,Mapped
1924571,119195,Mapped
1924613,112138,Mapped
1924616,112446,Mapped
1924619,112447,Mapped
1924622,120979,Mapped
1924630,121878,Mapped
1925035,N/A,Unmapped
1925036,N/A,Unmapped
1925037,N/A,Unmapped
1925038,N/A,Unmapped
1925050,112492,Mapped
1925052,112494,Mapped
1925060,111846,Mapped
1925061,111784,Mapped
1925062,111760,Mapped
1925063,111766,Mapped
1925068,112187,Mapped
1925069,112136,Mapped
1925070,112139,Mapped
1925071,112140,Mapped
1925072,112141,Mapped
1925082,112206,Mapped
1925084,112622,Mapped
1925103,112215,Mapped
1925104,112190,Mapped
1925123,112640,Mapped
1925124,112641,Mapped
1925125,112655,Mapped
1925132,112945,Mapped
1925133,112944,Mapped
1925134,112451,Mapped
1925135,112453,Mapped
1925146,112649,Mapped
1925599,N/A,Unmapped
1925608,113488,Mapped
1925609,113436,Mapped
1925610,113484,Mapped
1925611,N/A,Unmapped
1925678,124233,Mapped
1925685,114149,Mapped
1925686,114177,Mapped
1925689,N/A,Unmapped
1925690,N/A,Unmapped
1925792,118675,Mapped
1925793,118678,Mapped
1925808,N/A,Unmapped
1925816,133008,Mapped
1925823,118011,Mapped
1925824,118018,Mapped
1925836,118710,Mapped
1925837,118711,Mapped
1925853,115806,Mapped
1925856,115811,Mapped
1925857,115809,Mapped
1925883,115842,Mapped
1925884,115868,Mapped
1925887,119588,Mapped
1925888,119589,Mapped
1925891,119610,Mapped
1925892,120875,Mapped
1925906,118053,Mapped
1925907,118052,Mapped
1925910,118059,Mapped
1926036,113416,Mapped
1926037,113417,Mapped
1926038,112862,Mapped
1926039,112863,Mapped
1926087,113444,Mapped
1926098,113139,Mapped
1926330,115723,Mapped
1926331,115724,Mapped
1926332,115720,Mapped
1926333,115721,Mapped
1926334,115680,Mapped
1926335,115722,Mapped
1926367,113430,Mapped
1926368,113429,Mapped
1926369,113439,Mapped
1926387,113477,Mapped
1926388,113449,Mapped
1926389,113462,Mapped
1926430,113560,Mapped
1926432,113596,Mapped
1926435,113556,Mapped
1926438,114151,Mapped
1926466,123843,Mapped
1926468,123844,Mapped
1926522,123477,Mapped
1926545,N/A,Unmapped
1926549,N/A,Unmapped
1926550,N/A,Unmapped
1926558,112558,Mapped
1926559,112557,Mapped
1926570,113197,Mapped
1926580,112878,Mapped
1926587,113692,Mapped
1926589,112882,Mapped
1926591,112942,Mapped
1926592,112939,Mapped
1926595,113125,Mapped
1926638,167404,Mapped
1926639,167406,Mapped
1926655,117670,Mapped
1926660,116054,Mapped
1926661001,114002,Mapped
1926661002,113967,Mapped
1926662,114157,Mapped
1926663,114180,Mapped
1926664,114178,Mapped
1926673,116348,Mapped
1926681,113329,Mapped
1926683,113333,Mapped
1927035,112823,Mapped
1927053,112842,Mapped
1927054,112847,Mapped
1927060,112576,Mapped
1927073,116002,Mapped
1927076,112812,Mapped
1927077,112808,Mapped
1927078,112840,Mapped
1927079,112821,Mapped
1927080,112844,Mapped
1927081,112811,Mapped
1927083,112851,Mapped
1927084,112659,Mapped
1927085,112654,Mapped
1927091,115791,Mapped
1927093,112937,Mapped
1927095,112936,Mapped
1927097,112933,Mapped
1927098,112597,Mapped
1927099,112593,Mapped
1927100,112591,Mapped
1927104,112932,Mapped
1927105,112931,Mapped
1927108,112556,Mapped
1927127,112925,Mapped
1927131,112923,Mapped
1927137,112916,Mapped
1927146,112836,Mapped
1927147,112850,Mapped
1927148,112827,Mapped
1927149,112834,Mapped
1927152,112820,Mapped
1927156,112846,Mapped
1927408,115877,Mapped
1927409,122525,Mapped
1927410,122524,Mapped
1927413,122646,Mapped
1927436,113501,Mapped
1927453,113130,Mapped
1927459,113360,Mapped
1927520,113351,Mapped
1927521,113368,Mapped
1927536,116028,Mapped
1927558,112580,Mapped
1927559,112581,Mapped
1927561,135210,Mapped
1927672,118181,Mapped
1927673,118180,Mapped
1927684,112905,Mapped
1928031,114445,Mapped
1928032,114448,Mapped
1928122,112610,Mapped
1928123,112612,Mapped
1928172,126687,Mapped
1928174,151560,Mapped
1928196,132411,Mapped
1928227,113845,Mapped
1928234,112839,Mapped
1928271,113446,Mapped
1928272,113453,Mapped
1928273,119449,Mapped
1928274,119408,Mapped
1928310,113332,Mapped
1928312,113338,Mapped
1928313,113350,Mapped
1928378,113465,Mapped
1928561,113507,Mapped
1928562,113508,Mapped
1928585,114234,Mapped
1928586,114203,Mapped
1928704,115829,Mapped
1928705,115827,Mapped
1928706,115830,Mapped
1928707,115798,Mapped
1928709,115812,Mapped
1928711,118706,Mapped
1928725,118696,Mapped
1928726,118673,Mapped
1928727,118695,Mapped
1928729,118008,Mapped
1928730,118013,Mapped
1928731,118009,Mapped
1928732,118021,Mapped
1928733,125646,Mapped
1928736,122902,Mapped
1928739,119338,Mapped
1928740,119620,Mapped
1928743,118028,Mapped
1928744,118025,Mapped
1928750,120497,Mapped
1928751,118276,Mapped
1928752,118239,Mapped
1929036,N/A,Unmapped
1929044,113367,Mapped
1929046,113365,Mapped
1929047,113364,Mapped
1929058,113344,Mapped
1929059,113342,Mapped
1929060,122206,Mapped
1929061,122156,Mapped
1929062,122017,Mapped
1929063,113600,Mapped
1929064,113559,Mapped
1929067,123022,Mapped
1929069,117568,Mapped
1929074,113588,Mapped
1929075,113602,Mapped
1929076,113896,Mapped
1929077,113956,Mapped
1929078,113965,Mapped
1929079,114015,Mapped
1929080,113909,Mapped
1929081,113917,Mapped
1929090,158693,Mapped
1929091,120491,Mapped
1929093,116147,Mapped
1929108,114025,Mapped
1929109,114018,Mapped
1929111,114010,Mapped
1929112,113995,Mapped
1929113,114112,Mapped
1929122,114225,Mapped
1929172,121026,Mapped
1929175,117629,Mapped
1929176,117627,Mapped
1929177,117640,Mapped
1929178,117637,Mapped
1929179,117036,Mapped
1929180,117632,Mapped
1929181,117625,Mapped
1929182,117626,Mapped
1929183,117635,Mapped
1929184,117633,Mapped
1929185,117035,Mapped
1929186,117634,Mapped
1929187,115730,Mapped
1929206,117771,Mapped
1929230,114211,Mapped
1929241,114210,Mapped
1929243,114214,Mapped
1929244,115634,Mapped
1929245,115927,Mapped
1929248,115484,Mapped
1929249,115486,Mapped
1929250,115485,Mapped
1929252,N/A,Unmapped
1929254,118919,Mapped
1929255,118921,Mapped
1929256,118923,Mapped
1929257,118922,Mapped
1929260,121682,Mapped
1929261,N/A,Unmapped
1929277,124244,Mapped
1929282,124248,Mapped
1929284,124250,Mapped
1929285,124251,Mapped
1929290,124256,Mapped
1929291,N/A,Unmapped
1929293,N/A,Unmapped
1929297,124262,Mapped
1929300,124265,Mapped
1929302,168541,Mapped
1929303,124268,Mapped
1929304,168542,Mapped
1929305,124270,Mapped
1929307,161824,Mapped
1929308,161826,Mapped
1929309,161825,Mapped
1929310,161828,Mapped
1929312,161827,Mapped
1929313,161829,Mapped
1929314,161830,Mapped
1929315,161831,Mapped
1929318,161832,Mapped
1929319,161833,Mapped
1929320,161834,Mapped
1929322,161835,Mapped
1929323,161836,Mapped
1929324,161839,Mapped
1929325,161837,Mapped
1929327,161838,Mapped
1929329,161840,Mapped
1929330,161841,Mapped
1929331,N/A,Unmapped
1929336,N/A,Unmapped
1929337,N/A,Unmapped
1929338,N/A,Unmapped
1929339,N/A,Unmapped
1929341,N/A,Unmapped
1929342,N/A,Unmapped
1929343,N/A,Unmapped
1929344,N/A,Unmapped
1929350,N/A,Unmapped
1929351,N/A,Unmapped
1929352,N/A,Unmapped
1929353,N/A,Unmapped
1929354,N/A,Unmapped
1929355,N/A,Unmapped
1929356,N/A,Unmapped
1929357,N/A,Unmapped
1929359,N/A,Unmapped
1929360,N/A,Unmapped
1929361,N/A,Unmapped
1929362,N/A,Unmapped
1929428,N/A,Unmapped
1929429,N/A,Unmapped
1929430,N/A,Unmapped
1929476,N/A,Unmapped
1929479,N/A,Unmapped
1929480,N/A,Unmapped
1929481,N/A,Unmapped
1929482,N/A,Unmapped
1929483,N/A,Unmapped
1929484,N/A,Unmapped
1929486,N/A,Unmapped
1929487,N/A,Unmapped
1929488,N/A,Unmapped
1929489,N/A,Unmapped
1929490,N/A,Unmapped
1929492,N/A,Unmapped
1929493,N/A,Unmapped
1929494,N/A,Unmapped
1929496,N/A,Unmapped
1929497,N/A,Unmapped
1929498,124720,Mapped
1929500,168543,Mapped
1929501,N/A,Unmapped
1929502,N/A,Unmapped
1929503,N/A,Unmapped
1929504,N/A,Unmapped
1929505,N/A,Unmapped
1929506,N/A,Unmapped
1929507,N/A,Unmapped
1929508,N/A,Unmapped
1929509,168544,Mapped
1929511,N/A,Unmapped
1929512,168545,Mapped
1929513,168609,Mapped
1929514,168612,Mapped
1929515,168546,Mapped
1929516,N/A,Unmapped
1929517,N/A,Unmapped
1929518,N/A,Unmapped
1929520,N/A,Unmapped
1929521,N/A,Unmapped
1929522,N/A,Unmapped
1929523,N/A,Unmapped
1929524,124568,Mapped
1929525,N/A,Unmapped
1929526,168548,Mapped
1929527,168547,Mapped
1929529,125019,Mapped
1929530,124632,Mapped
1929531,N/A,Unmapped
1929532,N/A,Unmapped
1929534,N/A,Unmapped
1929567,115678,Mapped
1929568,113352,Mapped
1929569,113370,Mapped
1929583,113499,Mapped
1929587,122157,Mapped
1929589,122063,Mapped
1929591,122128,Mapped
1929598,113422,Mapped
1929599,113464,Mapped
1929602,113553,Mapped
1929603,113585,Mapped
1929613,114172,Mapped
1930362,113366,Mapped
1930363,113328,Mapped
1930364,115512,Mapped
1930365,115569,Mapped
1930366,115554,Mapped
1930367,115556,Mapped
1930368,115552,Mapped
1930369,113502,Mapped
1930370,113494,Mapped
1930371,113432,Mapped
1930374,113493,Mapped
1930375,113491,Mapped
1930376,113433,Mapped
1930377,113434,Mapped
1930445,113900,Mapped
1930446,113919,Mapped
1930447,127479,Mapped
1930450,127481,Mapped
1930451,127482,Mapped
1930453,N/A,Unmapped
1930467,113891,Mapped
1930468,119205,Mapped
1930469,119197,Mapped
1930470,114008,Mapped
1930471,113949,Mapped
1930473,114013,Mapped
1930474,113977,Mapped
1930476,113978,Mapped
1930477,113950,Mapped
1930826,113902,Mapped
1930827,113890,Mapped
1930828,113567,Mapped
1930830,113960,Mapped
1930843,N/A,Unmapped
1930844,N/A,Unmapped
1930845,N/A,Unmapped
1930846,N/A,Unmapped
1930848,113576,Mapped
1930852,114012,Mapped
1930854,114020,Mapped
1930857,118286,Mapped
1930870,113957,Mapped
1930893,N/A,Unmapped
1930894,N/A,Unmapped
1930960,118047,Mapped
1930967,117597,Mapped
1930971,114184,Mapped
1930972,114189,Mapped
1930973,114191,Mapped
1930974,114166,Mapped
1930975,114188,Mapped
1930976,114164,Mapped
1930977,114158,Mapped
1930979,114159,Mapped
1930985,115792,Mapped
1930988,115577,Mapped
1930990,114218,Mapped
1930992,114226,Mapped
1930998,135469,Mapped
1931000,133015,Mapped
1931018,135474,Mapped
1931020,135475,Mapped
1931025,135477,Mapped
1931033,N/A,Unmapped
1931034,N/A,Unmapped
1931183,118257,Mapped
1931184,118247,Mapped
1931185,118269,Mapped
1931186,118246,Mapped
1931187,115854,Mapped
1931191,113570,Mapped
1931192,113569,Mapped
1931193,113571,Mapped
1931207,122621,Mapped
1931208,122620,Mapped
1931211,118345,Mapped
1931230,113983,Mapped
1931233,118708,Mapped
1931234,118709,Mapped
1931240,114011,Mapped
1931241,113985,Mapped
1931254,113980,Mapped
1931257,114014,Mapped
1931260,159141,Mapped
1931261,159151,Mapped
1931274,114200,Mapped
1931275,117079,Mapped
1931287,116000,Mapped
1931288,116012,Mapped
1931289,116005,Mapped
1931290,116118,Mapped
1931291,116203,Mapped
1931292,126885,Mapped
1931293,126884,Mapped
1931294,125902,Mapped
1931333,114533,Mapped
1931334,114508,Mapped
1931335,114510,Mapped
1931336,114528,Mapped
1931340,114522,Mapped
1931357,115909,Mapped
1931359,115575,Mapped
1931362,126890,Mapped
1931540,121952,Mapped
1931542,121992,Mapped
1931543,121866,Mapped
1931587,121888,Mapped
1931588,122008,Mapped
1931589,122114,Mapped
1931590,122169,Mapped
1931591,122055,Mapped
1931614,114216,Mapped
1931615,114532,Mapped
1931622,114204,Mapped
1931647,115914,Mapped
1931649,115917,Mapped
1931650,115915,Mapped
1931651,115918,Mapped
1931653,114516,Mapped
1931656,115551,Mapped
1931659,115543,Mapped
1931660,115526,Mapped
1931661,115536,Mapped
1931662,115637,Mapped
1931663,115632,Mapped
1931664,115633,Mapped
1931667,115563,Mapped
1931669,119694,Mapped
1931670,115531,Mapped
1931671,115564,Mapped
1931672,115511,Mapped
1931673,115607,Mapped
1931674,115774,Mapped
1931759,125864,Mapped
1931763,123993,Mapped
1931767,123303,Mapped
1931768,123185,Mapped
1931832,123525,Mapped
1931885,124817,Mapped
1931891,168698,Mapped
1931898,124851,Mapped
1931902,168699,Mapped
1931903,168700,Mapped
1931906,133023,Mapped
1931907,168701,Mapped
1931908,168702,Mapped
1931909,127495,Mapped
1931918,135482,Mapped
1931921,124297,Mapped
1931923,124510,Mapped
1931925,124506,Mapped
1931944,130182,Mapped
1931968,129844,Mapped
1931970,124963,Mapped
1931971,124969,Mapped
1931972,124917,Mapped
1931974,133025,Mapped
1931976,124971,Mapped
1931977,125164,Mapped
1931982,127503,Mapped
1931988,127507,Mapped
1931999,159118,Mapped
1932086,115640,Mapped
1932088,114170,Mapped
1932089,114153,Mapped
1932093,117628,Mapped
1932096,117037,Mapped
1932098,117631,Mapped
1932099,117624,Mapped
1932101,117638,Mapped
1932103,114173,Mapped
1932104,114190,Mapped
1932106,114185,Mapped
1932111,115677,Mapped
1932115,114223,Mapped
1932116,114206,Mapped
1932117,114231,Mapped
1932157,117981,Mapped
1932170,117970,Mapped
1932184,115568,Mapped
1932185,115513,Mapped
1932380,119369,Mapped
1932381,115782,Mapped
1932382,115783,Mapped
1932401001,115746,Mapped
1932401002,115751,Mapped
1932401003,115752,Mapped
1932402001,115740,Mapped
1932404,N/A,Unmapped
1932424,115790,Mapped
1932425,115789,Mapped
1932457,115679,Mapped
1932458,117951,Mapped
1932459,117952,Mapped
1932468,115865,Mapped
1932469,118667,Mapped
1932470,119203,Mapped
1932471,119199,Mapped
1932472,119202,Mapped
1932473,119207,Mapped
1932479,122988,Mapped
1932487,115838,Mapped
1932491,118060,Mapped
1932492,118006,Mapped
1932562,114562,Mapped
1932574,118098,Mapped
1932575,118089,Mapped
1932577,118095,Mapped
1932579,115550,Mapped
1932580,118032,Mapped
1932582,118031,Mapped
1932611,115521,Mapped
1932613,115527,Mapped
1932614,115570,Mapped
1932615,115535,Mapped
1932616,115544,Mapped
1932619,115518,Mapped
1932620,115538,Mapped
1932621,115567,Mapped
1932622,115574,Mapped
1932623,115576,Mapped
1932624,115573,Mapped
1932625,115557,Mapped
1932626,115548,Mapped
1932627,127081,Mapped
1932628,127082,Mapped
1932629,127083,Mapped
1932630,139474,Mapped
1932631,149982,Mapped
1932632,150014,Mapped
1932634,149994,Mapped
1932690,115671,Mapped
1932691,115670,Mapped
1932692,157767,Mapped
1932693,115618,Mapped
1932694,115608,Mapped
1932695,115628,Mapped
1932697,118899,Mapped
1932702,119359,Mapped
1932703,119327,Mapped
1932704,119349,Mapped
1932714,115665,Mapped
1932720,120700,Mapped
1932723,115756,Mapped
1932725,115843,Mapped
1932726,115864,Mapped
1932727,115910,Mapped
1932728,115895,Mapped
1932730,115828,Mapped
1932731,115819,Mapped
1932732,115821,Mapped
1932733,115793,Mapped
1932735,115805,Mapped
1932736,115799,Mapped
1932737,115802,Mapped
1932738,115794,Mapped
1932739,115795,Mapped
1932749,115853,Mapped
1932750,115906,Mapped
1932761,118012,Mapped
1932763,115847,Mapped
1932764,115839,Mapped
1932772,115834,Mapped
1932773,115901,Mapped
1932774,115893,Mapped
1932778,118172,Mapped
1932781,118094,Mapped
1932783,115881,Mapped
1932791,118925,Mapped
1932792,118926,Mapped
1932802,118130,Mapped
1932803,118129,Mapped
1932805,118069,Mapped
1932810,118170,Mapped
1932811,118201,Mapped
1932813,118165,Mapped
1932814,118212,Mapped
1932815,118139,Mapped
1932816,118158,Mapped
1932817,118151,Mapped
1932818,118191,Mapped
1932819,118216,Mapped
1932872,N/A,Unmapped
1932889,N/A,Unmapped
1932890,118281,Mapped
1932891,119856,Mapped
1933115,125072,Mapped
1933116,124876,Mapped
1933417,115605,Mapped
1933418,115620,Mapped
1933465,N/A,Unmapped
1933466,N/A,Unmapped
1933467,N/A,Unmapped
1933468,N/A,Unmapped
1933475,125150,Mapped
1933477,125108,Mapped
1933479,124928,Mapped
1933480,124993,Mapped
1933481,125147,Mapped
1933482,124956,Mapped
1933484,124929,Mapped
1933485,125136,Mapped
1933486,124991,Mapped
1933489,133028,Mapped
1933500,133033,Mapped
1933503,N/A,Unmapped
1933504,N/A,Unmapped
1933505,N/A,Unmapped
1933506,124919,Mapped
1933507,N/A,Unmapped
1933508,N/A,Unmapped
1933509,N/A,Unmapped
1933510,N/A,Unmapped
1933514,N/A,Unmapped
1933526,115614,Mapped
1933527,115603,Mapped
1933535,N/A,Unmapped
1933536,N/A,Unmapped
1933537,N/A,Unmapped
1933538,N/A,Unmapped
1933539,N/A,Unmapped
1933540,N/A,Unmapped
1933541,N/A,Unmapped
1933542,N/A,Unmapped
1933543,N/A,Unmapped
1933544,N/A,Unmapped
1933545,N/A,Unmapped
1933550,168549,Mapped
1933551,168550,Mapped
1933552,168551,Mapped
1933553,168552,Mapped
1933554,168553,Mapped
1933555,168554,Mapped
1933562,168555,Mapped
1933563,168556,Mapped
1933564,168557,Mapped
1933565,168558,Mapped
1933566,168559,Mapped
1933567,168560,Mapped
1933570,127299,Mapped
1933577,168561,Mapped
1933578,168562,Mapped
1933584,168563,Mapped
1933588,N/A,Unmapped
1933589,N/A,Unmapped
1933591,N/A,Unmapped
1933592,N/A,Unmapped
1933595,N/A,Unmapped
1933596,N/A,Unmapped
1933597,N/A,Unmapped
1933598,N/A,Unmapped
1933599,N/A,Unmapped
1933602,N/A,Unmapped
1933603,N/A,Unmapped
1933612,N/A,Unmapped
1933617,N/A,Unmapped
1933618,N/A,Unmapped
1933620,N/A,Unmapped
1933621,N/A,Unmapped
1933622,N/A,Unmapped
1933623,N/A,Unmapped
1933629,N/A,Unmapped
1933677,124974,Mapped
1933695,125887,Mapped
1933696,125886,Mapped
1933697,128451,Mapped
1933698,125734,Mapped
1933729,115619,Mapped
1933730,115621,Mapped
1933740,N/A,Unmapped
1933764,115767,Mapped
1933765,115768,Mapped
1933766,115771,Mapped
1933767,115761,Mapped
1933768,115766,Mapped
1933773,118682,Mapped
1933774,118683,Mapped
1933775,N/A,Unmapped
1933776,118685,Mapped
1933777,118684,Mapped
1933778,115754,Mapped
1933779,115762,Mapped
1933780,115763,Mapped
1933883,118048,Mapped
1933911,118074,Mapped
1933912,118068,Mapped
1933918,N/A,Unmapped
1933919,N/A,Unmapped
1934087,115606,Mapped
1934089,127614,Mapped
1934119,N/A,Unmapped
1934120,N/A,Unmapped
1934121,N/A,Unmapped
1934122,N/A,Unmapped
1934123,N/A,Unmapped
1934124,N/A,Unmapped
1934125,118168,Mapped
1934126,118208,Mapped
1934135,115891,Mapped
1934136,115803,Mapped
1934155,134778,Mapped
1934157,115904,Mapped
1934161,118096,Mapped
1934168,131141,Mapped
1934172,119622,Mapped
1934174,119383,Mapped
1934175,119417,Mapped
1934176,119809,Mapped
1934178,118866,Mapped
1934203,118207,Mapped
1934204,118176,Mapped
1934206,121879,Mapped
1934535,115787,Mapped
1934572,115876,Mapped
1934590001,118026,Mapped
1934590002,118024,Mapped
1934592,115653,Mapped
1934614,115764,Mapped
1934615,115769,Mapped
1934634,115656,Mapped
1934636,115660,Mapped
1934639,115686,Mapped
1934640,115758,Mapped
1934643,115755,Mapped
1934644,121820,Mapped
1934645,121929,Mapped
1934654,122183,Mapped
1934869,127085,Mapped
1934870,127086,Mapped
1934877,127087,Mapped
1934878,127088,Mapped
1934879,127089,Mapped
1934880,115772,Mapped
1934881,115765,Mapped
1934882,115759,Mapped
1935062,122030,Mapped
1935063,121830,Mapped
1935064,130995,Mapped
1935111,115905,Mapped
1935126,118927,Mapped
1935302,119362,Mapped
1935304,118093,Mapped
1935305,118102,Mapped
1935306,118071,Mapped
1935307,118079,Mapped
1935308,118054,Mapped
1935309,118082,Mapped
1935310,118077,Mapped
1935311,118078,Mapped
1935312,118099,Mapped
1935313,118100,Mapped
1935314,118070,Mapped
1935317,118092,Mapped
1935318,118080,Mapped
1935322,118050,Mapped
1935323,118131,Mapped
1935324,118058,Mapped
1935536,135487,Mapped
1935971,118200,Mapped
1935994,119840,Mapped
1936003,118262,Mapped
1936061,118255,Mapped
1936076,N/A,Unmapped
1936081,120303,Mapped
1936083,120460,Mapped
1936092,118163,Mapped
1936104,120486,Mapped
1936105,120444,Mapped
1936116,121774,Mapped
1936542,118254,Mapped
1936543,118224,Mapped
1937038,122073,Mapped
1937041,122461,Mapped
1937042,122427,Mapped
1937044,118228,Mapped
1937046,118873,Mapped
1937047,118893,Mapped
1937056,128617,Mapped
1937059,128619,Mapped
1937060,128612,Mapped
1937067,118720,Mapped
1937068,118728,Mapped
1937071,118734,Mapped
1937072,118730,Mapped
1937073,118745,Mapped
1937083,118918,Mapped
1937087,118876,Mapped
1937088,118902,Mapped
1937092,127515,Mapped
1937113,121730,Mapped
1937114,125502,Mapped
1937117,121811,Mapped
1937125,119423,Mapped
1937129,120270,Mapped
1937136,122009,Mapped
1937137,121874,Mapped
1937140,122068,Mapped
1937142,124317,Mapped
1937143,124318,Mapped
1937144,124319,Mapped
1937145,124320,Mapped
1937146,124148,Mapped
1937158,121099,Mapped
1937159,121116,Mapped
1937173,119761,Mapped
1937180,119718,Mapped
1937181,119717,Mapped
1937182,119716,Mapped
1937186,121832,Mapped
1937187,N/A,Unmapped
1937205,133042,Mapped
1937206,121061,Mapped
1937209,121118,Mapped
1937210,121111,Mapped
1937211,120048,Mapped
1937215,120042,Mapped
1937216,120061,Mapped
1937217,120026,Mapped
1937218,120218,Mapped
1937219,120062,Mapped
1937220,120215,Mapped
1937551,119305,Mapped
1937552,133043,Mapped
1937560,118731,Mapped
1937561,118739,Mapped
1937562,118725,Mapped
1937576,119256,Mapped
1937577,119233,Mapped
1937580,119249,Mapped
1937582,119274,Mapped
1937588,122741,Mapped
1937590,119244,Mapped
1937591,119247,Mapped
1937592,N/A,Unmapped
1937594,121207,Mapped
1937595,121208,Mapped
1937596,121209,Mapped
1937597,121210,Mapped
1937598,121212,Mapped
1937599,121213,Mapped
1937600,121211,Mapped
1937601,121214,Mapped
1937602,121216,Mapped
1937603,121215,Mapped
1937604,121217,Mapped
1937605,121218,Mapped
1937606,121219,Mapped
1937627,121240,Mapped
1937628,121241,Mapped
1937629,121242,Mapped
1937631,121244,Mapped
1937633,121246,Mapped
1937634,121247,Mapped
1937638,121220,Mapped
1937651,N/A,Unmapped
1937671,119268,Mapped
1937680,119248,Mapped
1937682,119238,Mapped
1937683,119226,Mapped
1937684,119246,Mapped
1937685,119225,Mapped
1937693,119648,Mapped
1937694,119663,Mapped
1937732,120239,Mapped
1937733,120238,Mapped
1937735,121779,Mapped
1937736,121781,Mapped
1937737,121780,Mapped
1937738,121782,Mapped
1937739,121783,Mapped
1937743,N/A,Unmapped
1937833,121288,Mapped
1937834,121290,Mapped
1937835,121287,Mapped
1937836,121289,Mapped
1937838,121292,Mapped
1937840,121295,Mapped
1937841,121294,Mapped
1937847,119658,Mapped
1937848,119662,Mapped
1937901,122494,Mapped
1937902,122493,Mapped
1937903,122492,Mapped
1937904,122491,Mapped
1937905,120922,Mapped
1938148,N/A,Unmapped
1938151,N/A,Unmapped
1938152,N/A,Unmapped
1938154,N/A,Unmapped
1938155,N/A,Unmapped
1938167,118231,Mapped
1938180,N/A,Unmapped
1938181,N/A,Unmapped
1938182,N/A,Unmapped
1938183,N/A,Unmapped
1938184,N/A,Unmapped
1938187,N/A,Unmapped
1938188,N/A,Unmapped
1938189,119350,Mapped
1938192,119262,Mapped
1938193,119259,Mapped
1938199,119777,Mapped
1938200,119759,Mapped
1938201,121296,Mapped
1938202,121297,Mapped
1938203,121298,Mapped
1938217,N/A,Unmapped
1938224,119358,Mapped
1938269,124421,Mapped
1938270,124422,Mapped
1938271,120600,Mapped
1938283,121276,Mapped
1938286,158561,Mapped
1938289,119748,Mapped
1938290,119780,Mapped
1938291,119746,Mapped
1938292,119725,Mapped
1938299,119731,Mapped
1938300,119750,Mapped
1938303,119754,Mapped
1938304,119775,Mapped
1938313,119726,Mapped
1938314,119743,Mapped
1938315,119778,Mapped
1938316,119760,Mapped
1938549,118886,Mapped
1938573,118887,Mapped
1938618,118867,Mapped
1938619,118851,Mapped
1938620,118894,Mapped
1938622,135488,Mapped
1938623,135489,Mapped
1938627,134285,Mapped
1938628,165323,Mapped
1938629,165321,Mapped
1938630,123530,Mapped
1938631,123531,Mapped
1938632,125684,Mapped
1938634,122050,Mapped
1938635,121978,Mapped
1938636,123532,Mapped
1938637,123533,Mapped
1938652,133058,Mapped
1938653,119235,Mapped
1938664,119312,Mapped
1938665,119252,Mapped
1938666,119265,Mapped
1938667,119353,Mapped
1938668,119330,Mapped
1938673,122745,Mapped
1938676,119263,Mapped
1938677,119251,Mapped
1938678,119270,Mapped
1938679,119624,Mapped
1938683,119329,Mapped
1938692,119309,Mapped
1938695,119307,Mapped
1938696,119331,Mapped
1938697,119308,Mapped
1938698,119325,Mapped
1938699,119339,Mapped
1938700,119335,Mapped
1938701,119340,Mapped
1938702,121910,Mapped
1938703,121962,Mapped
1938705,119328,Mapped
1938711,119311,Mapped
1938712,119285,Mapped
1938720,119602,Mapped
1938727,119606,Mapped
1938728,119608,Mapped
1938729,150228,Mapped
1938730,119612,Mapped
1938731,119609,Mapped
1938735,119352,Mapped
1938738,119468,Mapped
1938739,119434,Mapped
1938742,119403,Mapped
1938743,120805,Mapped
1938745,119811,Mapped
1938750,119448,Mapped
1938751,119454,Mapped
1938752,119459,Mapped
1938760,119412,Mapped
1938762,119385,Mapped
1938763,119414,Mapped
1938766,119631,Mapped
1938767,119399,Mapped
1938768,119451,Mapped
1938769,119639,Mapped
1938770,119630,Mapped
1938771,119632,Mapped
1938773,119674,Mapped
1938774,119672,Mapped
1938777,119395,Mapped
1938778,119450,Mapped
1938779,119428,Mapped
1938818,121283,Mapped
1938819,121284,Mapped
1938820,121285,Mapped
1938828,119918,Mapped
1938856,119715,Mapped
1938862,120219,Mapped
1938863,120221,Mapped
1938867,121174,Mapped
1938868,120230,Mapped
1938869,121155,Mapped
1938871,120220,Mapped
1938884,121063,Mapped
1938909,120625,Mapped
1938910,120647,Mapped
1938911,120633,Mapped
1938913,120629,Mapped
1938914,120054,Mapped
1938915,120233,Mapped
1938916,120623,Mapped
1938917,120627,Mapped
1938918,120630,Mapped
1938919,120624,Mapped
1938927,120047,Mapped
1938928,120212,Mapped
1939056,118848,Mapped
1939057,118849,Mapped
1939059,118868,Mapped
1939060,118845,Mapped
1939061,118854,Mapped
1939070,118871,Mapped
1939072,118853,Mapped
1939073,118863,Mapped
1939074,118857,Mapped
1939077,118847,Mapped
1939087,118865,Mapped
1939110,119419,Mapped
1939111,N/A,Unmapped
1939112,N/A,Unmapped
1939113,N/A,Unmapped
1939114,119245,Mapped
1939117,N/A,Unmapped
1939118,N/A,Unmapped
1939132,119301,Mapped
1939133,119336,Mapped
1939144,150353,Mapped
1939166,126512,Mapped
1939167,126511,Mapped
1939168,126510,Mapped
1939176,126680,Mapped
1939179,127165,Mapped
1939219,N/A,Unmapped
1939220,N/A,Unmapped
1939226,119724,Mapped
1939227,119729,Mapped
1939228,119737,Mapped
1939229,119764,Mapped
1939230,122719,Mapped
1939231,119727,Mapped
1939235,N/A,Unmapped
1939237,119875,Mapped
1939238,119869,Mapped
1939388,133062,Mapped
1939390,122334,Mapped
1939391,122299,Mapped
1939553,119255,Mapped
1939574,118747,Mapped
1939633,122384,Mapped
1939646,118829,Mapped
1939647,118831,Mapped
1939649,119594,Mapped
1939650,119595,Mapped
1939652,119597,Mapped
1939653,119598,Mapped
1939654,119599,Mapped
1939657,N/A,Unmapped
1939660,119313,Mapped
1939670,119208,Mapped
1939671,118909,Mapped
1939672,118904,Mapped
1939675,118905,Mapped
1939676,N/A,Unmapped
1939699,119416,Mapped
1939701,119685,Mapped
1939702,119627,Mapped
1939703,119629,Mapped
1939705,119684,Mapped
1939711,119649,Mapped
1939713,119458,Mapped
1939800,119834,Mapped
1939803,120051,Mapped
1940039,118742,Mapped
1940040,118221,Mapped
1940041,118242,Mapped
1940042,118238,Mapped
1940044,118274,Mapped
1940045,118240,Mapped
1940047,118266,Mapped
1940048,118260,Mapped
1940049,118230,Mapped
1940063,119321,Mapped
1940064,119625,Mapped
1940065,119681,Mapped
1940066,119769,Mapped
1940067,119723,Mapped
1940113,119876,Mapped
1940114,121806,Mapped
1940115,121807,Mapped
1940116,121808,Mapped
1940117,122739,Mapped
1940118,126363,Mapped
1940540,123214,Mapped
1940567,120527,Mapped
1940568,120526,Mapped
1940648001,120205,Mapped
1940648002,120038,Mapped
1940648003,120210,Mapped
1940655,126666,Mapped
1940680,120211,Mapped
1940681,120041,Mapped
1940691,120050,Mapped
1940692,120225,Mapped
1940695,120222,Mapped
1940731,120063,Mapped
1941107,N/A,Unmapped
1941142,120616,Mapped
1942042,120812,Mapped
1942044,120729,Mapped
1942046,120810,Mapped
1942047,120863,Mapped
1942049,120819,Mapped
1942050,120806,Mapped
1942052,120815,Mapped
1942053,122578,Mapped
1942054,122579,Mapped
1942055,122577,Mapped
1942061,121756,Mapped
1942062,121757,Mapped
1942063,121758,Mapped
1942064,121064,Mapped
1942065,120619,Mapped
1942066,120603,Mapped
1942067,120615,Mapped
1942162,121072,Mapped
1942163,121074,Mapped
1942164,121073,Mapped
1942535,120035,Mapped
1943035,121117,Mapped
1943036,121115,Mapped
1943037,121114,Mapped
1943050,120217,Mapped
1943051,120034,Mapped
1943052,N/A,Unmapped
1943056,120236,Mapped
1943059,120733,Mapped
1943060,120846,Mapped
1943538,120644,Mapped
1943539,120636,Mapped
1943540,120645,Mapped
1943544,120646,Mapped
1944049,121193,Mapped
1944535,123126,Mapped
1944536,123128,Mapped
1945058,125685,Mapped
1945059,129864,Mapped
1945077,167359,Mapped
1945078,167349,Mapped
1945079,167365,Mapped
1945081,167360,Mapped
1945082,167350,Mapped
1945084,167358,Mapped
1945086,167361,Mapped
1945090,122000,Mapped
1945091,122137,Mapped
1945092,121938,Mapped
1945099,121848,Mapped
1945100,123161,Mapped
1945101,122150,Mapped
1945537,133064,Mapped
1945538,126348,Mapped
1945540,126349,Mapped
1945546,121095,Mapped
1945547,121108,Mapped
1945548,121093,Mapped
1945549,121094,Mapped
1945550,121091,Mapped
1945551,121078,Mapped
1945552,121077,Mapped
1945554,121676,Mapped
1945555,121675,Mapped
1945556,120999,Mapped
1946038,120838,Mapped
1946039,127710,Mapped
1946040,127711,Mapped
1946041,127707,Mapped
1946047,120834,Mapped
1946077,121084,Mapped
1946078,121103,Mapped
1946086,123866,Mapped
1946093,131001,Mapped
1946094,131002,Mapped
1946095,121123,Mapped
1946103,121650,Mapped
1946107,121088,Mapped
1946108,121090,Mapped
1946109,121087,Mapped
1946110,121105,Mapped
1946111,121096,Mapped
1946112,121086,Mapped
1946113,121102,Mapped
1946538,N/A,Unmapped
1946833,146665,Mapped
1946859,120994,Mapped
1946866,162603,Mapped
1947036,120605,Mapped
1947042,120857,Mapped
1947043,120732,Mapped
1947459,121024,Mapped
1947461,121057,Mapped
1947463,121430,Mapped
1947470,121629,Mapped
1947484,137602,Mapped
1947488,120933,Mapped
1947493,120938,Mapped
1947495,137600,Mapped
1947499,120957,Mapped
1947501,120950,Mapped
1947526,121649,Mapped
1947527,123010,Mapped
1947528,123764,Mapped
1947548,120839,Mapped
1947549,N/A,Unmapped
1947550,N/A,Unmapped
1947551,N/A,Unmapped
1947552,138264,Mapped
1947553,121163,Mapped
1947563,120844,Mapped
1947564,120853,Mapped
1947565,120712,Mapped
1947566,120710,Mapped
1947567,120866,Mapped
1947568,120869,Mapped
1947581,121625,Mapped
1947591,121027,Mapped
1947598,121010,Mapped
1947602,121008,Mapped
1947609,120947,Mapped
1947749,120837,Mapped
1947750,120836,Mapped
1948035,120681,Mapped
1948036,120680,Mapped
1948037,120679,Mapped
1948038,120683,Mapped
1948039,120682,Mapped
1948099,121119,Mapped
1948541,120850,Mapped
1948544,120703,Mapped
1948546,120713,Mapped
1948558,124327,Mapped
1948560,126273,Mapped
1948561,126272,Mapped
1948565,124328,Mapped
1949544,153255,Mapped
1949546,153256,Mapped
1949664,121166,Mapped
1949665,121198,Mapped
1949666,121204,Mapped
1949667,121161,Mapped
1949669,121167,Mapped
1949670,121171,Mapped
1949671,121172,Mapped
1949674,129794,Mapped
1949677,121280,Mapped
1949678,121657,Mapped
1949679,121659,Mapped
1949680,121664,Mapped
1949681,121660,Mapped
1949685,131003,Mapped
1949686,131004,Mapped
1949687,131005,Mapped
1949688,131006,Mapped
1949689,131007,Mapped
1949690,131008,Mapped
1949691,131009,Mapped
1949692,131224,Mapped
1949702,122750,Mapped
1949713,121761,Mapped
1949714,N/A,Unmapped
1949715,N/A,Unmapped
1949732,130185,Mapped
1949733,122303,Mapped
1949734,122314,Mapped
1949747,151912,Mapped
1949806,122294,Mapped
1949811,123704,Mapped
1949812,123681,Mapped
1949823,133066,Mapped
1949824,126778,Mapped
1949825,126779,Mapped
1949827,122438,Mapped
1949831,122720,Mapped
1949834,122681,Mapped
1949835,122423,Mapped
1949836,122405,Mapped
1949843,122890,Mapped
1949848,122897,Mapped
1949850,122893,Mapped
1949856,122703,Mapped
1949857,122704,Mapped
1949904,122539,Mapped
1949905,122536,Mapped
1949913,122529,Mapped
1949919,122994,Mapped
1949927,122789,Mapped
1949928,122790,Mapped
1949929,122791,Mapped
1949930,122792,Mapped
1949931,122793,Mapped
1949932,122815,Mapped
1949933,122794,Mapped
1949935,122796,Mapped
1949936,122797,Mapped
1949939,122799,Mapped
1949940,122800,Mapped
1949948,122816,Mapped
1949952,122807,Mapped
1949953,122808,Mapped
1949957,122811,Mapped
1949959,123738,Mapped
1949960,123725,Mapped
1949961,122913,Mapped
1949966,138292,Mapped
1949967,123037,Mapped
1949968,123045,Mapped
1949969,126080,Mapped
1949972,126081,Mapped
1949974,126084,Mapped
1949975,126085,Mapped
1949977,126087,Mapped
1949978,126088,Mapped
1949984,122744,Mapped
1949989,122906,Mapped
1949990,122934,Mapped
1949991,122756,Mapped
1949994,122765,Mapped
1949995,122768,Mapped
1949996,122989,Mapped
1949997,122996,Mapped
1950035,123156,Mapped
1950039,121112,Mapped
1950040,121100,Mapped
1950047,121124,Mapped
1950048,121685,Mapped
1950049,121670,Mapped
1950061,121202,Mapped
1950062,121190,Mapped
1950063,121185,Mapped
1950072,121145,Mapped
1950074,121162,Mapped
1950082,N/A,Unmapped
1950083,N/A,Unmapped
1950085,N/A,Unmapped
1950087,121267,Mapped
1950088,121278,Mapped
1950271,121665,Mapped
1950361,122269,Mapped
1950362,122265,Mapped
1950364,122264,Mapped
1950365,122271,Mapped
1950366,122305,Mapped
1950367,122278,Mapped
1950535,121677,Mapped
1950549,121151,Mapped
1950550,121148,Mapped
1950551,121192,Mapped
1950552,121165,Mapped
1950553,121157,Mapped
1950554,121149,Mapped
1950555,121170,Mapped
1950805,122919,Mapped
1950806,122910,Mapped
1950808,123759,Mapped
1950809,122267,Mapped
1950811,N/A,Unmapped
1950822,122331,Mapped
1950827,122392,Mapped
1950829,122401,Mapped
1950830,122416,Mapped
1950831,122394,Mapped
1950832,122388,Mapped
1950839,148032,Mapped
1950841,N/A,Unmapped
1950844,122691,Mapped
1950845,122690,Mapped
1950846,122699,Mapped
1950847,122689,Mapped
1950848,122695,Mapped
1950858,122553,Mapped
1950859,122538,Mapped
1950860,122543,Mapped
1950864,123051,Mapped
1950878,130626,Mapped
1950889,130632,Mapped
1950893,N/A,Unmapped
1950900,130637,Mapped
1950904,130642,Mapped
1950905,122528,Mapped
1950907,122563,Mapped
1950909,122956,Mapped
1950910,122709,Mapped
1950911,122714,Mapped
1950912,122558,Mapped
1950942,126279,Mapped
1950943,126288,Mapped
1950956,124091,Mapped
1950957,124092,Mapped
1950961,123396,Mapped
1950962,123405,Mapped
1950963,123402,Mapped
1950965,122722,Mapped
1950967,N/A,Unmapped
1950969,N/A,Unmapped
1950970,N/A,Unmapped
1950971,N/A,Unmapped
1950973,N/A,Unmapped
1950974,N/A,Unmapped
1950977,N/A,Unmapped
1951019,122760,Mapped
1951020,122766,Mapped
1951021,122763,Mapped
1951024,127250,Mapped
1951025,125394,Mapped
1951026,122928,Mapped
1951027,124477,Mapped
1951028,123080,Mapped
1951038,122534,Mapped
1951041,122551,Mapped
1951042,121179,Mapped
1951045,127090,Mapped
1951046,127091,Mapped
1951059,121199,Mapped
1951060,121655,Mapped
1951063,122289,Mapped
1951064,122295,Mapped
1951071,129780,Mapped
1951127,129161,Mapped
1951129,129218,Mapped
1951132,168564,Mapped
1951133,168565,Mapped
1951134,168566,Mapped
1951135,129366,Mapped
1951136,N/A,Unmapped
1951137,N/A,Unmapped
1951144,N/A,Unmapped
1951145,N/A,Unmapped
1951148,129461,Mapped
1951149,129460,Mapped
1951152,129457,Mapped
1951156,129452,Mapped
1951167,N/A,Unmapped
1951170,N/A,Unmapped
1951171,N/A,Unmapped
1951172,N/A,Unmapped
1951176,N/A,Unmapped
1951177,N/A,Unmapped
1951178,N/A,Unmapped
1951237,129626,Mapped
1951238,129623,Mapped
1951239,129622,Mapped
1951240,129831,Mapped
1951241,129462,Mapped
1951262,130134,Mapped
1951264,130138,Mapped
1951265,130137,Mapped
1951267,130140,Mapped
1951268,130112,Mapped
1951269,130110,Mapped
1951272,130141,Mapped
1951273,130142,Mapped
1951274,130143,Mapped
1951276,130127,Mapped
1951278,130144,Mapped
1951279,130145,Mapped
1951280,130146,Mapped
1951287,130148,Mapped
1951290,130151,Mapped
1951291,130152,Mapped
1951295,130158,Mapped
1951296,130159,Mapped
1951297,130160,Mapped
1951298,130161,Mapped
1951299,130162,Mapped
1951301,130163,Mapped
1951302,130117,Mapped
1951303,130116,Mapped
1951304,130121,Mapped
1951305,130165,Mapped
1951311,130132,Mapped
1951312,130133,Mapped
1951313,130126,Mapped
1951314,130128,Mapped
1951315,130129,Mapped
1951338,N/A,Unmapped
1951339,N/A,Unmapped
1951340,N/A,Unmapped
1951341,N/A,Unmapped
1951342,N/A,Unmapped
1951343,N/A,Unmapped
1951346,133090,Mapped
1951365,133107,Mapped
1951367,N/A,Unmapped
1951368,N/A,Unmapped
1951370,N/A,Unmapped
1951371,N/A,Unmapped
1951372,N/A,Unmapped
1951373,N/A,Unmapped
1951374,N/A,Unmapped
1951375,N/A,Unmapped
1951377,N/A,Unmapped
1951378,N/A,Unmapped
1951379,N/A,Unmapped
1951422,N/A,Unmapped
1951423,N/A,Unmapped
1951426,123131,Mapped
1951427,123130,Mapped
1951442,121764,Mapped
1951443,123097,Mapped
1951444,121760,Mapped
1951445,121770,Mapped
1951446,121768,Mapped
1951447,121767,Mapped
1951448,121772,Mapped
1951449,121765,Mapped
1951467,N/A,Unmapped
1951468,N/A,Unmapped
1951469,122370,Mapped
1951471,142843,Mapped
1951475,122340,Mapped
1951476,122318,Mapped
1951493,N/A,Unmapped
1951495,N/A,Unmapped
1951500,122281,Mapped
1951501,127222,Mapped
1951502,127223,Mapped
1951503,127224,Mapped
1951504,127225,Mapped
1951505,128168,Mapped
1951506,127227,Mapped
1951507,127226,Mapped
1951513,122431,Mapped
1951515,122396,Mapped
1951516,122440,Mapped
1951524,122413,Mapped
1951525,122409,Mapped
1951526,122429,Mapped
1951527,122389,Mapped
1951534,122687,Mapped
1951535,121120,Mapped
1951536,121684,Mapped
1951537,N/A,Unmapped
1951567,133999,Mapped
195168,113,Mapped
1952024,133121,Mapped
1952036,121156,Mapped
1952043,121180,Mapped
1952044,121183,Mapped
1952059,121674,Mapped
1952065,122523,Mapped
1952067,129065,Mapped
1952078,129229,Mapped
1952085,129288,Mapped
1952086,N/A,Unmapped
1952095,129290,Mapped
1952097,129338,Mapped
1952098,142226,Mapped
1952102,N/A,Unmapped
1952121,N/A,Unmapped
1952122,168567,Mapped
1952123,N/A,Unmapped
1952124,168568,Mapped
1952125,129656,Mapped
1952126,168569,Mapped
1952127,129652,Mapped
1952129,129650,Mapped
1952130,129649,Mapped
1952138,129709,Mapped
1952139,129827,Mapped
1952146,128943,Mapped
1952147,129344,Mapped
1952148,129708,Mapped
1952149,129706,Mapped
1952150,129703,Mapped
1952151,129699,Mapped
1952152,133129,Mapped
1952180,N/A,Unmapped
1952184,129380,Mapped
1952219,129814,Mapped
1952220,129090,Mapped
1952221,129567,Mapped
1952256,129148,Mapped
1952265,123358,Mapped
1952266,123192,Mapped
1952271,N/A,Unmapped
1952275,122618,Mapped
1952276,129558,Mapped
1952281,122306,Mapped
1952282,122322,Mapped
1952283,122302,Mapped
1952284,122326,Mapped
1952285,122328,Mapped
1952286,122325,Mapped
1952287,122293,Mapped
1952288,N/A,Unmapped
1952301,123540,Mapped
1952324,123883,Mapped
1952326,123885,Mapped
1952331,123890,Mapped
1952391,123543,Mapped
1952396,127092,Mapped
1952397,127093,Mapped
1952400,127096,Mapped
1952401,127097,Mapped
1952402,127098,Mapped
1952403,127099,Mapped
1952404,127100,Mapped
1952406,154462,Mapped
1952407,122912,Mapped
1952408,122916,Mapped
1952409,122936,Mapped
1952413,122726,Mapped
1952414,122730,Mapped
1952439,122904,Mapped
1952441,122943,Mapped
1952444,N/A,Unmapped
1952445,N/A,Unmapped
1952448,132005,Mapped
1952452,131992,Mapped
1952455,131962,Mapped
1952460,122968,Mapped
1952461,122962,Mapped
1952463,131963,Mapped
1952468,131995,Mapped
1952469,132013,Mapped
1952471,131965,Mapped
1952476,131996,Mapped
1952489,132001,Mapped
1952504,131964,Mapped
1952505,132009,Mapped
1952507,123102,Mapped
1952509,123088,Mapped
1952510,123090,Mapped
1952517,123897,Mapped
1952531,123907,Mapped
1952535,137994,Mapped
1952536,137999,Mapped
1952537,125497,Mapped
1952538,125495,Mapped
1952539,125499,Mapped
1952540,125498,Mapped
1952542,125451,Mapped
1952543,126571,Mapped
1952545,126572,Mapped
1952546,126570,Mapped
1952547,126569,Mapped
1952552,149555,Mapped
1952557,143193,Mapped
1952558,143192,Mapped
1952565,143203,Mapped
1952566,122986,Mapped
1952570,122335,Mapped
1952571,122292,Mapped
1952572,122323,Mapped
1952578,N/A,Unmapped
1952579,N/A,Unmapped
1952580,N/A,Unmapped
1952581,N/A,Unmapped
1952582,N/A,Unmapped
1952583,N/A,Unmapped
1952584,N/A,Unmapped
1952585,N/A,Unmapped
1952586,N/A,Unmapped
1952587,N/A,Unmapped
1952588,N/A,Unmapped
1952589,N/A,Unmapped
1952594,122307,Mapped
1952597,129647,Mapped
1952598,129464,Mapped
1952599,129684,Mapped
1952600,129450,Mapped
1952995,129336,Mapped
1952996,129061,Mapped
1952997,129449,Mapped
1953016,129821,Mapped
1953331,129789,Mapped
1953335,123390,Mapped
1953336,123386,Mapped
1953343,122386,Mapped
1953345,122382,Mapped
1953348,121762,Mapped
1953353,128976,Mapped
1953355,129030,Mapped
1953356,129556,Mapped
1953357,129326,Mapped
1953368,129027,Mapped
1953401,129763,Mapped
1953405,129323,Mapped
1953406,129324,Mapped
1953407,129322,Mapped
1953461,129284,Mapped
1953463,129761,Mapped
1953464,129432,Mapped
1953465,168703,Mapped
1953468,129592,Mapped
1953472,129071,Mapped
1953475,129052,Mapped
1953477,129431,Mapped
1953488,129049,Mapped
1953490,N/A,Unmapped
1953491,N/A,Unmapped
1953492,N/A,Unmapped
1953493,N/A,Unmapped
1953496,N/A,Unmapped
1953498,N/A,Unmapped
1953499,N/A,Unmapped
1953500,N/A,Unmapped
1953501,N/A,Unmapped
1953514,129125,Mapped
1953520,128931,Mapped
1953522,129281,Mapped
1953533,128930,Mapped
1953546,135496,Mapped
1953552,N/A,Unmapped
1953553,133137,Mapped
1953554,133138,Mapped
1953556,133139,Mapped
1953557,133140,Mapped
1953558,133141,Mapped
1953559,N/A,Unmapped
1953566,122365,Mapped
1953575,133151,Mapped
1953580,133155,Mapped
1953583,133157,Mapped
1953595,122655,Mapped
1953610,122678,Mapped
1953611,122679,Mapped
1953646,130362,Mapped
1953655,130377,Mapped
1953656,130378,Mapped
1953657,130379,Mapped
1953659,130381,Mapped
1953663,130385,Mapped
1953666,130451,Mapped
1953667,130453,Mapped
1953668,130455,Mapped
1953669,130456,Mapped
1953684,130392,Mapped
1953693,130400,Mapped
1953694,130401,Mapped
1953695,130402,Mapped
1953696,130403,Mapped
1953697,130404,Mapped
1953698,130405,Mapped
1953736,N/A,Unmapped
1953744,N/A,Unmapped
1953745,N/A,Unmapped
1953747,N/A,Unmapped
1953748,N/A,Unmapped
1953750,132376,Mapped
1953751,132370,Mapped
1953752,131414,Mapped
1953753,131409,Mapped
1953856,N/A,Unmapped
1953870,130519,Mapped
1953872,133184,Mapped
1953881,N/A,Unmapped
1953890,N/A,Unmapped
1953910,130529,Mapped
1953911,130531,Mapped
1953915,130533,Mapped
1953958,N/A,Unmapped
1954001,N/A,Unmapped
1954004,168570,Mapped
1954005,N/A,Unmapped
1954006,N/A,Unmapped
1954007,N/A,Unmapped
1954028,122684,Mapped
1954033,N/A,Unmapped
1954040,129282,Mapped
1954043,129676,Mapped
1954048,129036,Mapped
1954049,129553,Mapped
1954056,129674,Mapped
1954059,128979,Mapped
1954065,128973,Mapped
1954066,128968,Mapped
1954068,129195,Mapped
1954069,129196,Mapped
1954070,129467,Mapped
1954071,129937,Mapped
1954072,129172,Mapped
1954073,129767,Mapped
1954075,129506,Mapped
1954097,133186,Mapped
1954100,133189,Mapped
1954109,133196,Mapped
1954125,133208,Mapped
1954126,133210,Mapped
1954151,129594,Mapped
1954154,122275,Mapped
1954155,122285,Mapped
1954160,122393,Mapped
1954161,122450,Mapped
1954166,122348,Mapped
1954179,122442,Mapped
1954180,122451,Mapped
1954181,122435,Mapped
1954183,165417,Mapped
1954230,123928,Mapped
1954244,123823,Mapped
1954311,133215,Mapped
1954312,133218,Mapped
1954313,133217,Mapped
1954314,N/A,Unmapped
1954315,133219,Mapped
1954316,133220,Mapped
1954317,133221,Mapped
1954318,133222,Mapped
1954319,133223,Mapped
1954320,N/A,Unmapped
1954321,N/A,Unmapped
1954326,N/A,Unmapped
1954327,N/A,Unmapped
1954328,N/A,Unmapped
1954329,133224,Mapped
1954330,N/A,Unmapped
1954331,N/A,Unmapped
1954332,133225,Mapped
1954333,N/A,Unmapped
1954334,N/A,Unmapped
1954335,N/A,Unmapped
1954336,N/A,Unmapped
1954337,133227,Mapped
1954338,133226,Mapped
1954339,N/A,Unmapped
1954340,N/A,Unmapped
1954341,N/A,Unmapped
1954349,N/A,Unmapped
1954350,N/A,Unmapped
1954354,N/A,Unmapped
1954355,133228,Mapped
1954356,N/A,Unmapped
1954357,N/A,Unmapped
1954358,N/A,Unmapped
1954359,N/A,Unmapped
1954360,N/A,Unmapped
1954361,N/A,Unmapped
1954364,N/A,Unmapped
1954368,168571,Mapped
1954377,N/A,Unmapped
1954378,133229,Mapped
1954379,N/A,Unmapped
1954381,N/A,Unmapped
1954383,N/A,Unmapped
1954384,N/A,Unmapped
1954385,N/A,Unmapped
1954386,N/A,Unmapped
1954387,168572,Mapped
1954388,N/A,Unmapped
1954389,N/A,Unmapped
1954390,N/A,Unmapped
1954391,N/A,Unmapped
1954392,N/A,Unmapped
1954393,N/A,Unmapped
1954394,N/A,Unmapped
1954395,N/A,Unmapped
1954396,N/A,Unmapped
1954397,168573,Mapped
1954398,N/A,Unmapped
1954399,N/A,Unmapped
1954400,168574,Mapped
1954433,149988,Mapped
1954434,150022,Mapped
1954438,122925,Mapped
1954449,122974,Mapped
1954451,122976,Mapped
1954452,122979,Mapped
1954453,123747,Mapped
1954454,123752,Mapped
1954456,126564,Mapped
1954464,122764,Mapped
1954465,122746,Mapped
1954466,122752,Mapped
1954467,122755,Mapped
1954483,122978,Mapped
1954548,122550,Mapped
1954549,122559,Mapped
1954558,124093,Mapped
1954560,128586,Mapped
1955035,122698,Mapped
1955039,122390,Mapped
1955040,122560,Mapped
1955041,122374,Mapped
1955042,122377,Mapped
1955054,131308,Mapped
1955103,126371,Mapped
1955104,126373,Mapped
1955105,135499,Mapped
1955109,143812,Mapped
1955110,133231,Mapped
1955112,123958,Mapped
1955113,139023,Mapped
1955116,122737,Mapped
1955119,122731,Mapped
1955120,122732,Mapped
1955121,122733,Mapped
1955143,N/A,Unmapped
1955144,N/A,Unmapped
1955145,127584,Mapped
1955146,127588,Mapped
1955161,122957,Mapped
1955162,122958,Mapped
1955165,122970,Mapped
1955166,122960,Mapped
1955168,124335,Mapped
1955182,N/A,Unmapped
1955183,N/A,Unmapped
1955184,N/A,Unmapped
1955209,123092,Mapped
1955305,N/A,Unmapped
1955306,N/A,Unmapped
1955307,N/A,Unmapped
1955308,N/A,Unmapped
1955310,N/A,Unmapped
1955311,N/A,Unmapped
1955323,N/A,Unmapped
1955358,N/A,Unmapped
1955360,N/A,Unmapped
1955361,N/A,Unmapped
1955362,N/A,Unmapped
1955363,N/A,Unmapped
1955364,N/A,Unmapped
1955365,N/A,Unmapped
1955366,N/A,Unmapped
1955367,N/A,Unmapped
1955368,N/A,Unmapped
1955369,N/A,Unmapped
1955370,N/A,Unmapped
1955371,N/A,Unmapped
1955384,123087,Mapped
1955413,125401,Mapped
1955414,123757,Mapped
1955415,125425,Mapped
1955421,N/A,Unmapped
1955425,N/A,Unmapped
1955428,N/A,Unmapped
1955429,N/A,Unmapped
1955430,N/A,Unmapped
1955433,N/A,Unmapped
1955435,N/A,Unmapped
1955574,130191,Mapped
1955576,130643,Mapped
1955577,130644,Mapped
1955578,130645,Mapped
1955579,130646,Mapped
1955581,130647,Mapped
1955582,130648,Mapped
1955583,130649,Mapped
1955584,130650,Mapped
1955585,130651,Mapped
1955586,130652,Mapped
1955587,130653,Mapped
1955588,130654,Mapped
1955589,130655,Mapped
1955593,133237,Mapped
1955594,130659,Mapped
1955595,130660,Mapped
1955597,130662,Mapped
1955602,N/A,Unmapped
1955603,N/A,Unmapped
1955777,N/A,Unmapped
1955778,N/A,Unmapped
1955779,N/A,Unmapped
1955783,N/A,Unmapped
1955784,N/A,Unmapped
1955785,N/A,Unmapped
1955786,N/A,Unmapped
1955790,N/A,Unmapped
1955792,N/A,Unmapped
1955795,N/A,Unmapped
1955801,123380,Mapped
1955802,123383,Mapped
1955804,123378,Mapped
1955805,123381,Mapped
1955806,123379,Mapped
1955807,122931,Mapped
1955808,122930,Mapped
1955809,122927,Mapped
1955810,122938,Mapped
1955811,122921,Mapped
1955812,122929,Mapped
1955813,122998,Mapped
1955829,122937,Mapped
1955839,123036,Mapped
1955850,123082,Mapped
1955853,123121,Mapped
1955854,123099,Mapped
1955857,124111,Mapped
1955861,124476,Mapped
1955862,123120,Mapped
1955863,123100,Mapped
1955864,123116,Mapped
1955865,123105,Mapped
1955866,123129,Mapped
1955867,123407,Mapped
1955868,123419,Mapped
1955869,123397,Mapped
1956072,125500,Mapped
1956076,148194,Mapped
1956077,123384,Mapped
1956079,122964,Mapped
1956118,124352,Mapped
1956120,123108,Mapped
1956122,123117,Mapped
1956123,123392,Mapped
1956124,123388,Mapped
1956125,N/A,Unmapped
1956140,123398,Mapped
1956141,123418,Mapped
1956146,123435,Mapped
1956147,123401,Mapped
1956634,127366,Mapped
1956635,127375,Mapped
1956636,128339,Mapped
1956637,128329,Mapped
1956638,128333,Mapped
1956639,N/A,Unmapped
1956640,N/A,Unmapped
1956641,N/A,Unmapped
1956642,N/A,Unmapped
1956643,125643,Mapped
1956644,125644,Mapped
1956645,122965,Mapped
1956646,122961,Mapped
1956647,122969,Mapped
1956649,122963,Mapped
1956650,122971,Mapped
1956653,125612,Mapped
1956654,125606,Mapped
1956659,128589,Mapped
1956666,128580,Mapped
1956668,122954,Mapped
1956669,123103,Mapped
1956670,123113,Mapped
1956673,123076,Mapped
1956674,123112,Mapped
1956675,123085,Mapped
1956678,123060,Mapped
1956679,123382,Mapped
1956680,123385,Mapped
1956681,127437,Mapped
1956682,123115,Mapped
1956685,133240,Mapped
1956804,123722,Mapped
1956806,123054,Mapped
1956809,131848,Mapped
1956810,131847,Mapped
1956811,123107,Mapped
1956812,123110,Mapped
1956813,123111,Mapped
1956814,123125,Mapped
1956866,123427,Mapped
1956892,123411,Mapped
1956893,123714,Mapped
1956894,126880,Mapped
1956895,126881,Mapped
1956896,124386,Mapped
1956897,124427,Mapped
1956898,145417,Mapped
1956904,123742,Mapped
1956916,123710,Mapped
1956917,123708,Mapped
1957054,123093,Mapped
1957055,N/A,Unmapped
1957056,N/A,Unmapped
1957057,N/A,Unmapped
1957058,N/A,Unmapped
1957059,N/A,Unmapped
1957060,N/A,Unmapped
1957061,N/A,Unmapped
1957062,N/A,Unmapped
1957063,N/A,Unmapped
1957064,N/A,Unmapped
1957065,N/A,Unmapped
1957066,N/A,Unmapped
1957067,123079,Mapped
1957068,124473,Mapped
1957069,124474,Mapped
1957070,124475,Mapped
1957071,123055,Mapped
1957073,125910,Mapped
1957075,123095,Mapped
1957076,123106,Mapped
1957078,123637,Mapped
1957093,123072,Mapped
1957118,N/A,Unmapped
1957122,N/A,Unmapped
1957125,N/A,Unmapped
1957128,123416,Mapped
1957138,123723,Mapped
1957140,123713,Mapped
1957141,123712,Mapped
1957142,123716,Mapped
1957143,123724,Mapped
1957144,123732,Mapped
1957146,123735,Mapped
1957147,123736,Mapped
1957148,123756,Mapped
1957149,123720,Mapped
1957150,124131,Mapped
1957151,124121,Mapped
1957152,124133,Mapped
1957153,124127,Mapped
1957160,126284,Mapped
1957162,N/A,Unmapped
1957163,N/A,Unmapped
1957164,N/A,Unmapped
1957165,N/A,Unmapped
1957166,N/A,Unmapped
1957167,N/A,Unmapped
1957187,126462,Mapped
1957190,123741,Mapped
1957191,123745,Mapped
1957192,123727,Mapped
1957193,123739,Mapped
1957197,126577,Mapped
1957219,123743,Mapped
1957220,123717,Mapped
1957250,148730,Mapped
1957547,123061,Mapped
1957560,124095,Mapped
1957593,124110,Mapped
1958064,124104,Mapped
1959035,124438,Mapped
1959050,124423,Mapped
1959066,131880,Mapped
1959067,133241,Mapped
1959073,124472,Mapped
1959079,166030,Mapped
1959080,166031,Mapped
1959081,166032,Mapped
1959082,127694,Mapped
1959083,127696,Mapped
1959084,131616,Mapped
1959095,125408,Mapped
1959096,125413,Mapped
1959097,125406,Mapped
1959099,128387,Mapped
1959100,125607,Mapped
1959101,132307,Mapped
1959104,132310,Mapped
1959106,132311,Mapped
1959113,132529,Mapped
1959115,132290,Mapped
1959123,132330,Mapped
1959134,132299,Mapped
1959144,134489,Mapped
1959145,132344,Mapped
1959147,131235,Mapped
1959156,133251,Mapped
1959166,126700,Mapped
1959215,126867,Mapped
1959247,127234,Mapped
1959248,127233,Mapped
1959254,132332,Mapped
1959255,132333,Mapped
1959256,132334,Mapped
1959260,132291,Mapped
1959261,132292,Mapped
1959262,132293,Mapped
1959263,132294,Mapped
1959271,132335,Mapped
1959272,132336,Mapped
1959273,132337,Mapped
1959285,131014,Mapped
1959308,126295,Mapped
1959317,127730,Mapped
1959318,139476,Mapped
1959329,161930,Mapped
1959351,131017,Mapped
1959352,131018,Mapped
1959418,127902,Mapped
1959419,128042,Mapped
1959420,127871,Mapped
1959429,127625,Mapped
1959437,128639,Mapped
1959439,127920,Mapped
1959440,127978,Mapped
1959453,N/A,Unmapped
1959454,N/A,Unmapped
1959455,N/A,Unmapped
1959456,N/A,Unmapped
1959458,N/A,Unmapped
1959459,N/A,Unmapped
1959470,127853,Mapped
1959471,128020,Mapped
1959474,127930,Mapped
1959476,126878,Mapped
1959489,127009,Mapped
1959490,127933,Mapped
1959491,127010,Mapped
1959495,127844,Mapped
1959496,127848,Mapped
1959497,127858,Mapped
1959498,127943,Mapped
1959499,127883,Mapped
1959500,127367,Mapped
1959501001,127828,Mapped
1959501002,127363,Mapped
1959501003,127833,Mapped
1959508,127884,Mapped
1959509,127941,Mapped
1959516,127355,Mapped
1959533,128166,Mapped
1959534,128164,Mapped
1959549,124455,Mapped
1959550,124454,Mapped
1959552,124403,Mapped
1959553,124401,Mapped
1959554,124402,Mapped
1959555,128794,Mapped
1959556,128801,Mapped
1959559,128717,Mapped
1959562,125616,Mapped
1959578,125635,Mapped
1959580,125627,Mapped
1959581,127723,Mapped
1959583,127373,Mapped
1959584,127368,Mapped
1959586,125723,Mapped
1959587,N/A,Unmapped
1959600,128338,Mapped
1959601002,126632,Mapped
1959601003,126633,Mapped
1959602001,125702,Mapped
1959602002,126806,Mapped
1959602003,126808,Mapped
1959602005,137428,Mapped
1959603,125718,Mapped
1959607,125961,Mapped
1959609,125958,Mapped
1959610,125966,Mapped
1959611,125930,Mapped
1959616,126307,Mapped
1959617,126340,Mapped
1959618,126304,Mapped
1959619,126334,Mapped
1959620,128703,Mapped
1959624,127040,Mapped
1959629,127045,Mapped
1959632,127046,Mapped
1959633,127047,Mapped
1959634,127048,Mapped
1959635,127049,Mapped
1959636,127050,Mapped
1959654,127462,Mapped
1959663,126911,Mapped
1959712,127635,Mapped
1959713,127408,Mapped
1959715,127407,Mapped
1959716,127402,Mapped
1959717,127409,Mapped
1959766,152130,Mapped
1959781,128014,Mapped
1959783,127391,Mapped
1959784,127900,Mapped
1959785,127107,Mapped
1960050,125645,Mapped
1960051,125648,Mapped
1960058,124425,Mapped
1960061,126062,Mapped
1960084,126281,Mapped
1960093,131020,Mapped
1960101,125691,Mapped
1960102,125706,Mapped
1960103,125705,Mapped
1960107,125690,Mapped
1960108,125692,Mapped
1960109,125711,Mapped
1960112,126717,Mapped
1960132,126430,Mapped
1960146,125950,Mapped
1960147,125940,Mapped
1960148,125919,Mapped
1960149,125976,Mapped
1960154,125967,Mapped
1960155,125949,Mapped
1960156,125973,Mapped
1960157,125928,Mapped
1960160,125971,Mapped
1960161,125938,Mapped
1960163,127012,Mapped
1960226,126578,Mapped
1960227,126579,Mapped
1960242,132689,Mapped
1960245001,127459,Mapped
1960245003,139336,Mapped
1960247,127406,Mapped
1960248,130201,Mapped
1960249,127404,Mapped
1960250,127935,Mapped
1960251,127942,Mapped
1960253,126614,Mapped
1960254,126616,Mapped
1960255,128596,Mapped
1960256,127251,Mapped
1960263,127398,Mapped
1960268,127158,Mapped
1960277,127155,Mapped
1960281,128140,Mapped
1960283,128266,Mapped
1960284,128313,Mapped
1960285,128262,Mapped
1960286,128295,Mapped
1960290,127239,Mapped
1960293001,127824,Mapped
1960293002,127826,Mapped
1960294001,127718,Mapped
1960294002,127717,Mapped
1960295001,127692,Mapped
1960295002,127697,Mapped
1960295003,127693,Mapped
1960367,127153,Mapped
1960374,165287,Mapped
1960385,126799,Mapped
1960396,127927,Mapped
1960397,127364,Mapped
1960400,127442,Mapped
1960401,127439,Mapped
1960402,127440,Mapped
1960404,127443,Mapped
1960405,127441,Mapped
1960406,127444,Mapped
1960407,127447,Mapped
1960540001,125609,Mapped
1960540002,125603,Mapped
1960553,126733,Mapped
1960557,125416,Mapped
1960560,126736,Mapped
1960565,125411,Mapped
1960569,132306,Mapped
1960581,125636,Mapped
1960585,127369,Mapped
1960586,127365,Mapped
1960589,127243,Mapped
1960592,125622,Mapped
1960593,125629,Mapped
1960595,127241,Mapped
1960596,127242,Mapped
1960597,127244,Mapped
1960610,133271,Mapped
1960611,133272,Mapped
1960613,133273,Mapped
1960614,133274,Mapped
1960615,168426,Mapped
1960616,133275,Mapped
1960618,133278,Mapped
1960619,N/A,Unmapped
1960622,125625,Mapped
1960623,125630,Mapped
1960678,125720,Mapped
1960679,125719,Mapped
1960680,126582,Mapped
1960681,125721,Mapped
1960685,125715,Mapped
1960686,125695,Mapped
1960687,125717,Mapped
1960689,127526,Mapped
1960691,125916,Mapped
1960700,134455,Mapped
1960701,134467,Mapped
1960703,134487,Mapped
1960706,134481,Mapped
1960802,126031,Mapped
1960809,126038,Mapped
1960846,127643,Mapped
1960847,138269,Mapped
1960848,147169,Mapped
1960849,N/A,Unmapped
1960850,126315,Mapped
1960851,126319,Mapped
1960852,126588,Mapped
1960853,126586,Mapped
1960854,126324,Mapped
1960855,126316,Mapped
1960856,126325,Mapped
1960857,126332,Mapped
1960858,126317,Mapped
1960859,126339,Mapped
1960860,126310,Mapped
1960863,126318,Mapped
1960864,126341,Mapped
1960870,126322,Mapped
1960871,127782,Mapped
1960892,126869,Mapped
1960895,127111,Mapped
1960896,127110,Mapped
1960897,126649,Mapped
1960898,126645,Mapped
1960915,126566,Mapped
1960916,126567,Mapped
1960917,132670,Mapped
1960918,128597,Mapped
1960920,128377,Mapped
1960921,128396,Mapped
1960922,127566,Mapped
1960942,127899,Mapped
1960943,127919,Mapped
1960949,127389,Mapped
1960953,127394,Mapped
1960954,127396,Mapped
1960955,127397,Mapped
1960956,127401,Mapped
1960963,126611,Mapped
1960964,126620,Mapped
1960981,127856,Mapped
1960982,126607,Mapped
1960998,126597,Mapped
1960999,126600,Mapped
1961000,126598,Mapped
1961006,128330,Mapped
1961007,127386,Mapped
1961008,128325,Mapped
1961009,128327,Mapped
1961010,128324,Mapped
1961011,145418,Mapped
1961017,128138,Mapped
1961018,128134,Mapped
1961019,128135,Mapped
1961020,128139,Mapped
1961036,124424,Mapped
1961037,124468,Mapped
1961038,124469,Mapped
1961041,139670,Mapped
1961048,125409,Mapped
1961049,125400,Mapped
1961055,126744,Mapped
1961088,125906,Mapped
1961089,125907,Mapped
1961090,125610,Mapped
1961091,125602,Mapped
1961092,125640,Mapped
1961093,125620,Mapped
1961094,125621,Mapped
1961095,125615,Mapped
1961096,125617,Mapped
1961097,125628,Mapped
1961099,132743,Mapped
1961104,125632,Mapped
1961105,127157,Mapped
1961111,126774,Mapped
1961114,126335,Mapped
1961117001,126809,Mapped
1961117002,126815,Mapped
1961117003,126807,Mapped
1961117005,137430,Mapped
1961117006,137326,Mapped
1961119,125912,Mapped
1961121,125913,Mapped
1961122,125972,Mapped
1961126,125920,Mapped
1961127,125918,Mapped
1961129,N/A,Unmapped
1961130,N/A,Unmapped
1961131,N/A,Unmapped
1961133,127684,Mapped
1961134,127685,Mapped
1961135,127659,Mapped
1961136,127686,Mapped
1961137,127687,Mapped
1961138,127688,Mapped
1961139,127689,Mapped
1961142,126302,Mapped
1961144,126297,Mapped
1961183,126879,Mapped
1961186,127013,Mapped
1961187,127014,Mapped
1961188,127015,Mapped
1961193,127020,Mapped
1961195,127022,Mapped
1961196,127023,Mapped
1961200,127027,Mapped
1961201,127028,Mapped
1961202,127029,Mapped
1961203,127031,Mapped
1961204,127030,Mapped
1961208,126300,Mapped
1961209,126312,Mapped
1961210,126331,Mapped
1961214,126305,Mapped
1961230,127915,Mapped
1961232,127247,Mapped
1961305,131612,Mapped
1961306,127427,Mapped
1961312,127446,Mapped
1961313,127448,Mapped
1961314,127445,Mapped
1961315,127449,Mapped
1961316,127817,Mapped
1961321,127878,Mapped
1961322,127712,Mapped
1961324,127565,Mapped
1961329,128179,Mapped
1961330,128177,Mapped
1961331,127804,Mapped
1961332,127937,Mapped
1961333,127660,Mapped
1961334,127875,Mapped
1961335,127924,Mapped
1961336,127453,Mapped
1961337,127451,Mapped
1961338,127452,Mapped
1961339,127450,Mapped
1961340,N/A,Unmapped
1961552,124428,Mapped
1961553,124434,Mapped
1961554,124431,Mapped
1961556,124433,Mapped
1961557,124430,Mapped
1961558,124432,Mapped
1961559,124436,Mapped
1961562,124451,Mapped
1961563,124450,Mapped
1961567,124412,Mapped
1961568,125611,Mapped
1961592,125608,Mapped
1961593,126601,Mapped
1961595,126603,Mapped
1961596,126604,Mapped
1961597,126605,Mapped
1961598,126606,Mapped
1961599,125724,Mapped
1961602,125626,Mapped
1961604,126397,Mapped
1961605,126396,Mapped
1961608,126392,Mapped
1961615,126387,Mapped
1961616,126385,Mapped
1961618,N/A,Unmapped
1961619,126595,Mapped
1961625,126345,Mapped
1961627,127035,Mapped
1961629,126299,Mapped
1961630,126323,Mapped
1961649,126871,Mapped
1961658,127780,Mapped
1961659,127774,Mapped
1961669,127913,Mapped
1961670,127934,Mapped
1961671,127910,Mapped
1961676,127690,Mapped
1961684,127141,Mapped
1961732,127115,Mapped
1961738,152638,Mapped
1961740,127560,Mapped
1961742,127561,Mapped
1961744,127553,Mapped
1961746,128176,Mapped
1961747,N/A,Unmapped
1961748,N/A,Unmapped
1961749,N/A,Unmapped
1961750,N/A,Unmapped
1961755,127347,Mapped
1961757,127533,Mapped
1961758,127534,Mapped
1961759,127535,Mapped
1961768,127554,Mapped
1961777,N/A,Unmapped
1961779,127662,Mapped
1961782,127536,Mapped
1961783,127724,Mapped
1961784,127728,Mapped
1962039,128659,Mapped
1962043,133289,Mapped
1962044,133290,Mapped
1962045,126646,Mapped
1962049,N/A,Unmapped
1962061,132261,Mapped
1962072,127058,Mapped
1962080,127191,Mapped
1962084,134456,Mapped
1962096,126596,Mapped
1962099,127240,Mapped
1962102,127008,Mapped
1962103,127632,Mapped
1962105,127638,Mapped
1962111,127807,Mapped
1962536,127977,Mapped
1962538,127348,Mapped
1962539,127354,Mapped
1962542,127393,Mapped
1962548,127379,Mapped
1962549,127388,Mapped
1962550,127562,Mapped
1962552,127928,Mapped
1962553,127948,Mapped
1963035,128167,Mapped
1963036,128165,Mapped
1963037,127432,Mapped
1963042,129927,Mapped
1963044,127193,Mapped
1963045,127537,Mapped
1963046,126811,Mapped
1963049,127065,Mapped
1963050,127064,Mapped
1963051,127066,Mapped
1963052,126812,Mapped
1963054,126820,Mapped
1963535,127538,Mapped
1963537,127983,Mapped
1963548,131025,Mapped
1963550,136342,Mapped
1963551,136338,Mapped
1963553,131027,Mapped
1963558,127429,Mapped
1963563,127595,Mapped
1963570,127991,Mapped
1963593,127840,Mapped
1963594,127838,Mapped
1963596,128690,Mapped
1963612,127830,Mapped
1963619,127947,Mapped
1963622,127729,Mapped
1963623,127733,Mapped
1963624,127665,Mapped
1963626,127713,Mapped
1963629,128332,Mapped
1963636,131303,Mapped
1963637,132181,Mapped
1963639,130271,Mapped
1963640,132458,Mapped
1963660,127818,Mapped
1963663,132460,Mapped
1963664,132461,Mapped
1963665,132463,Mapped
1963668,132465,Mapped
1963669,127735,Mapped
1963670,128336,Mapped
1963671,128347,Mapped
1963672,128337,Mapped
1963673,127719,Mapped
1963674,127714,Mapped
1964023,127965,Mapped
1964027,132749,Mapped
1964028,132757,Mapped
1964029,132764,Mapped
1964031,127958,Mapped
1964032,133754,Mapped
1964035,127800,Mapped
1964040,133642,Mapped
1964060,127067,Mapped
1964062,127069,Mapped
1964077,127070,Mapped
1964078,127071,Mapped
1964079,127072,Mapped
1964080,127073,Mapped
1964081,127074,Mapped
1964082,127075,Mapped
1964083,127076,Mapped
1964084,127078,Mapped
1964085,130234,Mapped
1964088,127857,Mapped
1964089,127864,Mapped
1964103,131037,Mapped
1964104,131038,Mapped
1964116,127636,Mapped
1964118,131039,Mapped
1964122,131040,Mapped
1964124,127143,Mapped
1964127,127819,Mapped
1964128,127815,Mapped
1964129,N/A,Unmapped
1964130,N/A,Unmapped
1964131,N/A,Unmapped
1964132,N/A,Unmapped
1964135,N/A,Unmapped
1964137,127433,Mapped
1964140,127148,Mapped
1964142,131644,Mapped
1964143,127146,Mapped
1964144,127147,Mapped
1964145,127151,Mapped
1964149,127590,Mapped
1964153,127738,Mapped
1964154,127953,Mapped
1964155,127986,Mapped
1964157,127959,Mapped
1964159,131423,Mapped
1964160,131436,Mapped
1964167,127352,Mapped
1964173,127666,Mapped
1964180,167022,Mapped
1964181,167023,Mapped
1964183,131581,Mapped
1964184,137352,Mapped
1964198,127839,Mapped
1964199,127843,Mapped
1964200,127842,Mapped
1964207,N/A,Unmapped
1964211,132531,Mapped
1964212,132539,Mapped
1964213,N/A,Unmapped
1964214,N/A,Unmapped
1964215,N/A,Unmapped
1964216,N/A,Unmapped
1964221,N/A,Unmapped
1964228,128009,Mapped
1964233,128048,Mapped
1964235,128093,Mapped
1964545,127754,Mapped
1964548,131046,Mapped
1964550,135502,Mapped
1964551,132232,Mapped
1964558,131047,Mapped
1964566,127596,Mapped
1964576,127862,Mapped
1964604,133775,Mapped
1964605,127859,Mapped
1964607,127972,Mapped
1964608,127850,Mapped
1964609,127845,Mapped
1964620,131871,Mapped
1964621,131464,Mapped
1964622,131446,Mapped
1964623,131432,Mapped
1964629,132878,Mapped
1964630,132860,Mapped
1964631,127832,Mapped
1964632,128256,Mapped
1964633,127831,Mapped
1964650,130342,Mapped
1964651,130340,Mapped
1964652,130341,Mapped
196475,6033,Mapped
1964928,139828,Mapped
1964931,139816,Mapped
1964932,139818,Mapped
1964933,139819,Mapped
1964937,137635,Mapped
1964938,137643,Mapped
1964939,137662,Mapped
1964946,137713,Mapped
1964947,137695,Mapped
1964948,137628,Mapped
1964949,137668,Mapped
1964951,137644,Mapped
1964952,137658,Mapped
1964953,137710,Mapped
1964962,137670,Mapped
1964975,142877,Mapped
1964984,136352,Mapped
1965014,137631,Mapped
1965036,127599,Mapped
1965037,127600,Mapped
1965039,127346,Mapped
1965044,127575,Mapped
1965046,127569,Mapped
1965049,139536,Mapped
1965087,128040,Mapped
1965090,133305,Mapped
1965092,N/A,Unmapped
1965095,127846,Mapped
1965117,132467,Mapped
1965118,127888,Mapped
1965119,127743,Mapped
1965130,127779,Mapped
1965138,132758,Mapped
1965139,132760,Mapped
1965140,132754,Mapped
1965141,132750,Mapped
1965241,137019,Mapped
1965243,137021,Mapped
1965289,136764,Mapped
196531,18209,Mapped
196532,12817,Mapped
196534,6131,Mapped
196535,6132,Mapped
196536,6151,Mapped
196537,6150,Mapped
196540,6155,Mapped
196547,6156,Mapped
196549,18227,Mapped
196550,28961,Mapped
196551,12807,Mapped
1965546,128566,Mapped
1965547,128568,Mapped
1965561,132231,Mapped
1965565001,127220,Mapped
1965565002,127221,Mapped
1965565003,127219,Mapped
1965565006,141992,Mapped
1965569,127618,Mapped
1965572,127435,Mapped
1965580,128661,Mapped
1965587,131055,Mapped
1965591,131058,Mapped
1965592,127604,Mapped
1965593,127670,Mapped
1965594,127672,Mapped
1965596,127837,Mapped
1965597,127886,Mapped
1965598,127841,Mapped
1965616,132753,Mapped
1965617,132762,Mapped
1965775,137779,Mapped
1965863,136478,Mapped
1965864,136479,Mapped
1965976,N/A,Unmapped
1965986,136521,Mapped
1965987,N/A,Unmapped
1966040,131506,Mapped
1966041,131502,Mapped
1966042,131507,Mapped
1966043,131403,Mapped
1966044,131402,Mapped
1966045,131404,Mapped
1966047,131151,Mapped
1966048,131153,Mapped
1966049,131156,Mapped
1966050,131157,Mapped
1966051,131150,Mapped
1966052,131159,Mapped
1966053,131161,Mapped
1966054,131164,Mapped
1966056,131166,Mapped
1966057,131154,Mapped
1966058,131167,Mapped
1966062,131163,Mapped
1966063,131165,Mapped
1966064,131168,Mapped
1966065,131169,Mapped
1966066,131170,Mapped
1966067,131171,Mapped
1966068,131172,Mapped
1966069,131173,Mapped
1966070,131174,Mapped
1966071,131175,Mapped
1966072,131176,Mapped
1966073,131177,Mapped
1966074,131178,Mapped
1966075,131179,Mapped
1966076,131180,Mapped
1966077,131806,Mapped
1966078,131181,Mapped
1966079,131182,Mapped
1966080,131183,Mapped
1966082,131185,Mapped
1966083,131186,Mapped
1966085,131188,Mapped
1966086,131189,Mapped
1966088,131191,Mapped
1966089,131192,Mapped
1966090,131193,Mapped
1966091,131194,Mapped
1966096,132035,Mapped
1966097,131196,Mapped
1966100,131199,Mapped
1966101,131200,Mapped
1966102,131201,Mapped
1966103,131202,Mapped
1966106,131205,Mapped
1966107,131206,Mapped
1966108,131207,Mapped
1966111,131210,Mapped
1966112,131211,Mapped
1966113,131212,Mapped
1966114,131213,Mapped
1966116,131215,Mapped
1966117,131216,Mapped
1966118,131217,Mapped
1966119,131218,Mapped
1966120,131219,Mapped
1966121,131220,Mapped
1966127,133306,Mapped
1966141,138448,Mapped
1966144,127979,Mapped
1966147,128255,Mapped
1966148,128272,Mapped
1966161,131063,Mapped
1966162,131062,Mapped
1966168,130347,Mapped
1966171,128475,Mapped
1966443,130038,Mapped
1966444,128460,Mapped
1966445,128569,Mapped
1966446,128461,Mapped
1966447,131884,Mapped
1966448,128462,Mapped
1966454,127968,Mapped
1966543,127607,Mapped
1966545,128090,Mapped
1966546001,127606,Mapped
1966546002,127608,Mapped
1966553,127674,Mapped
1966554,127631,Mapped
1966555,127637,Mapped
1966556,127639,Mapped
1966560,127865,Mapped
1966563,127750,Mapped
1966564,N/A,Unmapped
1966571,127751,Mapped
1966572,132078,Mapped
1966573,130263,Mapped
1966586,128328,Mapped
1966590,135807,Mapped
1966591,148683,Mapped
1966857,127836,Mapped
1966858,132761,Mapped
1966859,132748,Mapped
1966871,127810,Mapped
1966928,127929,Mapped
1966929,127960,Mapped
1966935,128097,Mapped
1966936,128107,Mapped
1966937,128095,Mapped
1966938,128105,Mapped
1966944,130264,Mapped
1966946,131066,Mapped
1966986,131069,Mapped
1966989,128279,Mapped
1966990,128297,Mapped
1966994,128084,Mapped
1966999,128053,Mapped
1967011,133717,Mapped
1967017,128269,Mapped
1967018,128319,Mapped
1967023,132840,Mapped
1967086,127762,Mapped
1967090,139821,Mapped
1967093,139812,Mapped
1967094,139804,Mapped
1967095,140879,Mapped
1967096,139814,Mapped
1967098,139826,Mapped
1967101,139825,Mapped
1967117,137681,Mapped
1967118,137728,Mapped
1967119,137610,Mapped
1967120,137626,Mapped
1967121,137671,Mapped
1967122,137736,Mapped
1967123,137701,Mapped
1967124,137732,Mapped
1967126,143199,Mapped
1967128,N/A,Unmapped
1967131,137726,Mapped
1967142,137672,Mapped
1967144,137699,Mapped
1967180,137638,Mapped
1967189,142087,Mapped
1967207,137797,Mapped
1967227,135510,Mapped
1967241,135512,Mapped
1967242,135513,Mapped
1967250,135520,Mapped
1967258,N/A,Unmapped
1967259,159091,Mapped
1967263,135530,Mapped
1967272,135531,Mapped
1967275,135534,Mapped
1967276,135535,Mapped
1967280,135539,Mapped
1967290,135546,Mapped
1967318,136806,Mapped
1967319,148213,Mapped
1967329,N/A,Unmapped
1967362,138924,Mapped
1967369,138922,Mapped
1967373,138934,Mapped
1967680,127957,Mapped
1967694,128010,Mapped
1967696,127982,Mapped
1967697,133743,Mapped
1967771,132728,Mapped
1967774,132726,Mapped
1967782,128057,Mapped
1967783,128078,Mapped
1967796,128278,Mapped
1967798,128067,Mapped
1967799,131072,Mapped
1967802,128774,Mapped
1967814,128288,Mapped
1967825,128075,Mapped
1967836,133718,Mapped
1967837,N/A,Unmapped
1967838,N/A,Unmapped
1967840,128204,Mapped
1967843,140424,Mapped
1967857,128191,Mapped
1967861,128385,Mapped
1967863,133331,Mapped
1967864,133332,Mapped
1967865,128316,Mapped
1967866,128282,Mapped
1967870,144820,Mapped
1967871,162648,Mapped
1967878,N/A,Unmapped
1967883,132899,Mapped
1967884,132900,Mapped
1967887,128382,Mapped
1967888,128351,Mapped
1967960,128574,Mapped
1967961,128575,Mapped
1967962,128576,Mapped
1967973,128610,Mapped
1967974,128389,Mapped
1967976,128414,Mapped
1967977,128369,Mapped
1967982,128408,Mapped
1967983,128379,Mapped
1967989,128371,Mapped
1967991,128343,Mapped
1967993,151666,Mapped
1967998,N/A,Unmapped
1967999,N/A,Unmapped
1968000,N/A,Unmapped
1968001,N/A,Unmapped
1968002,N/A,Unmapped
1968003,N/A,Unmapped
1968004,N/A,Unmapped
1968005,N/A,Unmapped
1968006,N/A,Unmapped
1968007,N/A,Unmapped
1968013,128364,Mapped
1968067,137751,Mapped
1968071,137823,Mapped
1968073,137775,Mapped
1968075,137781,Mapped
1968079,137025,Mapped
1968082,136581,Mapped
1968084,136583,Mapped
1968085,136584,Mapped
1968124,135569,Mapped
1968136,135581,Mapped
1968138,135583,Mapped
1968139,135584,Mapped
1968142,N/A,Unmapped
1968152,135590,Mapped
1968153,135591,Mapped
1968159,135594,Mapped
1968167,135600,Mapped
1968171,140426,Mapped
1968172,136592,Mapped
1968173,136593,Mapped
1968174,136594,Mapped
1968175,136595,Mapped
1968176,136596,Mapped
1968177,136813,Mapped
1968180,139832,Mapped
1968181,139834,Mapped
1968182,139833,Mapped
1968197,142621,Mapped
1968198,140427,Mapped
1968215,132470,Mapped
1968218,128170,Mapped
1968219,128171,Mapped
1968431,127768,Mapped
1968432,127987,Mapped
1968434,139514,Mapped
1968436,128195,Mapped
1968438,132751,Mapped
1968439,132763,Mapped
1968440,132755,Mapped
1968446,N/A,Unmapped
1968451,N/A,Unmapped
1968452,N/A,Unmapped
1968464,153588,Mapped
1968473,139486,Mapped
1968475,139491,Mapped
1968477,139492,Mapped
1968478,139490,Mapped
1968479,139495,Mapped
1968480,139494,Mapped
1968529,127641,Mapped
1968530,127644,Mapped
1968531,127640,Mapped
1968532,127642,Mapped
1968537,149945,Mapped
1968542,143194,Mapped
1968543,156807,Mapped
1968544,156806,Mapped
1968545,137361,Mapped
1968547,143198,Mapped
1968551,143195,Mapped
1968563,143205,Mapped
1968565,143201,Mapped
1968566,150004,Mapped
1968570,143207,Mapped
1968575,143202,Mapped
1968576,137360,Mapped
1968577,143204,Mapped
1968579,143208,Mapped
1968580,143209,Mapped
1968581,143210,Mapped
1968583,143211,Mapped
1968584,143212,Mapped
1968586,143214,Mapped
1968587,143215,Mapped
1968590,150082,Mapped
1968591,137363,Mapped
1968598,143216,Mapped
1968599,143217,Mapped
1968600,149946,Mapped
1968601,143811,Mapped
1968610,149942,Mapped
1968611,149943,Mapped
1968614,143219,Mapped
1968615,143220,Mapped
1968617,143222,Mapped
1968618,143223,Mapped
1968619,143224,Mapped
1968630,150075,Mapped
1968631,143225,Mapped
1968632,149934,Mapped
1968641,143227,Mapped
1968642,149970,Mapped
1968644,149559,Mapped
1968648,149966,Mapped
1968649,149929,Mapped
1968650,143228,Mapped
1968651,143229,Mapped
1968652,143230,Mapped
1968655,143232,Mapped
1968656,143234,Mapped
1968660,143233,Mapped
1968672,132756,Mapped
1968680,N/A,Unmapped
1968681,N/A,Unmapped
1968683,127860,Mapped
1968707,127835,Mapped
1968708,127827,Mapped
1968709,127822,Mapped
1968711,132153,Mapped
1968715,136811,Mapped
1968716,133334,Mapped
1968717,127980,Mapped
1968718,127854,Mapped
1968734,135603,Mapped
1968740,128555,Mapped
1968741,127985,Mapped
1968742,127893,Mapped
1968743,127969,Mapped
1968744,127989,Mapped
1968745,127882,Mapped
1968746,128003,Mapped
1968747,127994,Mapped
1968748,127918,Mapped
1968749,128025,Mapped
1968750,127990,Mapped
1968752,132730,Mapped
1968753,127907,Mapped
1968754,132136,Mapped
1968781,127931,Mapped
1968820,128096,Mapped
1968821,128099,Mapped
1968822,128108,Mapped
1968824,128231,Mapped
1968828,N/A,Unmapped
1968829,N/A,Unmapped
1968831,128106,Mapped
1968832,128088,Mapped
1968833,128300,Mapped
1968842,136598,Mapped
1968843,135604,Mapped
1968849,159152,Mapped
1968864,136612,Mapped
1968865,136613,Mapped
1968866,136614,Mapped
1968867,159153,Mapped
1968868,141121,Mapped
1968875,135610,Mapped
1968879,159154,Mapped
1968920,136635,Mapped
1968921,136636,Mapped
1968922,136637,Mapped
1968923,136638,Mapped
1968924,136640,Mapped
1968930,135620,Mapped
1968933,136639,Mapped
1968940,135622,Mapped
1968944,136642,Mapped
1968952,136643,Mapped
1968998,158980,Mapped
1969878,137320,Mapped
1969879,137294,Mapped
1969880,137300,Mapped
1969883,132759,Mapped
1969884,132766,Mapped
1969885,132752,Mapped
1969887,132765,Mapped
1969888,132747,Mapped
1969900,N/A,Unmapped
1969901,N/A,Unmapped
1969927,128103,Mapped
1969928,128193,Mapped
1969929,128044,Mapped
1969933,127963,Mapped
1969947,132924,Mapped
1969948,128217,Mapped
1969949,131441,Mapped
1969950,128104,Mapped
1969951,130196,Mapped
1969952,131424,Mapped
1969953,128098,Mapped
1969954,128110,Mapped
1969977,133719,Mapped
1969979,129159,Mapped
1969992,134735,Mapped
1970084,127914,Mapped
1970087,128499,Mapped
1970088,127967,Mapped
1970089,127863,Mapped
1970090,127887,Mapped
1970091,127870,Mapped
1970092,138890,Mapped
1970098,127809,Mapped
1970099,127813,Mapped
1970102,127996,Mapped
1970103,127951,Mapped
1970104,127916,Mapped
1970107,128660,Mapped
1970108,131086,Mapped
1970110,136196,Mapped
1970111,134833,Mapped
1970155,132075,Mapped
1970156,128091,Mapped
1970173,N/A,Unmapped
1970177,N/A,Unmapped
1970234,N/A,Unmapped
1970243,128299,Mapped
1970244,128310,Mapped
1970250,128306,Mapped
1970252,133353,Mapped
1970253,133354,Mapped
1970268,132842,Mapped
1970269,135626,Mapped
1970273,128229,Mapped
1970290,128275,Mapped
1970294,128307,Mapped
1970302002,128187,Mapped
1970302003,128192,Mapped
1970302005,128196,Mapped
1970302006,128186,Mapped
1970303,128598,Mapped
1970304,128551,Mapped
1970305,128549,Mapped
1970306,133662,Mapped
1970307,132894,Mapped
1970315,128425,Mapped
1970319,128183,Mapped
1970324,128359,Mapped
1970325,128374,Mapped
1970327,128363,Mapped
1970330,N/A,Unmapped
1970332,N/A,Unmapped
1970333,N/A,Unmapped
1970339,128547,Mapped
1970340,133356,Mapped
1970354,133358,Mapped
1970355,132147,Mapped
1970356,132150,Mapped
1970357,132149,Mapped
1970359,128542,Mapped
1970511,128540,Mapped
1970534,128558,Mapped
1970548,128000,Mapped
1970549,127894,Mapped
1970551,127855,Mapped
1970552,127868,Mapped
1970553,127975,Mapped
1970557,127971,Mapped
1970559,127952,Mapped
1970561,127938,Mapped
1970563,132141,Mapped
1970564,132129,Mapped
1970576,130289,Mapped
1970577,130326,Mapped
1970591,128261,Mapped
1970592,128317,Mapped
1970596,133360,Mapped
1970597,133362,Mapped
1970604,133715,Mapped
1970605,133716,Mapped
1970609,133363,Mapped
1970621,N/A,Unmapped
1970622,N/A,Unmapped
1970623,N/A,Unmapped
1970624,131096,Mapped
1970625,128427,Mapped
1970628,128361,Mapped
1970643,131100,Mapped
1970652,128528,Mapped
1970653,128529,Mapped
1970654,128534,Mapped
1970655,128533,Mapped
1970656,133364,Mapped
1970658,128527,Mapped
1970659,132132,Mapped
1970660,132137,Mapped
1970661,132123,Mapped
1970662,128537,Mapped
1970663,128544,Mapped
1970664,128563,Mapped
1970665,128522,Mapped
1970666,128577,Mapped
1970670,140876,Mapped
1970671,128560,Mapped
1970672,128545,Mapped
1970673,128552,Mapped
1970674,128519,Mapped
1970675,128546,Mapped
1970676,128543,Mapped
1970680,130962,Mapped
1970681,130957,Mapped
1970686,N/A,Unmapped
1970687,N/A,Unmapped
1970688,N/A,Unmapped
1970689,N/A,Unmapped
1970691,131279,Mapped
1970692,131280,Mapped
1970695,130219,Mapped
1970702,130968,Mapped
1970703,130961,Mapped
1970718,131491,Mapped
1970724,132367,Mapped
1970744,N/A,Unmapped
1970747,N/A,Unmapped
1970748,N/A,Unmapped
1970750,N/A,Unmapped
1970751,N/A,Unmapped
1970752,N/A,Unmapped
1970753,N/A,Unmapped
1970754,N/A,Unmapped
1970764,130223,Mapped
1970811,130200,Mapped
1970815,132604,Mapped
1970816,132602,Mapped
1970817,132612,Mapped
1970818,132616,Mapped
1970820,132163,Mapped
1970839,132413,Mapped
1970840,132414,Mapped
1970842,132416,Mapped
1970854,133369,Mapped
1970855,139462,Mapped
1970863,131335,Mapped
1970865,131357,Mapped
1970871,161294,Mapped
1970872,161295,Mapped
1970873,161296,Mapped
1970874,161349,Mapped
1970875,161298,Mapped
1970876,161299,Mapped
1970877,131598,Mapped
1970878,131438,Mapped
1970879,131469,Mapped
1970883,131599,Mapped
1970885,135628,Mapped
1970887,133371,Mapped
1970889,133372,Mapped
1970890,133374,Mapped
1970891,133375,Mapped
1970892,133376,Mapped
1971059,127922,Mapped
1971060,127906,Mapped
1971064,N/A,Unmapped
1971258,142227,Mapped
1971259,142228,Mapped
1971317,128051,Mapped
1971326,N/A,Unmapped
1971327,N/A,Unmapped
1971328,N/A,Unmapped
1971329,N/A,Unmapped
1971340,136648,Mapped
1971349,N/A,Unmapped
1971355,133377,Mapped
1971356,133378,Mapped
1971357,133379,Mapped
1971358,128411,Mapped
1971610,135630,Mapped
1971616,N/A,Unmapped
1971637,N/A,Unmapped
1971638,N/A,Unmapped
1971665,N/A,Unmapped
1971694,137101,Mapped
1971814,137036,Mapped
1971818,137031,Mapped
1971819,137030,Mapped
1971820,137022,Mapped
1971893,136662,Mapped
1971912,128079,Mapped
1971913,128070,Mapped
1971924,133709,Mapped
1971928,133712,Mapped
1971930,128418,Mapped
1971945,133384,Mapped
1971946,133385,Mapped
1971949,133386,Mapped
1971950,128205,Mapped
1971955,128220,Mapped
1971971,135633,Mapped
1971985,135636,Mapped
1971986,135637,Mapped
1971994,N/A,Unmapped
1971995,136816,Mapped
1971997,N/A,Unmapped
1971998,136818,Mapped
1972005,168420,Mapped
1972014,133387,Mapped
1972015,133388,Mapped
1972017,133389,Mapped
1972018,135640,Mapped
1972019,133390,Mapped
1972039,133391,Mapped
1972040,133392,Mapped
1972041,133393,Mapped
1972044,128201,Mapped
1972045,128243,Mapped
1972046,128264,Mapped
1972047,128202,Mapped
1972048,128342,Mapped
1972049,128419,Mapped
1972050,128372,Mapped
1972059,134733,Mapped
1972072001,128190,Mapped
1972072002,128198,Mapped
1972072003,128180,Mapped
1972074,133394,Mapped
1972076,133471,Mapped
1972078,133395,Mapped
1972079,133396,Mapped
1972080,133397,Mapped
1972091,134997,Mapped
1972098,128410,Mapped
1972099,128415,Mapped
1972100,128366,Mapped
1972207,128654,Mapped
1972220,128696,Mapped
1972254,130301,Mapped
1972257,130300,Mapped
1972258,132127,Mapped
1972259,132140,Mapped
1972260,132130,Mapped
1972261,129906,Mapped
1972263,129910,Mapped
1972266,129904,Mapped
1972267,144474,Mapped
1972308,131501,Mapped
1972310,131444,Mapped
1972585,128353,Mapped
1972586,129891,Mapped
1972589,128424,Mapped
1972590,128413,Mapped
1972591,128423,Mapped
1972603,128406,Mapped
1972769,128698,Mapped
1972791,131407,Mapped
1972792,128701,Mapped
1972794,128673,Mapped
1972795,128675,Mapped
1972796,168705,Mapped
1972799,128686,Mapped
1972800,128678,Mapped
1972801,128694,Mapped
1972816,128693,Mapped
1972823,N/A,Unmapped
1972824,131652,Mapped
1972826,133425,Mapped
1972828,130967,Mapped
1972836,139457,Mapped
1972837,139453,Mapped
1972839,140774,Mapped
1972848,129900,Mapped
1972849,129916,Mapped
1972851,132143,Mapped
1972862,129887,Mapped
1972863,129886,Mapped
1972867,133722,Mapped
1972902,129951,Mapped
1972903,130220,Mapped
1972904,133765,Mapped
1972905,133757,Mapped
1972918,130294,Mapped
1972919,130323,Mapped
1972921,130225,Mapped
1972927,130221,Mapped
1972946,130299,Mapped
1972967,130324,Mapped
1972974,130278,Mapped
1972975,130266,Mapped
1972981,130260,Mapped
1972982,130261,Mapped
1972987,132206,Mapped
1972991,133436,Mapped
1972999,131336,Mapped
1973003,131430,Mapped
1973004,131428,Mapped
1973010,131450,Mapped
1973021,131356,Mapped
1973060,128370,Mapped
1973113,131127,Mapped
1973116,131128,Mapped
1973186,131133,Mapped
1973187,131903,Mapped
1973193,164382,Mapped
1973260,165758,Mapped
1973269,128553,Mapped
1973272,139488,Mapped
1973275,139487,Mapped
1973283,139448,Mapped
1973284,139452,Mapped
1973288,140776,Mapped
1973289,140775,Mapped
1973290,140779,Mapped
1973295,128532,Mapped
1973298,128683,Mapped
1973299,128679,Mapped
1973300,128685,Mapped
1973302,128691,Mapped
1973305,134178,Mapped
1973328,128676,Mapped
1973334,138255,Mapped
1973335,138256,Mapped
1973342,129915,Mapped
1973403,130231,Mapped
1973407,129892,Mapped
1973408,129894,Mapped
1973410,129950,Mapped
1973516,130207,Mapped
1973531,132077,Mapped
1973534,131293,Mapped
1973556,146558,Mapped
1973557,151426,Mapped
1973558,146559,Mapped
1973559,146560,Mapped
1973563,146562,Mapped
1973568,146561,Mapped
1973653,141021,Mapped
1973829,128526,Mapped
1973830,131879,Mapped
1973831,128524,Mapped
1973832,128523,Mapped
1973833,128525,Mapped
1973834,128609,Mapped
1973835,128564,Mapped
1973836,128518,Mapped
1973837,128520,Mapped
1973844,128687,Mapped
1973850,128700,Mapped
1973851,128670,Mapped
1973852,128671,Mapped
1973858,133459,Mapped
1973883,129885,Mapped
1973984,130222,Mapped
1973986,132368,Mapped
1973988,129911,Mapped
1973990,131351,Mapped
1973991,131354,Mapped
1973999,130208,Mapped
1974002,130229,Mapped
1974003,130214,Mapped
1974010,132476,Mapped
1974011,133472,Mapped
1974014,135650,Mapped
1974015,135651,Mapped
1974016,135652,Mapped
1974017,135654,Mapped
1974018,133476,Mapped
1974019,133475,Mapped
1974096,139557,Mapped
1974097,139556,Mapped
1974101,139558,Mapped
1974103,139651,Mapped
1974104,139672,Mapped
1974106,139554,Mapped
1974107,140805,Mapped
1974108,140810,Mapped
1974120,140826,Mapped
1974123,139656,Mapped
1974126,139652,Mapped
1974129,140796,Mapped
1974198,128699,Mapped
1974199,128682,Mapped
1974204,131408,Mapped
1974206,129901,Mapped
1974232,129949,Mapped
1974254,132164,Mapped
1974268,131437,Mapped
1974271,133483,Mapped
1974272,133484,Mapped
1974287,139131,Mapped
1974291,140784,Mapped
1974292,140783,Mapped
1974294,132043,Mapped
1974295,160061,Mapped
1974296,139140,Mapped
1974297,139138,Mapped
1974298,139139,Mapped
1974299,139136,Mapped
1974300,139146,Mapped
1974301,139141,Mapped
1974302,160054,Mapped
1974303,132044,Mapped
1974304,132045,Mapped
1974306,139145,Mapped
1974308,160053,Mapped
1974312,139148,Mapped
1974313,139149,Mapped
1974314,132046,Mapped
1974315,132047,Mapped
1974317,139153,Mapped
1974319,160076,Mapped
1974321,139154,Mapped
1974322,160062,Mapped
1974323,139155,Mapped
1974325,160063,Mapped
1974326,160064,Mapped
1974327,160065,Mapped
1974329,160066,Mapped
1974333,139159,Mapped
1974334,132049,Mapped
1974335,132036,Mapped
1974336,132050,Mapped
1974337,132037,Mapped
1974338,132038,Mapped
1974339,132040,Mapped
1974340,139163,Mapped
1974343,139165,Mapped
1974345,139167,Mapped
1974347,160067,Mapped
1974348,132039,Mapped
1974349,132041,Mapped
1974350,132042,Mapped
1974370,132128,Mapped
1974537,128594,Mapped
1974547,140802,Mapped
1974548,139546,Mapped
1974562,133490,Mapped
1974563,133491,Mapped
1974585,133499,Mapped
1974588,129888,Mapped
1974592,130217,Mapped
1974593,130210,Mapped
1974598,132354,Mapped
1974599,131290,Mapped
1974888,130212,Mapped
1974890,130228,Mapped
1975197,130238,Mapped
1975202,130211,Mapped
1975205,130206,Mapped
1975206,131291,Mapped
1975207,130209,Mapped
1975208,130230,Mapped
1975209,130218,Mapped
1975210,136222,Mapped
1975211,136171,Mapped
1975242,131905,Mapped
1975263,130315,Mapped
1975264,130297,Mapped
1975280,131728,Mapped
1975283,131855,Mapped
1975287,134792,Mapped
1975405,131474,Mapped
1975407,138197,Mapped
1975413,132424,Mapped
1975414,132481,Mapped
1975415,132425,Mapped
1975418,N/A,Unmapped
1975474,131596,Mapped
1975485,131863,Mapped
1975492,145985,Mapped
1975495,131833,Mapped
1975502,146664,Mapped
1975505,134175,Mapped
1975506,134248,Mapped
1975507,134237,Mapped
1975509,134196,Mapped
1975513,134096,Mapped
1975532,131851,Mapped
1975533,132567,Mapped
1975534,132211,Mapped
1975606,131292,Mapped
1975607,131919,Mapped
1975610,133641,Mapped
1975635,131867,Mapped
1975637,131866,Mapped
1975638,131870,Mapped
1975639,131869,Mapped
1975640,131868,Mapped
1975641,130317,Mapped
1975645,131461,Mapped
1975646,131345,Mapped
1975647,131334,Mapped
1975669,132089,Mapped
1975678,131908,Mapped
1975679,133511,Mapped
1975680,132820,Mapped
1975685,131425,Mapped
1975686,131413,Mapped
1975688,136671,Mapped
1975689,131448,Mapped
1975694,N/A,Unmapped
1975695,N/A,Unmapped
1975696,N/A,Unmapped
1975698,133513,Mapped
1975699,133515,Mapped
1975700,133514,Mapped
1975804,145880,Mapped
1975818,131791,Mapped
1975821,131795,Mapped
1975822,131796,Mapped
1975824,139563,Mapped
1975826,140660,Mapped
1975831,134332,Mapped
1975832,134333,Mapped
1975833,134334,Mapped
1975834,134335,Mapped
1975836,132122,Mapped
1976039,N/A,Unmapped
1976040,N/A,Unmapped
1976041,N/A,Unmapped
1976042,N/A,Unmapped
1976043,N/A,Unmapped
1976046,N/A,Unmapped
1976047,N/A,Unmapped
1976048,N/A,Unmapped
1976049,N/A,Unmapped
1976050,N/A,Unmapped
1976051,N/A,Unmapped
1976052,N/A,Unmapped
1976061,N/A,Unmapped
1976062,N/A,Unmapped
1976063,N/A,Unmapped
1976064,N/A,Unmapped
1976065,N/A,Unmapped
1976127,130286,Mapped
1976128,132165,Mapped
1976130,N/A,Unmapped
1976134,N/A,Unmapped
1976135,N/A,Unmapped
1976136,N/A,Unmapped
1976138,N/A,Unmapped
1976139,N/A,Unmapped
1976143,130309,Mapped
1976144,130321,Mapped
1976167,130279,Mapped
1976168,130325,Mapped
1976215,131353,Mapped
1976219,132923,Mapped
1976220,132922,Mapped
1976221,132919,Mapped
1976222,132916,Mapped
1976243,131460,Mapped
1976244,133534,Mapped
1976245,133535,Mapped
1976246,133536,Mapped
1976249,133539,Mapped
1976250,133540,Mapped
1976251,135671,Mapped
1976269,132915,Mapped
1976297,134835,Mapped
1976314,132152,Mapped
1976321,134696,Mapped
1976322,134349,Mapped
1976323,134350,Mapped
1976324,134351,Mapped
1976325,134352,Mapped
1976326,134697,Mapped
1976327,134353,Mapped
1976332,134357,Mapped
1976333,134358,Mapped
1976335,134360,Mapped
1976336,134361,Mapped
1976337,141157,Mapped
1976338,141158,Mapped
1976339,141159,Mapped
1976340,141160,Mapped
1976341,141161,Mapped
1976348,134700,Mapped
1976349,134699,Mapped
1976366,133851,Mapped
1976370,134239,Mapped
1976390,133988,Mapped
1976393,134177,Mapped
1976395,134262,Mapped
1976408,131835,Mapped
1976409,131858,Mapped
1976410,131859,Mapped
1976411,131860,Mapped
1976412,132212,Mapped
1976413,132086,Mapped
1976414,132094,Mapped
1976536,130272,Mapped
1976537,130329,Mapped
1976543,131663,Mapped
1976554,131426,Mapped
1976555,131416,Mapped
1976557,130298,Mapped
1976563,131296,Mapped
1976571,131427,Mapped
1976572,131456,Mapped
1976574,131452,Mapped
1976576,131443,Mapped
1976582,131610,Mapped
1976595,132438,Mapped
1976601,131440,Mapped
1976602,131447,Mapped
1976714,135105,Mapped
1976715,135106,Mapped
1976716,135056,Mapped
1976722,131604,Mapped
1976724,131595,Mapped
1976727,131812,Mapped
1976742,154695,Mapped
1976744,144523,Mapped
1976745,166144,Mapped
1976747,131620,Mapped
1976749,135676,Mapped
1976764,131819,Mapped
1976765,131820,Mapped
1976766,131854,Mapped
1976767,131823,Mapped
1976768,131853,Mapped
1976774,131817,Mapped
1976780,131839,Mapped
1976782,131840,Mapped
1976783,131837,Mapped
1976794,134042,Mapped
1976799,145420,Mapped
1976805,132175,Mapped
1977043,133779,Mapped
1977061,131455,Mapped
1977062,131449,Mapped
1977063,133554,Mapped
1977065,133556,Mapped
1977067,133558,Mapped
1977102,132509,Mapped
1977103,131433,Mapped
1977104,131431,Mapped
1977106,133561,Mapped
1977121,142008,Mapped
1977125,131442,Mapped
1977126,131439,Mapped
1977139,135220,Mapped
1977140,135219,Mapped
1977173,131602,Mapped
1977207,133770,Mapped
1977216,145419,Mapped
1977217,137604,Mapped
1977218,137607,Mapped
1977219,137606,Mapped
1977224,132103,Mapped
1977546,133569,Mapped
1977549,N/A,Unmapped
1977551,134244,Mapped
1977570,134085,Mapped
1977584,137605,Mapped
1977585,132214,Mapped
1977586,132065,Mapped
1977587,132218,Mapped
1977588,132226,Mapped
1977597,141891,Mapped
1977598,N/A,Unmapped
1978035,132230,Mapped
1978037,132847,Mapped
1978038,132848,Mapped
1978039,132833,Mapped
1978040,132835,Mapped
1978041,132098,Mapped
1978042,132099,Mapped
1978043,132104,Mapped
1978044,132100,Mapped
1978045,132550,Mapped
1978052,132091,Mapped
1978053,132173,Mapped
1978055,133570,Mapped
1978061,132177,Mapped
1978535,132178,Mapped
1978536,132185,Mapped
1978537,132736,Mapped
1978538,132737,Mapped
1978539,132739,Mapped
1978551,132186,Mapped
1978552,133575,Mapped
1978553,132085,Mapped
1978554,132080,Mapped
1978555,132588,Mapped
1979035,132204,Mapped
1979053,132076,Mapped
1979066,132068,Mapped
1979082,132221,Mapped
1979083,134843,Mapped
1979084,134853,Mapped
1979127,132630,Mapped
1979128,132584,Mapped
1979535,132197,Mapped
1979536,132202,Mapped
1979561,145575,Mapped
1979587,132708,Mapped
1979588,132707,Mapped
1979589,132738,Mapped
1979590,132194,Mapped
1979591,132192,Mapped
1979592,132195,Mapped
1979593,132191,Mapped
1979594,132081,Mapped
1979595,132174,Mapped
1979598,132223,Mapped
1980035,132210,Mapped
1980036,132182,Mapped
1980037,132203,Mapped
1980038,132198,Mapped
1980039,132224,Mapped
1980046,137993,Mapped
1980048,132066,Mapped
1980050,134849,Mapped
1980051,134856,Mapped
1980052,132200,Mapped
1980053,133683,Mapped
1980057,132183,Mapped
1980535,132732,Mapped
1980546,132228,Mapped
1980549,132227,Mapped
1980550,132208,Mapped
1980551,132229,Mapped
1980565,132629,Mapped
1980566,132225,Mapped
1980567,132216,Mapped
1980568,132201,Mapped
1980573,132213,Mapped
1980574,132586,Mapped
1980575,132574,Mapped
1980576,132575,Mapped
1981041,132071,Mapped
1981043,132209,Mapped
1981045,132207,Mapped
1981050,139562,Mapped
1981053,139956,Mapped
1982076,164002,Mapped
1982083,133591,Mapped
1982084,136147,Mapped
1982085,134224,Mapped
1982086,134222,Mapped
1982087,134223,Mapped
1982088,134227,Mapped
1982092,132722,Mapped
1982094,132719,Mapped
1982111,132717,Mapped
1982113,132697,Mapped
1982116,132685,Mapped
1982326,134109,Mapped
1982329,132826,Mapped
1982341,132806,Mapped
1982359,132927,Mapped
1982360,132928,Mapped
1982366,133667,Mapped
1982367,133643,Mapped
1982368,N/A,Unmapped
1982370,N/A,Unmapped
1982371,N/A,Unmapped
1982372,139449,Mapped
1982373,N/A,Unmapped
1982374,N/A,Unmapped
1982375,N/A,Unmapped
1982376,135206,Mapped
1982377,134258,Mapped
1982380,154699,Mapped
1982383,154701,Mapped
1982391,135685,Mapped
1982396,136192,Mapped
1982397,136178,Mapped
1982398,136186,Mapped
1982399,136221,Mapped
1982400,136151,Mapped
1982401,136189,Mapped
1982402,133644,Mapped
1982403,133671,Mapped
1982404,133670,Mapped
1982406,135687,Mapped
1982407,133746,Mapped
1982408,133735,Mapped
1982409,138065,Mapped
1982424,139559,Mapped
1982449,140381,Mapped
1982460,138349,Mapped
1982465,136017,Mapped
1982468,134692,Mapped
1982475,134524,Mapped
1982476,N/A,Unmapped
1982478,135175,Mapped
1982479,135229,Mapped
1982504,N/A,Unmapped
1982505,N/A,Unmapped
1982506,N/A,Unmapped
1982507,N/A,Unmapped
1982511,N/A,Unmapped
1982512,N/A,Unmapped
1982513,N/A,Unmapped
1982514,N/A,Unmapped
1982541,133597,Mapped
1982549,132217,Mapped
1982553,164003,Mapped
1982557,133600,Mapped
1982559,134390,Mapped
1982564,132538,Mapped
1982565,132541,Mapped
1982566,132547,Mapped
1982568,132536,Mapped
1982569,132534,Mapped
1982571,132543,Mapped
1982572,132533,Mapped
1982574,132535,Mapped
1982575,132617,Mapped
1982576,132569,Mapped
1982577,132595,Mapped
1982578,132578,Mapped
1982579,132563,Mapped
1982580,132598,Mapped
1982581,132600,Mapped
1982585,N/A,Unmapped
1982589,132599,Mapped
1982590,132561,Mapped
1982591,132555,Mapped
1982594,132605,Mapped
1982596,132622,Mapped
1982597,132559,Mapped
1982598,132614,Mapped
1982599,132546,Mapped
1982727,132572,Mapped
1982735,133607,Mapped
1982740,133611,Mapped
1982741,133612,Mapped
1982743,132720,Mapped
1982745,142880,Mapped
1982746,145576,Mapped
1982747,145577,Mapped
1982748,153589,Mapped
1982749,145578,Mapped
1982751,145580,Mapped
1982754,145581,Mapped
1982756,N/A,Unmapped
1982757,145582,Mapped
1982759,132845,Mapped
1982775,133613,Mapped
1982788,132838,Mapped
1982811,132886,Mapped
1982813,132876,Mapped
1982816,141076,Mapped
1982822,141137,Mapped
1982827,133656,Mapped
1982828,133657,Mapped
1982829,133646,Mapped
1982830,133668,Mapped
1982831,133649,Mapped
1982832,140912,Mapped
1982833,140910,Mapped
1982834,140909,Mapped
1982836,140911,Mapped
1982839,135043,Mapped
1982850,N/A,Unmapped
1982868,141097,Mapped
1982869,141104,Mapped
1982870,141103,Mapped
1982871,141102,Mapped
1982872,N/A,Unmapped
1982873,141099,Mapped
1982874,141100,Mapped
1982875,141098,Mapped
1982879,145499,Mapped
1982927,140450,Mapped
1982928,140451,Mapped
1982932,134516,Mapped
1982933,134522,Mapped
1982934,134509,Mapped
1982937,134581,Mapped
1982938,134560,Mapped
1983051,133624,Mapped
1983053,132623,Mapped
1983054,132628,Mapped
1983055,132590,Mapped
1983068,133814,Mapped
1983080,135686,Mapped
1983084,132545,Mapped
1983113,132712,Mapped
1983116,134553,Mapped
1983117,134542,Mapped
1983118,134508,Mapped
1983119,132740,Mapped
1983121,146669,Mapped
1983125,132836,Mapped
1983143,163407,Mapped
1983151,133666,Mapped
1983157,134191,Mapped
1983161,132789,Mapped
1983163,132837,Mapped
1983184,N/A,Unmapped
1983185,N/A,Unmapped
1983404,134230,Mapped
1983407,137150,Mapped
1983420,132863,Mapped
1983424,133659,Mapped
1983480,133664,Mapped
1983481,133701,Mapped
1983482,133697,Mapped
1983498,135689,Mapped
1983501,134532,Mapped
1983502,134533,Mapped
1983503,134535,Mapped
1983504,134530,Mapped
1983505,N/A,Unmapped
1983506,134538,Mapped
1983529,133747,Mapped
1983530,133751,Mapped
1983531,133740,Mapped
1983566,147094,Mapped
1983567,132553,Mapped
1983568,132704,Mapped
1983569,132672,Mapped
1983571,132684,Mapped
1983572,132680,Mapped
1983583,132700,Mapped
1983588,136195,Mapped
1983589,136143,Mapped
1983590,132284,Mapped
1983591,132735,Mapped
1983593001,132687,Mapped
1983594001,132698,Mapped
1983596,135225,Mapped
1983598,135226,Mapped
1983600,134500,Mapped
1983602,134794,Mapped
1983603,134502,Mapped
1983604,135224,Mapped
1983605,134501,Mapped
1983613,132696,Mapped
1983614,132694,Mapped
1983617,132709,Mapped
1983623,138287,Mapped
1983633,132832,Mapped
1983634,132935,Mapped
1983635,132936,Mapped
1983638,132925,Mapped
1983639,132926,Mapped
1983640,132929,Mapped
1983641,132930,Mapped
1983642,140382,Mapped
1983643,132931,Mapped
1983644,132934,Mapped
1983645,132933,Mapped
1983646,132932,Mapped
1983650,148219,Mapped
1983652,148221,Mapped
1983653,142643,Mapped
1983654,142638,Mapped
1983657,142641,Mapped
1983659,142881,Mapped
1983661,142882,Mapped
1983664,145584,Mapped
1983666,142885,Mapped
1983667,142887,Mapped
1983671,145586,Mapped
1983672,146703,Mapped
1983676,N/A,Unmapped
1983678,N/A,Unmapped
1983683,142889,Mapped
1983696,145589,Mapped
1983698,145591,Mapped
1983702,145594,Mapped
1983703,145593,Mapped
1983707,142895,Mapped
1983710,142897,Mapped
1983718,145598,Mapped
1983719,146241,Mapped
1983721,146242,Mapped
1983724,146244,Mapped
1983725,146245,Mapped
1983729,146246,Mapped
1983734,146249,Mapped
1983735,146250,Mapped
1983738,145604,Mapped
1983740,149428,Mapped
1983745,146253,Mapped
1983748,145607,Mapped
1983758,145610,Mapped
1983759,145611,Mapped
1983760,145612,Mapped
1983764,N/A,Unmapped
1983765,N/A,Unmapped
1983766,148230,Mapped
1983769,148232,Mapped
1983772,161931,Mapped
1983773,N/A,Unmapped
1983775,N/A,Unmapped
1983776,148234,Mapped
1983785,142608,Mapped
1983826,142647,Mapped
1983849,142600,Mapped
1983854,145617,Mapped
1983855,142582,Mapped
1983858,142579,Mapped
1983863,142588,Mapped
1983865,142586,Mapped
1983867,147132,Mapped
1983869,147133,Mapped
1983871,145620,Mapped
1983874,146551,Mapped
1983876,145621,Mapped
1983877,145622,Mapped
1983879,142601,Mapped
1983899,145624,Mapped
1983902,145626,Mapped
1983904,145629,Mapped
1983906,145631,Mapped
1983915,145638,Mapped
1983917,145640,Mapped
1983922,145643,Mapped
1983934,141217,Mapped
1983943,141202,Mapped
1983947,132843,Mapped
1983949,132844,Mapped
1983956,132846,Mapped
1983959,133811,Mapped
1983960,134097,Mapped
1983961,133850,Mapped
1983964,146671,Mapped
1983971,140446,Mapped
1983975,133991,Mapped
1983995,132866,Mapped
1983996,132875,Mapped
1984001,135208,Mapped
1984002,135198,Mapped
1984003,132877,Mapped
1984007,N/A,Unmapped
1984008,N/A,Unmapped
1984009,N/A,Unmapped
1984011,135207,Mapped
1984012,132872,Mapped
1984013,132854,Mapped
1984014,134668,Mapped
1984015,135199,Mapped
1984016,134659,Mapped
1984017,134561,Mapped
1984018,132869,Mapped
1984019,132853,Mapped
1984020,135209,Mapped
1984024,134577,Mapped
1984025,134549,Mapped
1984026,134663,Mapped
1984027,134545,Mapped
1984028,132864,Mapped
1984047,133630,Mapped
1984061,132624,Mapped
1984062,132607,Mapped
1984063,132542,Mapped
1984064,132548,Mapped
1984065,132576,Mapped
1984066,132591,Mapped
1984067,132596,Mapped
1984069,132606,Mapped
1984070,132580,Mapped
1984072,132627,Mapped
1984075,132601,Mapped
1984077,132626,Mapped
1984078,132592,Mapped
1984079,132570,Mapped
1984080,132573,Mapped
1984081,132566,Mapped
1984082,132716,Mapped
1984083,132711,Mapped
1984084,132710,Mapped
1984085,N/A,Unmapped
1984086,132568,Mapped
1984087,132530,Mapped
1984088,132593,Mapped
1984089,132540,Mapped
1984090,132549,Mapped
1984091,132560,Mapped
1984092,132557,Mapped
1984094,132625,Mapped
1984102,132718,Mapped
1984117,145650,Mapped
1984118,145651,Mapped
1984119,145652,Mapped
1984120,145653,Mapped
1984121,145654,Mapped
1984122,145655,Mapped
1984123,145656,Mapped
1984124,145657,Mapped
1984125,145658,Mapped
1984126,145659,Mapped
1984143,142587,Mapped
1984145,142571,Mapped
1984154,145662,Mapped
1984155,145663,Mapped
1984159,145664,Mapped
1984164,145669,Mapped
1984165,145670,Mapped
1984166,145671,Mapped
1984167,145672,Mapped
1984175,141220,Mapped
1984177,141222,Mapped
1984183,132713,Mapped
1984210,132792,Mapped
1984225,134264,Mapped
1984227,133875,Mapped
1984232,146673,Mapped
1984239,132813,Mapped
1984241,132809,Mapped
1984249,132868,Mapped
1984250,132861,Mapped
1984257,144432,Mapped
1984258,140358,Mapped
1984262,N/A,Unmapped
1984266,148235,Mapped
1984268,N/A,Unmapped
1984269,N/A,Unmapped
1984270,151199,Mapped
1984274,155724,Mapped
1984275,155730,Mapped
1984276,151200,Mapped
1984277,151201,Mapped
1984297,151202,Mapped
1984298,151203,Mapped
1984299,151204,Mapped
1984300,151205,Mapped
1984301,151206,Mapped
1984302,151207,Mapped
1984303,151208,Mapped
1984304,151209,Mapped
1984306,144411,Mapped
1984307,142607,Mapped
1984309,145674,Mapped
1984320,145451,Mapped
1984322,145454,Mapped
1984330,N/A,Unmapped
1984331,145460,Mapped
1984336,151210,Mapped
1984347,145473,Mapped
1984349,145475,Mapped
1984376,144395,Mapped
1984378,144396,Mapped
1984388,142635,Mapped
1984396,148236,Mapped
1984401,132855,Mapped
1984409,132867,Mapped
1984415,146677,Mapped
1984416,146678,Mapped
1984421,146676,Mapped
1984423,134158,Mapped
1984426,134167,Mapped
1984427,134164,Mapped
1984429,134231,Mapped
1984551,132565,Mapped
1984552,132611,Mapped
1984553,132619,Mapped
1984554,132532,Mapped
1984555,132558,Mapped
1984556,132585,Mapped
1984557,132621,Mapped
1984558,132554,Mapped
1984559,132618,Mapped
1984566,132631,Mapped
1984577,134514,Mapped
1984578,132699,Mapped
1984601,146853,Mapped
1984637,135700,Mapped
1984639,134172,Mapped
1984640,134176,Mapped
1984652,132823,Mapped
1984669,132880,Mapped
1984670,135196,Mapped
1984671,141070,Mapped
1984677,140519,Mapped
1984680,141129,Mapped
1984681,141127,Mapped
1984684,141133,Mapped
1984685,141131,Mapped
1984688,141073,Mapped
1984689,141074,Mapped
1984695,141113,Mapped
1984696,141124,Mapped
1984697,141125,Mapped
1984699,141122,Mapped
1984700,141119,Mapped
1984704,141083,Mapped
1984705,141084,Mapped
1984708,141087,Mapped
1984712,141079,Mapped
1984718,141094,Mapped
1984724,142098,Mapped
1984733,141917,Mapped
1984739,141923,Mapped
1984743,141928,Mapped
1984744,141927,Mapped
1984745,141929,Mapped
1984746,141930,Mapped
1984748,141932,Mapped
1984749,141933,Mapped
1984751,141935,Mapped
1984755,141940,Mapped
1984756,141939,Mapped
1984757,141941,Mapped
1984761,141945,Mapped
1984766,141110,Mapped
1984769,141948,Mapped
1984775,141096,Mapped
1984776,141101,Mapped
1984781,166443,Mapped
1984783,166444,Mapped
1984785,141955,Mapped
1984788,141956,Mapped
1984807,141958,Mapped
1984809,141960,Mapped
1984818,N/A,Unmapped
1984819,N/A,Unmapped
1984847,N/A,Unmapped
1984877,145508,Mapped
1984882,145512,Mapped
1984886,145514,Mapped
1984887,145515,Mapped
1984893,145520,Mapped
1984896,145523,Mapped
1984916,141310,Mapped
1984941,141306,Mapped
1984954,145528,Mapped
1984955,145529,Mapped
1984957,145531,Mapped
1984962,145535,Mapped
1984966,145539,Mapped
1984969,145540,Mapped
1984970,145541,Mapped
1984972,145543,Mapped
1984975,133661,Mapped
1984978,133651,Mapped
1984979,136144,Mapped
1984980,136215,Mapped
1985036,133636,Mapped
1985240,132724,Mapped
1985241,132714,Mapped
1985242,132734,Mapped
1985245,132723,Mapped
1985247,132703,Mapped
1985248,132705,Mapped
1985249,132727,Mapped
1985266,132827,Mapped
1985267,132830,Mapped
1985273,N/A,Unmapped
1985274,132873,Mapped
1985438,144258,Mapped
1985439,133648,Mapped
1985440,136148,Mapped
1985442,136214,Mapped
1985443,136183,Mapped
1985444,134269,Mapped
1985462,N/A,Unmapped
1985470,N/A,Unmapped
1985471,N/A,Unmapped
1985473,N/A,Unmapped
1985518,137504,Mapped
1985519,133736,Mapped
1985544,134850,Mapped
1985547,136191,Mapped
1985566,136160,Mapped
1985582,134271,Mapped
1985583,134272,Mapped
1985585,135708,Mapped
1985592,136715,Mapped
1985593,136716,Mapped
1985624,133734,Mapped
1985625,133745,Mapped
1985626,133739,Mapped
1985634,N/A,Unmapped
1985696,139313,Mapped
1985723,135712,Mapped
1985729,136146,Mapped
1985730,136150,Mapped
1985732,136165,Mapped
1985733,136197,Mapped
1985738,140729,Mapped
1985739,140681,Mapped
1985741,138354,Mapped
1985749,134503,Mapped
1985750,134505,Mapped
1985756,135166,Mapped
1985757,135167,Mapped
1985758,135168,Mapped
1985759,135169,Mapped
1986252,154720,Mapped
1986258,134592,Mapped
1986259,134593,Mapped
1986280,N/A,Unmapped
1986281,133660,Mapped
1986284,134420,Mapped
1986285,136177,Mapped
1986286,134421,Mapped
1986287,136200,Mapped
1986288,136213,Mapped
1986292,141345,Mapped
1986294,134677,Mapped
1986302,133695,Mapped
1986305,133750,Mapped
1986306,133753,Mapped
1986308,136182,Mapped
1986309,133744,Mapped
1986310,133748,Mapped
1986313,133741,Mapped
1986333,N/A,Unmapped
1986345,151212,Mapped
1986347,N/A,Unmapped
1986362,N/A,Unmapped
1986363,146705,Mapped
1986364,142903,Mapped
1986370,N/A,Unmapped
1986372,146255,Mapped
1986375,142905,Mapped
1986376,142906,Mapped
1986384,142618,Mapped
1986412,145678,Mapped
1986422,151213,Mapped
1986423,149398,Mapped
1986425,149399,Mapped
1986426,149400,Mapped
1986431,149404,Mapped
1986432,151214,Mapped
1986433,149405,Mapped
1986440,149410,Mapped
1986448,138315,Mapped
1986449,138311,Mapped
1986450,135715,Mapped
1986451,135716,Mapped
1986452,135717,Mapped
1986454,139314,Mapped
1986455,138313,Mapped
1986459,136167,Mapped
1986460,136159,Mapped
1986461,145758,Mapped
1986462,145759,Mapped
1986463,134511,Mapped
1986464,134517,Mapped
1986473,138263,Mapped
1986694,133742,Mapped
1986695,133749,Mapped
1986696,133727,Mapped
1986697,133724,Mapped
1986721,136211,Mapped
1986741,N/A,Unmapped
1986768,N/A,Unmapped
1986769,N/A,Unmapped
1986770,N/A,Unmapped
1986771,N/A,Unmapped
1986772,133752,Mapped
1986773,133729,Mapped
1986781,138621,Mapped
1986782,135912,Mapped
1986784,134416,Mapped
1986785,134527,Mapped
1986796,134695,Mapped
1986801,134523,Mapped
1986802,134521,Mapped
1986804,134525,Mapped
1986813,135124,Mapped
1986816,134559,Mapped
1987037,133733,Mapped
1987039,139151,Mapped
1987040,139152,Mapped
1987041,140785,Mapped
1987043,139160,Mapped
1987046,139164,Mapped
1987049,139175,Mapped
1987077,N/A,Unmapped
1987079,N/A,Unmapped
1987082,133737,Mapped
1987095,135084,Mapped
1987096,134414,Mapped
1987104,134417,Mapped
1987189,140709,Mapped
1987193,140685,Mapped
1987198,140708,Mapped
1987203,138364,Mapped
1987205,134515,Mapped
1987206,134510,Mapped
1987207,134504,Mapped
1987208,134519,Mapped
1987216,N/A,Unmapped
1987225,134491,Mapped
1987238,134543,Mapped
1987269,135170,Mapped
1987270,135171,Mapped
1987271,135719,Mapped
1987537,140701,Mapped
1987543,136029,Mapped
1987544,136018,Mapped
1987547,134512,Mapped
1987550,134492,Mapped
1987552,134590,Mapped
1987553,134584,Mapped
1987558,146685,Mapped
1987559,146688,Mapped
1987560,146684,Mapped
1987561,146687,Mapped
1987568,160034,Mapped
1987569,139142,Mapped
1987575,138261,Mapped
1987576,146534,Mapped
1987577,149422,Mapped
1987588,134555,Mapped
1988073,N/A,Unmapped
1988074,N/A,Unmapped
1988075,N/A,Unmapped
1988117,141287,Mapped
1988118,141288,Mapped
1988119,141289,Mapped
1988123,134554,Mapped
1988536,N/A,Unmapped
1988537,N/A,Unmapped
1988538,N/A,Unmapped
1988539,N/A,Unmapped
1988540,N/A,Unmapped
1988541,N/A,Unmapped
1988542,N/A,Unmapped
1988543,N/A,Unmapped
1988544,141105,Mapped
1988545,141106,Mapped
1988547,N/A,Unmapped
1988550,141962,Mapped
1988553,141965,Mapped
1988557,144619,Mapped
1988559,141967,Mapped
1988560,142782,Mapped
1988563,141968,Mapped
1988565,142786,Mapped
1988566,141969,Mapped
1988569,141972,Mapped
1988570,141973,Mapped
1988571,N/A,Unmapped
1988575,141976,Mapped
1988576,141977,Mapped
1988598,166454,Mapped
1988673,134796,Mapped
1988675,134805,Mapped
1988682,134670,Mapped
1988684,134674,Mapped
1988686,134645,Mapped
1988687,134649,Mapped
1988688,134632,Mapped
1988689,134637,Mapped
1988690,134671,Mapped
1988722,134777,Mapped
1988734,N/A,Unmapped
1988747,134836,Mapped
1988749,134828,Mapped
1988751,N/A,Unmapped
1988764,134926,Mapped
1988767,134960,Mapped
1988768,N/A,Unmapped
1988770,N/A,Unmapped
1988771,N/A,Unmapped
1988772,135104,Mapped
1988875,139022,Mapped
1988895,145482,Mapped
1988897,139663,Mapped
1988913,136142,Mapped
1988914,136170,Mapped
1988915,135179,Mapped
1988916,135230,Mapped
1988929,135222,Mapped
1988930,135221,Mapped
1988938,135287,Mapped
1988948,135315,Mapped
1988950,135320,Mapped
1988951,135317,Mapped
1988954,139143,Mapped
1988955,139144,Mapped
1988958,139166,Mapped
1988959,139241,Mapped
1988960,139168,Mapped
1988961,139170,Mapped
1988963,139172,Mapped
1988964,139174,Mapped
1988965,139176,Mapped
1988966,139177,Mapped
1988967,139178,Mapped
1988968,139179,Mapped
1988969,139180,Mapped
1988970,139181,Mapped
1988971,139182,Mapped
1988972,139184,Mapped
1988973,139183,Mapped
1988974,139185,Mapped
1988975,139186,Mapped
1988976,139187,Mapped
1988977,139188,Mapped
1988978,139189,Mapped
1988983,139194,Mapped
1988984,139195,Mapped
1988985,139196,Mapped
1988987,139198,Mapped
1988988,139199,Mapped
1988989,139200,Mapped
1988990,139201,Mapped
1988991,139202,Mapped
1988992,139203,Mapped
1989011,153876,Mapped
1989017,136031,Mapped
1989018,137210,Mapped
1989019,137211,Mapped
1989020,137217,Mapped
1989021,161301,Mapped
1989022,161302,Mapped
1989031,N/A,Unmapped
1989032,N/A,Unmapped
1989036,151413,Mapped
1989038,151410,Mapped
1989039,151407,Mapped
1989042,135731,Mapped
1989043,135733,Mapped
1989044,135732,Mapped
1989046,134583,Mapped
1989049,135737,Mapped
1989050,135739,Mapped
1989051,135738,Mapped
1989055,134563,Mapped
1989056,134564,Mapped
1989058,134565,Mapped
1989237,140719,Mapped
1989247,N/A,Unmapped
1989281,141291,Mapped
1989283,141282,Mapped
1989284,141286,Mapped
1989297,134666,Mapped
1989300,134669,Mapped
1989301,134930,Mapped
1989337,138284,Mapped
1989338,135746,Mapped
1989339,136820,Mapped
1989340,138285,Mapped
1989422,155114,Mapped
1989425,148817,Mapped
1989434,148808,Mapped
1989439,139459,Mapped
1989441,139464,Mapped
1989442,139461,Mapped
1989443,138293,Mapped
1989444,139467,Mapped
1989445,134898,Mapped
1989446,134892,Mapped
1989447,134826,Mapped
1989448,134824,Mapped
1989449,134834,Mapped
1989455,135752,Mapped
1989458,134937,Mapped
1989461,134989,Mapped
1989462,134948,Mapped
1989463,134954,Mapped
1989464,134978,Mapped
1989466,134949,Mapped
1989467,134955,Mapped
1989469,135758,Mapped
1989470,134972,Mapped
1989472,135101,Mapped
1989473,135092,Mapped
1989474,135075,Mapped
1989477,134890,Mapped
1989479,135112,Mapped
1989480,134812,Mapped
1989481,135117,Mapped
1989482,134822,Mapped
1989483,134807,Mapped
1989484,134808,Mapped
1989485,134810,Mapped
1989486,134872,Mapped
1989488,135759,Mapped
1989489,N/A,Unmapped
1989490,N/A,Unmapped
1989494,135080,Mapped
1989495,135083,Mapped
1989502,143624,Mapped
1989506,134885,Mapped
1989507,135069,Mapped
1989508,135113,Mapped
1989517,134896,Mapped
1989520,134878,Mapped
1989522,134881,Mapped
1989524,134888,Mapped
1989526,134870,Mapped
1989535,138309,Mapped
1989536,135760,Mapped
1989537,135761,Mapped
1989538,138300,Mapped
1989540,135763,Mapped
1989541,135764,Mapped
1989544,139502,Mapped
1989545,135767,Mapped
1989550,134574,Mapped
1989570,140710,Mapped
1989573,135102,Mapped
1989576,153591,Mapped
1989579,153540,Mapped
1989585,153594,Mapped
1989586,153538,Mapped
1989587,153541,Mapped
1989597,134664,Mapped
1989598,135771,Mapped
1989599,139684,Mapped
1989638,135450,Mapped
1989639,135448,Mapped
1990000,134786,Mapped
1990001,134773,Mapped
1990006,134827,Mapped
1990010,135988,Mapped
1990070,134571,Mapped
1990072,134576,Mapped
1990073,134569,Mapped
1990084,147799,Mapped
1990086,N/A,Unmapped
1990087,N/A,Unmapped
1990088,N/A,Unmapped
1990091,134672,Mapped
1990099,134639,Mapped
1990100,134652,Mapped
1990101,134654,Mapped
1990102,134651,Mapped
1990103,134642,Mapped
1990125,137592,Mapped
1990126,145952,Mapped
1990127,134819,Mapped
1990128,134832,Mapped
1990130,134653,Mapped
1990132,N/A,Unmapped
1990137,144821,Mapped
1990138,N/A,Unmapped
1990139,N/A,Unmapped
1990141,N/A,Unmapped
1990144,N/A,Unmapped
1990145,N/A,Unmapped
1990146,N/A,Unmapped
1990147,N/A,Unmapped
1990149,N/A,Unmapped
1990150,N/A,Unmapped
1990372,135781,Mapped
1990486,N/A,Unmapped
1990491,140295,Mapped
1990492,140292,Mapped
1990498,134799,Mapped
1990499,134800,Mapped
1990501,134894,Mapped
1990502,134889,Mapped
1990508,134886,Mapped
1990509,134925,Mapped
1990512,134961,Mapped
1990519,134952,Mapped
1990521,143235,Mapped
1990532,134985,Mapped
1990533,134945,Mapped
1990534,134968,Mapped
1990551,N/A,Unmapped
1990553,N/A,Unmapped
1990554,N/A,Unmapped
1990555,N/A,Unmapped
1990556,N/A,Unmapped
1990557,N/A,Unmapped
1990558,134655,Mapped
1990599,140512,Mapped
1990600,140514,Mapped
1990603,143243,Mapped
1990751,140308,Mapped
1990815,140319,Mapped
1990906,144428,Mapped
1990915,140355,Mapped
1990990001,134922,Mapped
1990990002,134923,Mapped
1991027,135785,Mapped
1991041,138373,Mapped
1991045,140725,Mapped
1991061,134647,Mapped
1991076,N/A,Unmapped
1991078,N/A,Unmapped
1991079,N/A,Unmapped
1991081,N/A,Unmapped
1991085,N/A,Unmapped
1991087,134816,Mapped
1991088,134821,Mapped
1991089,134818,Mapped
1991091,134817,Mapped
1991092,135110,Mapped
1991093,135044,Mapped
1991094,135051,Mapped
1991095,135050,Mapped
1991096,135054,Mapped
1991097,135052,Mapped
1991111,134873,Mapped
1991112,136174,Mapped
1991116,135098,Mapped
1991119,134993,Mapped
1991126,136316,Mapped
1991127,137973,Mapped
1991130,135250,Mapped
1991133,135284,Mapped
1991136,135364,Mapped
1991137,135363,Mapped
1991140,140428,Mapped
1991146,139721,Mapped
1991147,139720,Mapped
1991148,139718,Mapped
1991153,137222,Mapped
1991155,147026,Mapped
1991156,147036,Mapped
1991157,138277,Mapped
1991158,N/A,Unmapped
1991160,N/A,Unmapped
1991162,136084,Mapped
1991164,136103,Mapped
1991165,136111,Mapped
1991166,136078,Mapped
1991167,136122,Mapped
1991168,136133,Mapped
1991169,136074,Mapped
1991170,136090,Mapped
1991538,134667,Mapped
1991540,134658,Mapped
1991552,134757,Mapped
1991553,134756,Mapped
1991554,134758,Mapped
1991979,138441,Mapped
1991983,134944,Mapped
1991996,134994,Mapped
1991997,134988,Mapped
1991998,134970,Mapped
1992000,134965,Mapped
1992001,134976,Mapped
1992017,134957,Mapped
1992018,134943,Mapped
1992019,136314,Mapped
1992020,147196,Mapped
1992032,135072,Mapped
1992033,135068,Mapped
1992034,135089,Mapped
1992046,135787,Mapped
1992047,134789,Mapped
1992048,134791,Mapped
1992049,134790,Mapped
1992050,134772,Mapped
1992051,134767,Mapped
1992053,134768,Mapped
1992056,141889,Mapped
1992080,134759,Mapped
1992084,147171,Mapped
1992086,154730,Mapped
1992099,135789,Mapped
1992100,135790,Mapped
1992103,135793,Mapped
1992104,135794,Mapped
1992112,138889,Mapped
1992113,136684,Mapped
1992135,139339,Mapped
1992136,139330,Mapped
1992137,137258,Mapped
1992138,137259,Mapped
1992159,135192,Mapped
1992160,135188,Mapped
1992161,136685,Mapped
1992162,136686,Mapped
1992163,136687,Mapped
1992164,135240,Mapped
1992165,135246,Mapped
1992175,135285,Mapped
1992176,135274,Mapped
1992199,135277,Mapped
1992200,148818,Mapped
1992202,135251,Mapped
1992203,135265,Mapped
1992204,135267,Mapped
1992205,135269,Mapped
1992208,135303,Mapped
1992212,135253,Mapped
1992213,135258,Mapped
1992214,135248,Mapped
1992216,135263,Mapped
1992217,135283,Mapped
1992225,135223,Mapped
1992226,N/A,Unmapped
1992227,N/A,Unmapped
1992228,135234,Mapped
1992238,135387,Mapped
1992247,136832,Mapped
1992248,135332,Mapped
1992249,135384,Mapped
1992250,135372,Mapped
1992251,140493,Mapped
1992252,136833,Mapped
1992271,N/A,Unmapped
1992272,N/A,Unmapped
1992273,N/A,Unmapped
1992275,135830,Mapped
1992276,135840,Mapped
1992277,135824,Mapped
1992278,135828,Mapped
1992279,135832,Mapped
1992280,135829,Mapped
1992281,135820,Mapped
1992282,N/A,Unmapped
1992284,N/A,Unmapped
1992285,135856,Mapped
1992286,135853,Mapped
1992287,137256,Mapped
1992289,153841,Mapped
1992290,153842,Mapped
1992291,153843,Mapped
1992292,153844,Mapped
1992293,153845,Mapped
1992294,153846,Mapped
1992324,135851,Mapped
1992326,135836,Mapped
1992331,135847,Mapped
1992334,135845,Mapped
1992336,135842,Mapped
1992337,135838,Mapped
1992338,135849,Mapped
1992339,135834,Mapped
1992340,135852,Mapped
1992341,135848,Mapped
1992342,135857,Mapped
1992343,135816,Mapped
1992344,N/A,Unmapped
1992348,136023,Mapped
1992367,136026,Mapped
1992559,134927,Mapped
1992560,134884,Mapped
1992577,138318,Mapped
1992579,138314,Mapped
1992580,139315,Mapped
1992608,134958,Mapped
1992609,137992,Mapped
1992687,135826,Mapped
1992688,135346,Mapped
1992689,135337,Mapped
1992739,143091,Mapped
1992746,143095,Mapped
1992749,138528,Mapped
1992751,145483,Mapped
1992756,135254,Mapped
1992757,135331,Mapped
1992758,136690,Mapped
1992760,135266,Mapped
1992762,135288,Mapped
1992764,149232,Mapped
1992766,135360,Mapped
1992768,135376,Mapped
1992771,135430,Mapped
1992777,135348,Mapped
1992778,135341,Mapped
1992779,135413,Mapped
1992780,135380,Mapped
1992787,135323,Mapped
1992788,135316,Mapped
1992789,135326,Mapped
1992790,135329,Mapped
1992791,135328,Mapped
1992812,136747,Mapped
1992824,137257,Mapped
1992830,135822,Mapped
1992831,135823,Mapped
1992832,135854,Mapped
1992833,135818,Mapped
1992834,136823,Mapped
1992842,136739,Mapped
1992843,135846,Mapped
1992844,136736,Mapped
1992847,144320,Mapped
1992851,161859,Mapped
1992863,139580,Mapped
1992871,161305,Mapped
1992872,161306,Mapped
1992873,161307,Mapped
1992874,161308,Mapped
1992879,136032,Mapped
1992880,136022,Mapped
1992881,136021,Mapped
1992882,136019,Mapped
1992883,136036,Mapped
1992884,136132,Mapped
1992889001,135999,Mapped
1992889002,135998,Mapped
1992890,137162,Mapped
1992891,137165,Mapped
1992892,136025,Mapped
1992901,136124,Mapped
1992902,136086,Mapped
1992905,139500,Mapped
1992908,136127,Mapped
1992909,136110,Mapped
1992917,136117,Mapped
1992918,136058,Mapped
1993110,134967,Mapped
1993111,134980,Mapped
1993112,134981,Mapped
1993113,134991,Mapped
1993152,142846,Mapped
1993153,142847,Mapped
1993154,142848,Mapped
1993218,137331,Mapped
1993226,136015,Mapped
1993233,135197,Mapped
1993238,135213,Mapped
1993242,135180,Mapped
1993244,135195,Mapped
1993246,135185,Mapped
1993248,135280,Mapped
1993252,165322,Mapped
1993254,144771,Mapped
1993255,135245,Mapped
1993256,135264,Mapped
1993258,139778,Mapped
1993261,135405,Mapped
1993262,135415,Mapped
1993263,137187,Mapped
1993265,N/A,Unmapped
1993267,135278,Mapped
1993268,135286,Mapped
1993274,135314,Mapped
1993275,135309,Mapped
1993282,N/A,Unmapped
1993284,N/A,Unmapped
1993285,N/A,Unmapped
1993286,N/A,Unmapped
1993287,N/A,Unmapped
1993288,N/A,Unmapped
1993289,N/A,Unmapped
1993290,N/A,Unmapped
1993291,N/A,Unmapped
1993292,N/A,Unmapped
1993309,144486,Mapped
1993310,N/A,Unmapped
1993315,153847,Mapped
1993316,153848,Mapped
1993317,153849,Mapped
1993323,136334,Mapped
1993325,135833,Mapped
1993327,161309,Mapped
1993328,161310,Mapped
1993329,161311,Mapped
1993330,161312,Mapped
1993331,161313,Mapped
1993337,146595,Mapped
1993339,161320,Mapped
1993342,138274,Mapped
1993343,137216,Mapped
1993345,147034,Mapped
1993350,136106,Mapped
1993351,136118,Mapped
1993352,136030,Mapped
1993354,138628,Mapped
1993355001,136014,Mapped
1993356001,135995,Mapped
1993356003,135997,Mapped
1993356004,136001,Mapped
1993356005,136007,Mapped
1993358,136082,Mapped
1993360,N/A,Unmapped
1993361,136746,Mapped
1993362,136745,Mapped
1993535,134975,Mapped
1993536,134959,Mapped
1993538,135382,Mapped
1993539,134939,Mapped
1993540,134951,Mapped
1993541,135361,Mapped
1993543,135053,Mapped
1993544,135058,Mapped
1993545,135071,Mapped
1993549,135066,Mapped
1993550,135067,Mapped
1993552,135055,Mapped
1993574,135077,Mapped
1993583,136005,Mapped
1993584,136006,Mapped
1993587,136009,Mapped
1993594,135212,Mapped
1993595,135211,Mapped
1993596,135205,Mapped
1993597,135202,Mapped
1993602,135239,Mapped
1993603,135235,Mapped
1993606,136162,Mapped
1993608,136173,Mapped
1993609,136190,Mapped
1993611,136223,Mapped
1993624,135279,Mapped
1993625,135252,Mapped
1993632,135187,Mapped
1993634,135340,Mapped
1993636,135393,Mapped
1993637,135429,Mapped
1993639,135420,Mapped
1993641,135379,Mapped
1993642,135394,Mapped
1993643,135404,Mapped
1993644,135378,Mapped
1993645,135373,Mapped
1993647,135411,Mapped
1993648,135356,Mapped
1993649,135407,Mapped
1993650,135357,Mapped
1993651,135349,Mapped
1993652,135352,Mapped
1993653,135335,Mapped
1993654,135367,Mapped
1993655,165320,Mapped
1993656,142849,Mapped
1993657,142850,Mapped
1993658,142851,Mapped
1993662,136828,Mapped
1993668,135381,Mapped
1993669,135416,Mapped
1993670,135365,Mapped
1993671,135406,Mapped
1993672,135383,Mapped
1993673,139331,Mapped
1993674,135366,Mapped
1993675,135362,Mapped
1993676,135815,Mapped
1993678,135814,Mapped
1993679,135841,Mapped
1993689,135819,Mapped
1993692,135319,Mapped
1993693,135322,Mapped
1993694,135313,Mapped
1993695,135355,Mapped
1993696,135402,Mapped
1993697,136120,Mapped
1993701,135414,Mapped
1993703,135392,Mapped
1993705,135374,Mapped
1993710,159344,Mapped
1993711,136692,Mapped
1993712,136693,Mapped
1993713,135325,Mapped
1993716,137998,Mapped
1993717,138000,Mapped
1993722,N/A,Unmapped
1993730,N/A,Unmapped
1993738,N/A,Unmapped
1993739,N/A,Unmapped
1993740,N/A,Unmapped
1993742,N/A,Unmapped
1993743,N/A,Unmapped
1993744,N/A,Unmapped
1993748,135855,Mapped
1993749,135843,Mapped
1993750,135821,Mapped
1993755,135844,Mapped
1993757,136735,Mapped
1993758,136724,Mapped
1993761,136035,Mapped
1993762,136028,Mapped
1993767,136731,Mapped
1993768,138282,Mapped
1993769,161324,Mapped
1993772,N/A,Unmapped
1993774,136027,Mapped
1993775,136024,Mapped
1993776001,135993,Mapped
1993776002,136046,Mapped
1993776003,136044,Mapped
1993777,N/A,Unmapped
1993943,139542,Mapped
1993944,136062,Mapped
1994036,135803,Mapped
1994037,135804,Mapped
1994038,135805,Mapped
1994040,135091,Mapped
1994042,135082,Mapped
1994044,135095,Mapped
1994045,135074,Mapped
1994046,135087,Mapped
1994047,135103,Mapped
1994048,135049,Mapped
1994049,135099,Mapped
1994050,135064,Mapped
1994051,135062,Mapped
1994053,135093,Mapped
1994070,140500,Mapped
1994071,140505,Mapped
1994074,138522,Mapped
1994075,N/A,Unmapped
1994077,148191,Mapped
1994081,135401,Mapped
1994082,135412,Mapped
1994083,135408,Mapped
1994084,135410,Mapped
1994096,135918,Mapped
1994098,135925,Mapped
1994099,135917,Mapped
1994100,135914,Mapped
1994101,135919,Mapped
1994103,136698,Mapped
1994104,135921,Mapped
1994106,135929,Mapped
1994108,135920,Mapped
1994110,135927,Mapped
1994115,139421,Mapped
1994130,143615,Mapped
1995039,137178,Mapped
1995040,137182,Mapped
1995042,140504,Mapped
1995043,140503,Mapped
1995044,140501,Mapped
1995047,136741,Mapped
1995048,136295,Mapped
1995049,139769,Mapped
1995060,136729,Mapped
1995062,136740,Mapped
1995068,138625,Mapped
1995088,145883,Mapped
1995089,137333,Mapped
1995090,137205,Mapped
1995092,137298,Mapped
1995097,137327,Mapped
1995110,137472,Mapped
1995113,137476,Mapped
1995115,139420,Mapped
1995117,138612,Mapped
1995120,138455,Mapped
1995123,156042,Mapped
1995133,137991,Mapped
1995221,137318,Mapped
1995224,137275,Mapped
1995225,137301,Mapped
1995231,137443,Mapped
1995233,N/A,Unmapped
1995234,N/A,Unmapped
1995235,N/A,Unmapped
1995236,N/A,Unmapped
1995237,N/A,Unmapped
1995238,137470,Mapped
1995240,153067,Mapped
1995241,153068,Mapped
1995242,137452,Mapped
1995322,142852,Mapped
1995323,138272,Mapped
1995324,138141,Mapped
1995326,142336,Mapped
1995327,142332,Mapped
1995329,139532,Mapped
1995330,138407,Mapped
1995331,138423,Mapped
1995333,138194,Mapped
1995336,138432,Mapped
1995338,142853,Mapped
1995348,142818,Mapped
1995349,142820,Mapped
1995350,138523,Mapped
1995351,138529,Mapped
1995353,143251,Mapped
1995355,143809,Mapped
1995362,138542,Mapped
1995364,141143,Mapped
1995365,138699,Mapped
1995366,138703,Mapped
1995367,141144,Mapped
1995368,138707,Mapped
1995373,138783,Mapped
1995381,N/A,Unmapped
1995390,138793,Mapped
1995399,140467,Mapped
1995400,140468,Mapped
1995435,138835,Mapped
1995441,138811,Mapped
1995442,138805,Mapped
1995448,146601,Mapped
1995449,146609,Mapped
1995450,146624,Mapped
1995451,146606,Mapped
1995452,146605,Mapped
1995453,146618,Mapped
1995454,146613,Mapped
1995455,146616,Mapped
1995456,146617,Mapped
1995457,146599,Mapped
1995458,146603,Mapped
1995459,146602,Mapped
1995460,146598,Mapped
1995461,146600,Mapped
1995462,146621,Mapped
1995463,146608,Mapped
1995464,146604,Mapped
1995465,146614,Mapped
1995466,146615,Mapped
1995467,146611,Mapped
1995468,146620,Mapped
1995469,146619,Mapped
1995471,146626,Mapped
1995472,146607,Mapped
1995473,146612,Mapped
1995474,146610,Mapped
1995476,146628,Mapped
1995478,146597,Mapped
1995479,146596,Mapped
1995480,146622,Mapped
1995482,146623,Mapped
1995484,139496,Mapped
1995485,139647,Mapped
1995486,139497,Mapped
1995488,139648,Mapped
1995489,139650,Mapped
1995494,140882,Mapped
1995495,140875,Mapped
1995496,139075,Mapped
1995503,140018,Mapped
1995506,139353,Mapped
1995507,139395,Mapped
1995508,139352,Mapped
1995545,138773,Mapped
1995546,138843,Mapped
1995547,138846,Mapped
1995548,138841,Mapped
1995549,138842,Mapped
1995550,138844,Mapped
1995555,139572,Mapped
1995557,N/A,Unmapped
1995558,N/A,Unmapped
1995559,N/A,Unmapped
1995560,140773,Mapped
1995561,140772,Mapped
1995562,140782,Mapped
1995570,136738,Mapped
1995573,154511,Mapped
1995574,161851,Mapped
1995575,154510,Mapped
1995576,154512,Mapped
1995577,154513,Mapped
1995578,154514,Mapped
1995579,137192,Mapped
1995580,137173,Mapped
1995581,137180,Mapped
1995582,137193,Mapped
1995583,137177,Mapped
1995585,137175,Mapped
1995603,N/A,Unmapped
1995604,N/A,Unmapped
1995605,N/A,Unmapped
1995618,147971,Mapped
1995619,139566,Mapped
1995620,N/A,Unmapped
1995621,N/A,Unmapped
1995622,137241,Mapped
1995623,137245,Mapped
1995624,139694,Mapped
1995625,139699,Mapped
1995626,139695,Mapped
1995627,139571,Mapped
1995628,139567,Mapped
1995629,137238,Mapped
1995635,143983,Mapped
1995638,138622,Mapped
1995639,143986,Mapped
1995648,137304,Mapped
1995675,N/A,Unmapped
1995676,N/A,Unmapped
1995677,137289,Mapped
1995679,137441,Mapped
1995681,166089,Mapped
1995682,137475,Mapped
1995683,137477,Mapped
1995684,166093,Mapped
1995685,166094,Mapped
1995686,166091,Mapped
1995689,154759,Mapped
1995693,137444,Mapped
1995694,N/A,Unmapped
1995696,N/A,Unmapped
1995699,138163,Mapped
1995700,139408,Mapped
1995701,137417,Mapped
1995702,139405,Mapped
1995716,138391,Mapped
1995717,138390,Mapped
1995718,138389,Mapped
1995721,138004,Mapped
1995722,137458,Mapped
1995723,137465,Mapped
1995728,137481,Mapped
1995734,137986,Mapped
1995735,137978,Mapped
1995785,138056,Mapped
1995786,138048,Mapped
1995787,138032,Mapped
1995789,138106,Mapped
1996075,136072,Mapped
1996076,136079,Mapped
1996077,136081,Mapped
1996079,136077,Mapped
1996080,136097,Mapped
1996081,136075,Mapped
1996088,136126,Mapped
1996089,136125,Mapped
1996118,137400,Mapped
1996119,139525,Mapped
1996120,139524,Mapped
1996121,139541,Mapped
1996122,136732,Mapped
1996123,N/A,Unmapped
1996124,N/A,Unmapped
1996127,136728,Mapped
1996129,139573,Mapped
1996130,139585,Mapped
1996136,137356,Mapped
1996137,137355,Mapped
1996138,137184,Mapped
1996139,137195,Mapped
1996140,137179,Mapped
1996349,138010,Mapped
1996360,137176,Mapped
1996361,137189,Mapped
1996362,137172,Mapped
1996396,140384,Mapped
1996398,144297,Mapped
1996411,138394,Mapped
1996413,137297,Mapped
1996417,137469,Mapped
1996445,N/A,Unmapped
1996489,166095,Mapped
1996493,137451,Mapped
1996494,137448,Mapped
1996495,137463,Mapped
1996496,137446,Mapped
1996497,137453,Mapped
1996503,138064,Mapped
1996504,138091,Mapped
1996505,138050,Mapped
1996506,138078,Mapped
1996507,138077,Mapped
1996508,138039,Mapped
1996509,138084,Mapped
1996514,138042,Mapped
1996515,138081,Mapped
1996516,138030,Mapped
1996517,138046,Mapped
1996518,N/A,Unmapped
1996519,N/A,Unmapped
1996523,154760,Mapped
1996547,136109,Mapped
1996549,136743,Mapped
1996559,136298,Mapped
1996563,136720,Mapped
1996564,136733,Mapped
1996565,136737,Mapped
1996566,136722,Mapped
1996567,137335,Mapped
1996568,136721,Mapped
1996569,136723,Mapped
1996570,136730,Mapped
1996578,137199,Mapped
1996579,137185,Mapped
1996582,137332,Mapped
1996591,137231,Mapped
1996592,137235,Mapped
1996594,137239,Mapped
1996598,137266,Mapped
1996599,137252,Mapped
1996600,137247,Mapped
1996601,137236,Mapped
1996605,140388,Mapped
1996606,140389,Mapped
1996607,140390,Mapped
1996608,140001,Mapped
1996609,140002,Mapped
1996610,140005,Mapped
1996611,140006,Mapped
1996614,137230,Mapped
1996615,137227,Mapped
1996616,137229,Mapped
1996617,137226,Mapped
1996622,142791,Mapped
1996623,142787,Mapped
1996631,139951,Mapped
1996637,149910,Mapped
1996641,138618,Mapped
1996642,137263,Mapped
1996645,137309,Mapped
1996646,137321,Mapped
1996649,138294,Mapped
1996650,138297,Mapped
1996654,137324,Mapped
1996655,137322,Mapped
1996657,137290,Mapped
1996658,137323,Mapped
1996659,137273,Mapped
1996660,137287,Mapped
1996661,137316,Mapped
1996662,137308,Mapped
1996663,137293,Mapped
1996664,137296,Mapped
1996665,137319,Mapped
1996686,161853,Mapped
1996687,142962,Mapped
1996702,161852,Mapped
1996824,138539,Mapped
1996825,138547,Mapped
1996826,138552,Mapped
1996827,138037,Mapped
1996828,138028,Mapped
1996829,138052,Mapped
1996830,138025,Mapped
1996831,138076,Mapped
1996832,138087,Mapped
1996853,138124,Mapped
1996855,138129,Mapped
1996856,138135,Mapped
1996859,N/A,Unmapped
1997035,138845,Mapped
1997036,138847,Mapped
1997037,138848,Mapped
1997050,136734,Mapped
1997051,137191,Mapped
1997052,139698,Mapped
1997053,N/A,Unmapped
1997054,N/A,Unmapped
1997055,N/A,Unmapped
1997056,N/A,Unmapped
1997059,140392,Mapped
1997061,140393,Mapped
1997062,137163,Mapped
1997063,137171,Mapped
1997064,137201,Mapped
1997065,137174,Mapped
1997076,137164,Mapped
1997078,137274,Mapped
1997079,137197,Mapped
1997080,137198,Mapped
1997081,138009,Mapped
1997082,138008,Mapped
1997084,137234,Mapped
1997085,137253,Mapped
1997087,153114,Mapped
1997091,138603,Mapped
1997092,138606,Mapped
1997095,138615,Mapped
1997103,137310,Mapped
1997104,137288,Mapped
1997105,137312,Mapped
1997109,137311,Mapped
1997123,139704,Mapped
1997130,137407,Mapped
1997133,N/A,Unmapped
1997134,N/A,Unmapped
1997135,N/A,Unmapped
1997146,137358,Mapped
1997162,137283,Mapped
1997172,154768,Mapped
1997177,137482,Mapped
1997185,139763,Mapped
1997186,139761,Mapped
1997187,139760,Mapped
1997219,138015,Mapped
1997220,138447,Mapped
1997221,138444,Mapped
1997223,138061,Mapped
1997228,138029,Mapped
1997229,138041,Mapped
1997239,N/A,Unmapped
1997240,N/A,Unmapped
1997246,138112,Mapped
1997247,138113,Mapped
1997249,138024,Mapped
1997251,138023,Mapped
1997253,138131,Mapped
1997254,138151,Mapped
1997255,138136,Mapped
1997256,138127,Mapped
1997277,142329,Mapped
1997278,138232,Mapped
1997280,138208,Mapped
1997284,138201,Mapped
1997285,138244,Mapped
1997288,142344,Mapped
1997325,149912,Mapped
1997327,149915,Mapped
1997330,149911,Mapped
1997351,138239,Mapped
1997353,138236,Mapped
1997380,138213,Mapped
1997383,147961,Mapped
1997384,147962,Mapped
1997385,147963,Mapped
1997386,138231,Mapped
1997387,138227,Mapped
1997388,138224,Mapped
1997389,138212,Mapped
1997390,138228,Mapped
1997391,138214,Mapped
1997393,138205,Mapped
1997397,138238,Mapped
1997423,139065,Mapped
1997425,139053,Mapped
1997447,138424,Mapped
1997448,138416,Mapped
1997450,138549,Mapped
1997451,138550,Mapped
1997452,N/A,Unmapped
1997453,138548,Mapped
1997454,138538,Mapped
1997455,138535,Mapped
1997456,138544,Mapped
1997457,138533,Mapped
1997463,138532,Mapped
1997464,138537,Mapped
1997493,138701,Mapped
1997494,139412,Mapped
1997495,139407,Mapped
1997497,138682,Mapped
1997498,N/A,Unmapped
1997499,N/A,Unmapped
1997500,N/A,Unmapped
1997501,N/A,Unmapped
1997502,N/A,Unmapped
1997503,N/A,Unmapped
1997504,N/A,Unmapped
1997506,138804,Mapped
1997513,138823,Mapped
1997514,138780,Mapped
1997515,138817,Mapped
1997516,138826,Mapped
1997517,138803,Mapped
1997518,138795,Mapped
1997519,138792,Mapped
1997520,138790,Mapped
1997522,138799,Mapped
1997523,138781,Mapped
1997524,138809,Mapped
1997540,140278,Mapped
1997542,137353,Mapped
1997543,137354,Mapped
1997544,N/A,Unmapped
1997549,136114,Mapped
1997559,N/A,Unmapped
1997564,145354,Mapped
1997565,145355,Mapped
1997566,145356,Mapped
1997569,136083,Mapped
1997570,136128,Mapped
1997573,136073,Mapped
1997575,136096,Mapped
1997576,N/A,Unmapped
1997583,137403,Mapped
1997584,N/A,Unmapped
1997585,N/A,Unmapped
1997586,N/A,Unmapped
1997587,N/A,Unmapped
1997589,136727,Mapped
1997597,139749,Mapped
1997600,137161,Mapped
1997602,137209,Mapped
1997603,137170,Mapped
1997604,137183,Mapped
1997605,137181,Mapped
1997606,137167,Mapped
1997607,137330,Mapped
1997610,138296,Mapped
1997612,137284,Mapped
1997613,138290,Mapped
1997614,137267,Mapped
1997617,137169,Mapped
1997618,137206,Mapped
1997619,140007,Mapped
1997624,137248,Mapped
1997625,137276,Mapped
1997626,137315,Mapped
1997627,137302,Mapped
1997628,137279,Mapped
1997629,137285,Mapped
1997630,137314,Mapped
1997631,137280,Mapped
1997632,138058,Mapped
1997633,138083,Mapped
1997646,138768,Mapped
1997647,138459,Mapped
1997652,137431,Mapped
1997654,137437,Mapped
1997656001,137439,Mapped
1997656002,137436,Mapped
1997657,137429,Mapped
1997667,138002,Mapped
1997671,138018,Mapped
1997685,139966,Mapped
1997746,138069,Mapped
1997769,138055,Mapped
1997770,138059,Mapped
1997772,153070,Mapped
1997774,138094,Mapped
1997778,138099,Mapped
1997792,138150,Mapped
1997793,138130,Mapped
1997794,138147,Mapped
1997796,138123,Mapped
1997801,138401,Mapped
1997802,138275,Mapped
1997803,138262,Mapped
1997804,138273,Mapped
1997805,138276,Mapped
1997806,138402,Mapped
1997815,138178,Mapped
1997816,139478,Mapped
1997818,138187,Mapped
1997820,138207,Mapped
1997821,138192,Mapped
1997826,138428,Mapped
1997827,138406,Mapped
1997829,138436,Mapped
1997834,143989,Mapped
1997852,138594,Mapped
1997865,139126,Mapped
1997881,139481,Mapped
1997970,140433,Mapped
1997971,139067,Mapped
1997972,139333,Mapped
1997973,139321,Mapped
1998017,139015,Mapped
1998019,139014,Mapped
1998035,136718,Mapped
1998037,N/A,Unmapped
1998038,137207,Mapped
1998039,137202,Mapped
1998040,137208,Mapped
1998048,N/A,Unmapped
1998049,N/A,Unmapped
1998050,142997,Mapped
1998052,143056,Mapped
1998057,143057,Mapped
1998058,143058,Mapped
1998063,143023,Mapped
1998064,143059,Mapped
1998066,143060,Mapped
1998070,143061,Mapped
1998071,143025,Mapped
1998073,143082,Mapped
1998074,142999,Mapped
1998077,143027,Mapped
1998078,143063,Mapped
1998079,143064,Mapped
1998082,143073,Mapped
1998085,143000,Mapped
1998089,142992,Mapped
1998091,143028,Mapped
1998093,142993,Mapped
1998095,143029,Mapped
1998101,143032,Mapped
1998104,144301,Mapped
1998105,143033,Mapped
1998108,143034,Mapped
1998110,144299,Mapped
1998114,143035,Mapped
1998116,143036,Mapped
1998121,143039,Mapped
1998123,143038,Mapped
1998125,143040,Mapped
1998127,143041,Mapped
1998128,143042,Mapped
1998130,143045,Mapped
1998131,143046,Mapped
1998133,143047,Mapped
1998134,143048,Mapped
1998135,143049,Mapped
1998137,143050,Mapped
1998138,143051,Mapped
1998139,144302,Mapped
1998140,143052,Mapped
1998142,144307,Mapped
1998143,143054,Mapped
1998144,143074,Mapped
1998146,143076,Mapped
1998147,143077,Mapped
1998149,143002,Mapped
1998150,143003,Mapped
1998151,143004,Mapped
1998152,143006,Mapped
1998154,143005,Mapped
1998156,144304,Mapped
1998158,143080,Mapped
1998160,143081,Mapped
1998161,143083,Mapped
1998163,144306,Mapped
1998165,143086,Mapped
1998166,143087,Mapped
1998167,143088,Mapped
1998169,143007,Mapped
1998170,139764,Mapped
1998176,137464,Mapped
1998177,137487,Mapped
1998178,137980,Mapped
1998179,137990,Mapped
1998180,137989,Mapped
1998197,153832,Mapped
1998207,138066,Mapped
1998239,138095,Mapped
1998240,138096,Mapped
1998242,140394,Mapped
1998251,N/A,Unmapped
1998253,142323,Mapped
1998278,138179,Mapped
1998279,138404,Mapped
1998280,138403,Mapped
1998281,138426,Mapped
1998285,138270,Mapped
1998288,138250,Mapped
1998289,138242,Mapped
1998290,138206,Mapped
1998291,138210,Mapped
1998294,138408,Mapped
1998295,138683,Mapped
1998301,140859,Mapped
1998302,140861,Mapped
1998303,140858,Mapped
1998304,N/A,Unmapped
1998305,N/A,Unmapped
1998323,138418,Mapped
1998325,142347,Mapped
1998326,139508,Mapped
1998328,139509,Mapped
1998331,139520,Mapped
1998332,139519,Mapped
1998333,139522,Mapped
1998334,139523,Mapped
1998336,139447,Mapped
1998338,139575,Mapped
1998339,139576,Mapped
1998344,140738,Mapped
1998345,140752,Mapped
1998347,140744,Mapped
1998536,137479,Mapped
1998537,N/A,Unmapped
1998538,137462,Mapped
1998539,137457,Mapped
1998542,137494,Mapped
1998543,137502,Mapped
1998544,137492,Mapped
1998545,137466,Mapped
1998547,137461,Mapped
1998548,137471,Mapped
1998549,137438,Mapped
1998556,142821,Mapped
1998559,137474,Mapped
1998561,140907,Mapped
1998562,142823,Mapped
1998564,142822,Mapped
1998572,137484,Mapped
1998573,137489,Mapped
1998576,137490,Mapped
1998581,138005,Mapped
1998591,139565,Mapped
1998595,138182,Mapped
1998597,138184,Mapped
1998598,138530,Mapped
1998627,143055,Mapped
1998629,142996,Mapped
1998634,142989,Mapped
1998635,142980,Mapped
1998636,142991,Mapped
1998637,142979,Mapped
1998639,143069,Mapped
1998640,143068,Mapped
1998642,143071,Mapped
1998644,142974,Mapped
1998646,142986,Mapped
1998658,N/A,Unmapped
1998659,N/A,Unmapped
1998660,138086,Mapped
1998661,147793,Mapped
1998664,138047,Mapped
1998665,138062,Mapped
1998666,162599,Mapped
1998667,162600,Mapped
1998668,138021,Mapped
1998671,138098,Mapped
1998684,138022,Mapped
1998690,138017,Mapped
1998694,138183,Mapped
1998695,138054,Mapped
1998696,138067,Mapped
1998697,138051,Mapped
1998702,138070,Mapped
1998707,138189,Mapped
1998709,139708,Mapped
1999148,138133,Mapped
1999149,138139,Mapped
1999150,138100,Mapped
1999151,138443,Mapped
1999152,138411,Mapped
1999153,138434,Mapped
1999154,138425,Mapped
1999155,138229,Mapped
1999156,138120,Mapped
1999157,138108,Mapped
1999158,138121,Mapped
1999166,138200,Mapped
1999167,138249,Mapped
1999168,138233,Mapped
1999170,138218,Mapped
1999176,156131,Mapped
1999178,138247,Mapped
1999179,138241,Mapped
1999180,138226,Mapped
1999182,138230,Mapped
1999204,153866,Mapped
1999206,153868,Mapped
1999212,161325,Mapped
1999213,161326,Mapped
1999214,161327,Mapped
1999215,161328,Mapped
1999245,138397,Mapped
1999246,138400,Mapped
1999256,138430,Mapped
1999258,144184,Mapped
1999259,140831,Mapped
1999261,142727,Mapped
1999374,139475,Mapped
1999376,138440,Mapped
1999394,138696,Mapped
1999397,139602,Mapped
1999399,139603,Mapped
1999401,139479,Mapped
1999414,142825,Mapped
1999511,138690,Mapped
1999513,138687,Mapped
1999515,N/A,Unmapped
1999519,N/A,Unmapped
1999525001,138675,Mapped
1999525003,138684,Mapped
1999533,138688,Mapped
1999534,138709,Mapped
2000126,138177,Mapped
2000127,138138,Mapped
2000128,138142,Mapped
2000129,138143,Mapped
2000142,N/A,Unmapped
2000143,N/A,Unmapped
2000144,138102,Mapped
2000145,138101,Mapped
2000146,138104,Mapped
2000149,138219,Mapped
2000150,138240,Mapped
2000151,138246,Mapped
2000152,138216,Mapped
2000154,138234,Mapped
2000155,138215,Mapped
2000156,138235,Mapped
2000157,138220,Mapped
2000162,138204,Mapped
2000202,138422,Mapped
2000203,138417,Mapped
2000227,138301,Mapped
2000228,138395,Mapped
2000230,138439,Mapped
2000401,138534,Mapped
2000402,138543,Mapped
2000403,138546,Mapped
2000404,138541,Mapped
2000406,138540,Mapped
2000407,138850,Mapped
2000408,138697,Mapped
2000432,138692,Mapped
2000439,138808,Mapped
2000444,138794,Mapped
2000445,138836,Mapped
2000446,138785,Mapped
2000447,138838,Mapped
2000448,138786,Mapped
2000449,138782,Mapped
2000450,138777,Mapped
2000452,138775,Mapped
2000453,138815,Mapped
2000454,138779,Mapped
2000455,139031,Mapped
2000456,139036,Mapped
2000457,139034,Mapped
2000459,139088,Mapped
2000460,138772,Mapped
2000484,138864,Mapped
2000485,138856,Mapped
2000486,139393,Mapped
2000487,139396,Mapped
2000488,139387,Mapped
2000490,138814,Mapped
2000491,138820,Mapped
2000493,139710,Mapped
2000502,139358,Mapped
2000503,139359,Mapped
2000504,139399,Mapped
2000505,139342,Mapped
2000506,139404,Mapped
2000507,139351,Mapped
2000508,139384,Mapped
2000509,139343,Mapped
2000510,139385,Mapped
2000511,139344,Mapped
2000512,139350,Mapped
2000514,139058,Mapped
2000929,142955,Mapped
2000930,161854,Mapped
2000937,144135,Mapped
2000938,144626,Mapped
2000940,142348,Mapped
2000941,142353,Mapped
2000942,142351,Mapped
2000943,142349,Mapped
2000944,138536,Mapped
2000945,142352,Mapped
2000947,142350,Mapped
2000949,N/A,Unmapped
2000950,N/A,Unmapped
2000951,139406,Mapped
2000952,139427,Mapped
2000953,139417,Mapped
2000954,139419,Mapped
2000955,140672,Mapped
2000972,142826,Mapped
2000987,142938,Mapped
2000995,138813,Mapped
2000996,138788,Mapped
2001000,151218,Mapped
2001001,151219,Mapped
2001002,151220,Mapped
2001006,151222,Mapped
2001007,151223,Mapped
2001008,151224,Mapped
2001030,153595,Mapped
2001040,138715,Mapped
2001041,138711,Mapped
2001042,138704,Mapped
2001045,159278,Mapped
2001046,159279,Mapped
2001051,143725,Mapped
2001058,143794,Mapped
2001068,138705,Mapped
2001069,138679,Mapped
2001070,138700,Mapped
2001071,138713,Mapped
2001072,138706,Mapped
2001080,138685,Mapped
2001084,140449,Mapped
2001089,N/A,Unmapped
2001096,138824,Mapped
2001097,138791,Mapped
2001098,138822,Mapped
2001099,138828,Mapped
2001108,139066,Mapped
2001113,138865,Mapped
2001344,138840,Mapped
2001345,138796,Mapped
2001350,139047,Mapped
2001351,139043,Mapped
2001355,138819,Mapped
2001359,138860,Mapped
2001363,138851,Mapped
2001364,138852,Mapped
2001365,138849,Mapped
2001373,143256,Mapped
2001393,147964,Mapped
2001551,151244,Mapped
2001555,151247,Mapped
2001575,151253,Mapped
2001579,151256,Mapped
2001580,N/A,Unmapped
2001582,153596,Mapped
2001584,153598,Mapped
2001586,153599,Mapped
2001589,N/A,Unmapped
2001590,N/A,Unmapped
2001604,N/A,Unmapped
2001613,166415,Mapped
2001614,166413,Mapped
2001615,166412,Mapped
2001621,159084,Mapped
2001623,153604,Mapped
2001626,153605,Mapped
2001627,153607,Mapped
2001658,151273,Mapped
2001674,153613,Mapped
2001681,N/A,Unmapped
2001682,N/A,Unmapped
2001688,N/A,Unmapped
2001689,N/A,Unmapped
2001692,153621,Mapped
2001699,N/A,Unmapped
2001700,153626,Mapped
2001704,166442,Mapped
2001705,N/A,Unmapped
2001713,N/A,Unmapped
2001714,N/A,Unmapped
2001715,N/A,Unmapped
2001720,N/A,Unmapped
2001723,N/A,Unmapped
2001726,N/A,Unmapped
2001729,N/A,Unmapped
2001730,N/A,Unmapped
2001732,N/A,Unmapped
2001746,N/A,Unmapped
2001747,N/A,Unmapped
2001748,N/A,Unmapped
2001755,153381,Mapped
2001757,153383,Mapped
2001758,153384,Mapped
2001761,153387,Mapped
2001767,N/A,Unmapped
2001768,N/A,Unmapped
2001769,N/A,Unmapped
2001770,N/A,Unmapped
2001826,N/A,Unmapped
2001844,139017,Mapped
2001849,139060,Mapped
2001850,139063,Mapped
2001851,139089,Mapped
2001852,139094,Mapped
2001853,139090,Mapped
2001854,139025,Mapped
2001855,139037,Mapped
2001856,150152,Mapped
2001857,140434,Mapped
2001858,140435,Mapped
2001859,140436,Mapped
2001861,140438,Mapped
2001862,139039,Mapped
2001874,N/A,Unmapped
2001930,N/A,Unmapped
2001931,N/A,Unmapped
2001932,N/A,Unmapped
2001960,N/A,Unmapped
2001961,N/A,Unmapped
2001962,N/A,Unmapped
2002,N/A,Unmapped
2002038,141152,Mapped
2002040,139507,Mapped
2002042,138853,Mapped
2002043,138854,Mapped
2002045,144810,Mapped
2002046,144811,Mapped
2002047,144812,Mapped
2002048,144813,Mapped
2002049,146190,Mapped
2002050,143257,Mapped
2002051,139028,Mapped
2002054,139372,Mapped
2002055,139345,Mapped
2002056,139348,Mapped
2002057,139388,Mapped
2002058,139347,Mapped
2002059,139397,Mapped
2002189,139077,Mapped
2002190,139793,Mapped
2002191,139794,Mapped
2002196,139024,Mapped
2002202,139018,Mapped
2002205,139085,Mapped
2002209,139050,Mapped
2002210,139030,Mapped
2002211,141169,Mapped
2002212,141170,Mapped
2002213,141171,Mapped
2002214,141146,Mapped
2002215,N/A,Unmapped
2002286,165380,Mapped
2002287,165383,Mapped
2002290,165385,Mapped
2002292,N/A,Unmapped
2002295,165381,Mapped
2002296,165384,Mapped
2002297,165386,Mapped
2002298,165387,Mapped
2002304,N/A,Unmapped
2002310,166492,Mapped
2002312,N/A,Unmapped
2002313,N/A,Unmapped
2002314,N/A,Unmapped
2002315,N/A,Unmapped
2002319,N/A,Unmapped
2002322,N/A,Unmapped
2002327,159155,Mapped
2002328,N/A,Unmapped
2002330,N/A,Unmapped
2002331,159157,Mapped
2002335,N/A,Unmapped
2002336,N/A,Unmapped
2002345,N/A,Unmapped
2002360,N/A,Unmapped
2002361,N/A,Unmapped
2002362,N/A,Unmapped
2002363,N/A,Unmapped
2002364,N/A,Unmapped
2002371,N/A,Unmapped
2002372,N/A,Unmapped
2002373,N/A,Unmapped
2002375,N/A,Unmapped
2002376,N/A,Unmapped
2002377,N/A,Unmapped
2002378,N/A,Unmapped
2002381,N/A,Unmapped
2002382,N/A,Unmapped
2002383,N/A,Unmapped
2002384,N/A,Unmapped
2002387,N/A,Unmapped
2002388,N/A,Unmapped
2002389,N/A,Unmapped
2002390,N/A,Unmapped
2002391,N/A,Unmapped
2002392,N/A,Unmapped
2002394,N/A,Unmapped
2002395,N/A,Unmapped
2002396,N/A,Unmapped
2002400,N/A,Unmapped
2002401,N/A,Unmapped
2002403,N/A,Unmapped
2002405,161842,Mapped
2002406,161843,Mapped
2002407,148190,Mapped
2002408,161844,Mapped
2002409,161845,Mapped
2002410,161846,Mapped
2002417,N/A,Unmapped
2002418,N/A,Unmapped
2002419,N/A,Unmapped
2002420,N/A,Unmapped
2002421,N/A,Unmapped
2002422,N/A,Unmapped
2002423,N/A,Unmapped
2002424,N/A,Unmapped
2002425,N/A,Unmapped
2002426,N/A,Unmapped
2002427,N/A,Unmapped
2002428,N/A,Unmapped
2002429,N/A,Unmapped
2002430,N/A,Unmapped
2002431,N/A,Unmapped
2002432,N/A,Unmapped
2002433,N/A,Unmapped
2002434,N/A,Unmapped
2002435,N/A,Unmapped
2002436,N/A,Unmapped
2002437,N/A,Unmapped
2002438,N/A,Unmapped
2002439,N/A,Unmapped
2002440,N/A,Unmapped
2002441,N/A,Unmapped
2002442,N/A,Unmapped
2002443,N/A,Unmapped
2002444,N/A,Unmapped
2002446,N/A,Unmapped
2002448,N/A,Unmapped
2002449,N/A,Unmapped
2002451,N/A,Unmapped
2002454,N/A,Unmapped
2002455,N/A,Unmapped
2002520,153405,Mapped
2002521,153406,Mapped
2002525,153410,Mapped
2002528,153412,Mapped
2002534,153419,Mapped
2002548,143691,Mapped
2002553,141175,Mapped
2002554,141177,Mapped
2002555,141185,Mapped
2002556,141182,Mapped
2002557,141176,Mapped
2002569,139064,Mapped
2002570,139052,Mapped
2002571,139081,Mapped
2002572,140439,Mapped
2002575,139092,Mapped
2002577,139055,Mapped
2002578,143974,Mapped
2002582,139527,Mapped
2002592,N/A,Unmapped
2002593,139029,Mapped
2002594,139045,Mapped
2002596,139340,Mapped
2002605,N/A,Unmapped
2002615,N/A,Unmapped
2002616,N/A,Unmapped
2002617,N/A,Unmapped
2002619,N/A,Unmapped
2002625,166490,Mapped
2002638,166452,Mapped
2002642,166457,Mapped
2002647,139074,Mapped
2002649,139069,Mapped
2002651,139349,Mapped
2002652,140892,Mapped
2002653,139984,Mapped
2002654,139985,Mapped
2002655,167310,Mapped
2002656,167313,Mapped
2002657,160327,Mapped
2002658,167314,Mapped
2002659,167389,Mapped
2002660,167312,Mapped
2002661,167311,Mapped
2002662,N/A,Unmapped
2002664,156828,Mapped
2002665,156829,Mapped
2002666,N/A,Unmapped
2002669,156830,Mapped
2002670,156831,Mapped
2002671,156832,Mapped
2002673,139983,Mapped
2002674,139394,Mapped
2002675,139403,Mapped
2002676,139398,Mapped
2002678,139327,Mapped
2002679,139325,Mapped
2002680,139517,Mapped
2002681,139518,Mapped
2002684,144858,Mapped
2002686,139326,Mapped
2002687,139400,Mapped
2002688,139382,Mapped
2002689,168706,Mapped
2002690,140037,Mapped
2002691,140038,Mapped
2002693,140925,Mapped
2002694,139795,Mapped
2002695,N/A,Unmapped
2002697,143801,Mapped
2002703,140014,Mapped
2002714,140430,Mapped
2002715,140431,Mapped
2002716,140454,Mapped
2002717,140247,Mapped
2002718,140788,Mapped
2002722,141047,Mapped
2002730,140277,Mapped
2002732,140026,Mapped
2002733,140027,Mapped
2002754,142075,Mapped
2002755,139997,Mapped
2002756,139988,Mapped
2002760,140889,Mapped
2002761,140899,Mapped
2002762,140031,Mapped
2002763,140032,Mapped
2002765,140033,Mapped
2002796,N/A,Unmapped
2002797,N/A,Unmapped
2002812,140456,Mapped
2002813,142231,Mapped
2002814,142232,Mapped
2002817,140928,Mapped
2002818,140927,Mapped
2002819,140929,Mapped
2002823,140225,Mapped
2002824,140223,Mapped
2002825,140222,Mapped
2002826,139995,Mapped
2002827,140901,Mapped
2002829,148847,Mapped
2002834,141034,Mapped
2002835,142209,Mapped
2002836,142210,Mapped
2002846,148810,Mapped
2002849,N/A,Unmapped
2002858,144995,Mapped
2002860,144994,Mapped
2002863,140370,Mapped
2002865,144997,Mapped
2002866,144996,Mapped
2002869,146400,Mapped
2002870,146389,Mapped
2002871,146401,Mapped
2002872,146402,Mapped
2002873,146409,Mapped
2002874,146390,Mapped
2002875,146395,Mapped
2002876,146396,Mapped
2002877,146397,Mapped
2002878,146391,Mapped
2002879,140941,Mapped
2002894,140443,Mapped
2002895,140974,Mapped
2002897,140977,Mapped
2002900,140976,Mapped
2002901,140971,Mapped
2002903,140970,Mapped
2002905,142854,Mapped
2002906,142855,Mapped
2002907,142856,Mapped
2002908,142303,Mapped
2002909,142304,Mapped
2002910,142305,Mapped
2002911,142857,Mapped
2002912,142858,Mapped
2002927,142276,Mapped
2002928,142277,Mapped
2002929,142278,Mapped
2002938,142285,Mapped
2002939,142286,Mapped
2002940,142281,Mapped
2002941,142282,Mapped
2002942,142279,Mapped
2002945,141001,Mapped
2002966,140896,Mapped
2002967,142287,Mapped
2002968,142288,Mapped
2002970,142275,Mapped
2002971,142274,Mapped
2002983,142289,Mapped
2002984,142283,Mapped
2003128,139098,Mapped
2003129,139097,Mapped
2003130,139035,Mapped
2003131,139070,Mapped
2003154,139360,Mapped
2003184,143159,Mapped
2003195,139391,Mapped
2003196,145494,Mapped
2003206,139402,Mapped
2003207,139341,Mapped
2003210,139375,Mapped
2003212,139369,Mapped
2003214,139361,Mapped
2003215,145495,Mapped
2003216,145496,Mapped
2003217,145497,Mapped
2003218,142836,Mapped
2003219,139324,Mapped
2003220,145498,Mapped
2003222,142837,Mapped
2003223,N/A,Unmapped
2003224,N/A,Unmapped
2003225,N/A,Unmapped
2003226,N/A,Unmapped
2003227,N/A,Unmapped
2003229,166523,Mapped
2003230,N/A,Unmapped
2003231,166517,Mapped
2003232,166518,Mapped
2003233,166519,Mapped
2003234,166520,Mapped
2003235,N/A,Unmapped
2003236,166521,Mapped
2003237,166510,Mapped
2003245,153422,Mapped
2003246,153423,Mapped
2003247,153424,Mapped
2003251,139714,Mapped
2003260,139796,Mapped
2003261,139366,Mapped
2003264,147086,Mapped
2003265,147087,Mapped
2003268,147090,Mapped
2003273,N/A,Unmapped
2003276,140510,Mapped
2003282,141015,Mapped
2003283,139752,Mapped
2003285,139740,Mapped
2003286,139738,Mapped
2003288,140050,Mapped
2003290,139758,Mapped
2003291,139719,Mapped
2003292,141019,Mapped
2003293,141020,Mapped
2003294,141017,Mapped
2003295,141018,Mapped
2003298,142812,Mapped
2003299,142814,Mapped
2003300,142230,Mapped
2003301,142813,Mapped
2003303,140781,Mapped
2003308,140396,Mapped
2003311,139797,Mapped
2003312,139798,Mapped
2003313,139799,Mapped
2003314,141980,Mapped
2003317,146353,Mapped
2003356,141026,Mapped
2003440,146785,Mapped
2003441,146782,Mapped
2003442,146784,Mapped
2003444,140052,Mapped
2003446,140894,Mapped
2003451,139989,Mapped
2003452,142248,Mapped
2003453,142249,Mapped
2003454,146786,Mapped
2003455,146787,Mapped
2003456,146788,Mapped
2003459,140364,Mapped
2003460,140365,Mapped
2003461,140366,Mapped
2003462,140367,Mapped
2003477,143519,Mapped
2003478,140040,Mapped
2003485,139941,Mapped
2003486,139937,Mapped
2003487,139942,Mapped
2003488,139940,Mapped
2003489,139999,Mapped
2003490,140064,Mapped
2003491,139971,Mapped
2003492,140065,Mapped
2003493,140066,Mapped
2003494,139972,Mapped
2003496,142726,Mapped
2003497,139953,Mapped
2003507,141032,Mapped
2003512,140034,Mapped
2003522,140421,Mapped
2003524,140420,Mapped
2003531,140981,Mapped
2003532,140980,Mapped
2003533,140982,Mapped
2003534,140983,Mapped
2003555,166447,Mapped
2003599,149511,Mapped
2003600,149516,Mapped
2003605,150439,Mapped
2003615,N/A,Unmapped
2003617,N/A,Unmapped
2003618,N/A,Unmapped
2003619,N/A,Unmapped
2003621,166502,Mapped
2003631,N/A,Unmapped
2003642,N/A,Unmapped
2003662,N/A,Unmapped
2003666,139373,Mapped
2003668,139380,Mapped
2003682,140988,Mapped
2003683,139800,Mapped
2003754,N/A,Unmapped
2003763,N/A,Unmapped
2003779,147727,Mapped
2003780,147726,Mapped
2003781,147714,Mapped
2003783,146359,Mapped
2004051,139357,Mapped
2004054,139365,Mapped
2004059,139737,Mapped
2004061,139766,Mapped
2004062,139739,Mapped
2004063,139741,Mapped
2004066,139072,Mapped
2004067,139389,Mapped
2004068,139392,Mapped
2004069,139377,Mapped
2004271,141022,Mapped
2004272,141024,Mapped
2004273,141023,Mapped
2004275,160328,Mapped
2004276,156833,Mapped
2004277,143262,Mapped
2004321,161329,Mapped
2004336,139328,Mapped
2004338,139722,Mapped
2004339,141982,Mapped
2004340,141983,Mapped
2004341,141984,Mapped
2004343,141025,Mapped
2004351,N/A,Unmapped
2004352,139981,Mapped
2004353,140015,Mapped
2004356,146338,Mapped
2004357,146339,Mapped
2004358,146337,Mapped
2004359,146340,Mapped
2004360,146336,Mapped
2004367,139949,Mapped
2004368,139950,Mapped
2004369,139959,Mapped
2004371,140413,Mapped
2004372,140030,Mapped
2004383,139939,Mapped
2004452001,140415,Mapped
2004452002,140416,Mapped
2004498,140258,Mapped
2004532,140945,Mapped
2004535,153430,Mapped
2004542,153437,Mapped
2004543,153438,Mapped
2004544,153439,Mapped
2004545,153440,Mapped
2004546,153441,Mapped
2004547,153442,Mapped
2004548,153443,Mapped
2004558,153453,Mapped
2004559,153454,Mapped
2004561,153456,Mapped
2004566,153461,Mapped
2004567,153462,Mapped
2004568,153463,Mapped
2004569,153464,Mapped
2004570,153769,Mapped
2004573,153469,Mapped
2004574,153468,Mapped
2004575,153470,Mapped
2004578,153474,Mapped
2004617,N/A,Unmapped
2004625,N/A,Unmapped
2004626,N/A,Unmapped
2004794,N/A,Unmapped
2004806,139346,Mapped
2004808,139390,Mapped
2004809,140398,Mapped
2004810,140399,Mapped
2004811,140400,Mapped
2004851,141153,Mapped
2004858,139745,Mapped
2004860,139744,Mapped
2004861,139754,Mapped
2004862,139735,Mapped
2004863,139757,Mapped
2004864,139747,Mapped
2004875,147841,Mapped
2004880,139730,Mapped
2004882,139733,Mapped
2004883,139734,Mapped
2004887,139367,Mapped
2004888,139383,Mapped
2004892,139356,Mapped
2004893,139363,Mapped
2004894,139379,Mapped
2004895,139755,Mapped
2004896,139732,Mapped
2004902,141869,Mapped
2004903,139376,Mapped
2004904,139401,Mapped
2004905,139370,Mapped
2004906,139371,Mapped
2004907,140062,Mapped
2004908,140063,Mapped
2004917,139746,Mapped
2004918,140041,Mapped
2004919,165388,Mapped
2004920,N/A,Unmapped
2004984,166409,Mapped
2004985,166498,Mapped
2004986,166500,Mapped
2004987,N/A,Unmapped
2004990,N/A,Unmapped
2004991,N/A,Unmapped
2004993,N/A,Unmapped
2004994,N/A,Unmapped
2004995,N/A,Unmapped
2004996,N/A,Unmapped
2004997,N/A,Unmapped
2005000,N/A,Unmapped
2005001,N/A,Unmapped
2005006,N/A,Unmapped
2005011,N/A,Unmapped
2005016,N/A,Unmapped
2005020,N/A,Unmapped
2005021,N/A,Unmapped
2005022,N/A,Unmapped
2005023,N/A,Unmapped
2005024,N/A,Unmapped
2005026,N/A,Unmapped
2005027,N/A,Unmapped
2005028,N/A,Unmapped
2005029,N/A,Unmapped
2005030,N/A,Unmapped
2005084,139338,Mapped
2005096,N/A,Unmapped
2005097,N/A,Unmapped
2005098,N/A,Unmapped
2005099,N/A,Unmapped
2005100,N/A,Unmapped
2005101,N/A,Unmapped
2005102,N/A,Unmapped
2005103,N/A,Unmapped
2005104,N/A,Unmapped
2005105,N/A,Unmapped
2005106,N/A,Unmapped
2005171,165389,Mapped
2005172,165390,Mapped
2005174,139802,Mapped
2005176,140464,Mapped
2005177,140930,Mapped
2005179,N/A,Unmapped
2005181,141052,Mapped
2005200,140432,Mapped
2005229,139968,Mapped
2005230,139969,Mapped
2005231,139970,Mapped
2005232,139935,Mapped
2005246,141060,Mapped
2005252,142211,Mapped
2005253,142322,Mapped
2005254,142321,Mapped
2005255,142212,Mapped
2005256,142213,Mapped
2005273,147530,Mapped
2005274,140881,Mapped
2005275,151417,Mapped
2005276,151419,Mapped
2005277,151418,Mapped
2005278,140890,Mapped
2005323,141151,Mapped
2005324,146356,Mapped
2005325,146357,Mapped
2005327,140993,Mapped
2005328,144460,Mapped
2005329,144463,Mapped
2005331,144462,Mapped
2005332,144464,Mapped
2005333,144465,Mapped
2005335,140990,Mapped
2005336,140992,Mapped
2005340,141003,Mapped
2005341,141004,Mapped
2005349,141005,Mapped
2005353,146358,Mapped
2005354,145731,Mapped
2005680,153630,Mapped
2005682,153632,Mapped
2005689,153640,Mapped
2005690,153641,Mapped
2005691,N/A,Unmapped
2005693,153643,Mapped
2005694,N/A,Unmapped
2005699,N/A,Unmapped
2005721,153801,Mapped
2005723,N/A,Unmapped
2005725,153669,Mapped
2005726,153670,Mapped
2005731,159116,Mapped
2005737,153492,Mapped
2005738,153478,Mapped
2005740,153480,Mapped
2005742,153482,Mapped
2005744,153484,Mapped
2005747,153487,Mapped
2005748,153488,Mapped
2005755,N/A,Unmapped
2005775,N/A,Unmapped
2005793,140987,Mapped
2005794,140986,Mapped
2005801,141064,Mapped
2005802,139982,Mapped
2005803,144686,Mapped
2005804,144687,Mapped
2005805,144688,Mapped
2005806,144689,Mapped
2005807,144690,Mapped
2005810,141028,Mapped
2005811,141029,Mapped
2005812,140913,Mapped
2006035,140279,Mapped
2006041,140059,Mapped
2006057,141050,Mapped
2006059,149116,Mapped
2006061,149561,Mapped
2006063,149563,Mapped
2006064,149564,Mapped
2006065,149565,Mapped
2006066,149566,Mapped
2006067,149567,Mapped
2006068,150034,Mapped
2006069,150101,Mapped
2006070,149568,Mapped
2006074,150053,Mapped
2006075,149961,Mapped
2006076,N/A,Unmapped
2006077,150057,Mapped
2006078,149571,Mapped
2006080,149573,Mapped
2006082,149574,Mapped
2006083,149575,Mapped
2006084,149576,Mapped
2006086,149578,Mapped
2006087,149579,Mapped
2006089,149581,Mapped
2006090,149582,Mapped
2006091,149583,Mapped
2006092,149584,Mapped
2006093,149585,Mapped
2006094,149586,Mapped
2006096,149588,Mapped
2006097,149589,Mapped
2006099,149591,Mapped
2006100,149592,Mapped
2006101,149593,Mapped
2006102,149594,Mapped
2006106,150049,Mapped
2006107,150065,Mapped
2006108,150035,Mapped
2006109,149596,Mapped
2006110,149597,Mapped
2006111,149598,Mapped
2006112,149599,Mapped
2006113,149600,Mapped
2006114,149601,Mapped
2006115,149602,Mapped
2006117,149604,Mapped
2006118,149605,Mapped
2006132,150058,Mapped
2006133,150115,Mapped
2006134,150066,Mapped
2006135,149976,Mapped
2006136,150093,Mapped
2006137,150051,Mapped
2006138,149608,Mapped
2006139,149609,Mapped
2006140,149610,Mapped
2006141,149611,Mapped
2006142,149612,Mapped
2006143,149613,Mapped
2006144,149614,Mapped
2006145,149615,Mapped
2006146,149616,Mapped
2006147,149617,Mapped
2006148,149618,Mapped
2006149,149619,Mapped
2006150,149620,Mapped
2006151,149621,Mapped
2006152,149622,Mapped
2006153,149624,Mapped
2006154,149623,Mapped
2006155,149625,Mapped
2006156,149626,Mapped
2006157,149628,Mapped
2006158,149627,Mapped
2006159,149629,Mapped
2006160,149630,Mapped
2006161,149631,Mapped
2006162,149632,Mapped
2006163,149633,Mapped
2006164,149634,Mapped
2006165,149635,Mapped
2006166,149636,Mapped
2006167,150067,Mapped
2006168,150068,Mapped
2006169,150037,Mapped
2006170,150045,Mapped
2006172,149637,Mapped
2006175,149641,Mapped
2006177,149643,Mapped
2006178,149644,Mapped
2006179,149645,Mapped
2006180,149646,Mapped
2006181,149647,Mapped
2006182,149648,Mapped
2006189,149655,Mapped
2006194,149660,Mapped
2006196,149662,Mapped
2006197,149663,Mapped
2006203,149667,Mapped
2006204,149668,Mapped
2006205,149669,Mapped
2006209,149671,Mapped
2006210,149672,Mapped
2006211,149673,Mapped
2006213,149674,Mapped
2006214,149675,Mapped
2006247,141057,Mapped
2006248,141058,Mapped
2006249,141059,Mapped
2006250,140060,Mapped
2006277,141049,Mapped
2006279,N/A,Unmapped
2006284,141139,Mapped
2006285,146407,Mapped
2006286,146408,Mapped
2006287,146385,Mapped
2006288,146386,Mapped
2006289,141008,Mapped
2006290,146403,Mapped
2006291,146392,Mapped
2006292,141009,Mapped
2006293,146393,Mapped
2006294,146387,Mapped
2006295,146404,Mapped
2006296,146405,Mapped
2006297,146394,Mapped
2006298,146398,Mapped
2006299,146384,Mapped
2006300,141007,Mapped
2006301,146388,Mapped
2006302,146399,Mapped
2006303,144497,Mapped
2006304,144993,Mapped
2006365,150047,Mapped
2006367,141062,Mapped
2006368,141055,Mapped
2006369,140997,Mapped
2006370,140998,Mapped
2006375,140922,Mapped
2006376,140921,Mapped
2006377,141046,Mapped
2006378,141045,Mapped
2006380,141173,Mapped
2006535,140224,Mapped
2006536,140984,Mapped
2006537,140886,Mapped
2006539,140979,Mapped
2006544,140985,Mapped
2006546,141036,Mapped
2006563,155860,Mapped
2006564,142815,Mapped
2006565,142816,Mapped
2006567,140406,Mapped
2006569,143712,Mapped
2006571,143610,Mapped
2006576,141037,Mapped
2006577,N/A,Unmapped
2006578,N/A,Unmapped
2006579,N/A,Unmapped
2006580,N/A,Unmapped
2006581,N/A,Unmapped
2006582,N/A,Unmapped
2006583,N/A,Unmapped
2006584,N/A,Unmapped
2006585,N/A,Unmapped
2006586,N/A,Unmapped
2006587,N/A,Unmapped
2006588,N/A,Unmapped
2006589,N/A,Unmapped
2006590,N/A,Unmapped
2006593,147645,Mapped
2006594,147665,Mapped
2006595,141140,Mapped
2006596,141141,Mapped
2006597,146406,Mapped
2006616,140462,Mapped
2006625,140994,Mapped
2006626,140996,Mapped
2006627,140978,Mapped
2006629,140567,Mapped
2006630,140565,Mapped
2006631,142251,Mapped
2006633,140566,Mapped
2006634,140564,Mapped
2006635,140563,Mapped
2006636,140561,Mapped
2007044,141065,Mapped
2007045,140408,Mapped
2007046,140407,Mapped
2007047,147052,Mapped
2007051,151347,Mapped
2007052,151313,Mapped
2007056,140989,Mapped
2007057,147684,Mapped
2007058,140465,Mapped
2007059,140262,Mapped
2007060,140265,Mapped
2007061,140263,Mapped
2007062,140274,Mapped
2007063,140270,Mapped
2007064,140269,Mapped
2007065,140266,Mapped
2007066,140268,Mapped
2007067,140273,Mapped
2007068,140272,Mapped
2007071,140271,Mapped
2007073,140267,Mapped
2007080,141033,Mapped
2007081,140490,Mapped
2007082,151424,Mapped
2007083,151301,Mapped
2007084,151425,Mapped
2007085,151308,Mapped
2007086,151310,Mapped
2007087,151306,Mapped
2007088,151305,Mapped
2007089,151307,Mapped
2007090,151300,Mapped
2007091,151303,Mapped
2007093,151302,Mapped
2007095,143697,Mapped
2007096,143701,Mapped
2007097,143703,Mapped
2007098,143714,Mapped
2007110,156104,Mapped
2007115,154779,Mapped
2007133,147001,Mapped
2007134,147002,Mapped
2007135,147003,Mapped
2007136,141056,Mapped
2007137,141051,Mapped
2007139,141054,Mapped
2007538,140926,Mapped
2007547,140946,Mapped
2007564,141893,Mapped
2007565,141894,Mapped
2007566,141895,Mapped
2007567,141896,Mapped
2007577,141871,Mapped
2007579,141349,Mapped
2007582,142860,Mapped
2007584,142306,Mapped
2007592,141390,Mapped
2007725,141897,Mapped
2007735,N/A,Unmapped
2007737,142050,Mapped
2007738,142051,Mapped
2007739,142053,Mapped
2007740,141905,Mapped
2007741,141987,Mapped
2007779,142012,Mapped
2007780,142013,Mapped
2007781,142014,Mapped
2007782,142052,Mapped
2007783,142054,Mapped
2007784,142055,Mapped
2007785,142056,Mapped
2007787,N/A,Unmapped
2007788,N/A,Unmapped
2007796,142018,Mapped
2007797,142019,Mapped
2007798,142252,Mapped
2007799,142253,Mapped
2007802,141994,Mapped
2007809,143165,Mapped
2007813,143266,Mapped
2007830,142254,Mapped
2007834,144315,Mapped
2007842,142863,Mapped
2007847,143902,Mapped
2007848,143898,Mapped
2007849,142241,Mapped
2007850,142263,Mapped
2007851,142178,Mapped
2007852,142704,Mapped
2007853,142264,Mapped
2007855,142915,Mapped
2007856,142916,Mapped
2007858,142918,Mapped
2007859,142919,Mapped
2007860,142921,Mapped
2007861,142920,Mapped
2007862,156797,Mapped
2007863,156791,Mapped
2007864,156799,Mapped
2007865,156800,Mapped
2007866,144290,Mapped
2007867,153954,Mapped
2007868,153957,Mapped
2007869,155728,Mapped
2007876,147935,Mapped
2007877,147934,Mapped
2007878,143520,Mapped
2007879,143274,Mapped
2007880,143832,Mapped
2007881,143834,Mapped
2007882,143835,Mapped
2007883,143837,Mapped
2007884,143836,Mapped
2007885,143838,Mapped
2007886,143839,Mapped
2007887,143840,Mapped
2007888,143843,Mapped
2007889,143842,Mapped
2007890,143844,Mapped
2007891,143846,Mapped
2007892,143841,Mapped
2007895,143277,Mapped
2007897,143278,Mapped
2007908,143780,Mapped
2007910,143788,Mapped
2007913,143183,Mapped
2007918,147561,Mapped
2007927,143286,Mapped
2007928,143135,Mapped
2007932,145757,Mapped
2007933,145760,Mapped
2007934,145761,Mapped
2007943,143290,Mapped
2007944,143289,Mapped
2007945,143291,Mapped
2007946,143292,Mapped
2007947,143293,Mapped
2007950,147965,Mapped
2007954,144526,Mapped
2007955,144475,Mapped
2007957,143423,Mapped
2007958,143296,Mapped
2007959,144642,Mapped
2007963,143424,Mapped
2007964,148073,Mapped
2007965,148107,Mapped
2007969,143297,Mapped
2007970,143298,Mapped
2007971,143299,Mapped
2007972,143301,Mapped
2007984,143300,Mapped
2007985,144082,Mapped
2007986,144079,Mapped
2007990,144280,Mapped
2008037,156918,Mapped
2008043,156922,Mapped
2008047,156924,Mapped
2008048,156925,Mapped
2008053,162569,Mapped
2008060,143143,Mapped
2008066,144192,Mapped
2008069,140914,Mapped
2008070,140917,Mapped
2008071,140916,Mapped
2008072,140918,Mapped
2008073,140920,Mapped
2008074,140919,Mapped
2008075,140915,Mapped
2008076,141311,Mapped
2008077,141048,Mapped
2008079,141040,Mapped
2008082,143302,Mapped
2008084,143303,Mapped
2008085,143305,Mapped
2008088,143308,Mapped
2008093,140938,Mapped
2008094,140482,Mapped
2008095,140937,Mapped
2008096,140936,Mapped
2008097,140935,Mapped
2008098,140933,Mapped
2008099,140932,Mapped
2008100,140934,Mapped
2008103,140902,Mapped
2008104,140900,Mapped
2008105,140903,Mapped
2008109,144292,Mapped
2008110,142046,Mapped
2008111,142048,Mapped
2008112,141879,Mapped
2008113,141870,Mapped
2008115,142009,Mapped
2008116,143309,Mapped
2008222,155727,Mapped
2008246,142235,Mapped
2008247,142234,Mapped
2008248,142725,Mapped
2008259,142255,Mapped
2008262,N/A,Unmapped
2008271,142943,Mapped
2008272,142944,Mapped
2008273,142945,Mapped
2008274,142946,Mapped
2008275,142947,Mapped
2008279,142722,Mapped
2008289,147936,Mapped
2008295,143314,Mapped
2008298,143316,Mapped
2008299,143318,Mapped
2008301,143320,Mapped
2008319,N/A,Unmapped
2008320,N/A,Unmapped
2008321,144827,Mapped
2008322,144828,Mapped
2008323,144829,Mapped
2008324,144830,Mapped
2008325,144831,Mapped
2008326,144832,Mapped
2008327,143187,Mapped
2008328,143186,Mapped
2008335,143796,Mapped
2008361,147748,Mapped
2008364,144774,Mapped
2008365,146858,Mapped
2008366,147014,Mapped
2008367,144758,Mapped
2008368,147013,Mapped
2008370,143327,Mapped
2008374,144341,Mapped
2008377,143876,Mapped
2008378,143875,Mapped
2008388,144540,Mapped
2008389,144544,Mapped
2008391,144542,Mapped
2008392,144541,Mapped
2008393,144342,Mapped
2008394,144333,Mapped
2008395,144345,Mapped
2008396,144331,Mapped
2008397,144346,Mapped
2008398,144348,Mapped
2008399,147957,Mapped
2008400,147958,Mapped
2008401,147959,Mapped
2008405,144517,Mapped
2008412,144763,Mapped
2008431,144496,Mapped
2008432,144499,Mapped
2008433,144495,Mapped
2008444,143831,Mapped
2008445,143861,Mapped
2008452,153287,Mapped
2008453,153284,Mapped
2008455,143903,Mapped
2008456,143900,Mapped
2008536,140949,Mapped
2008549,143696,Mapped
2008550,143693,Mapped
2008551,140471,Mapped
2008554,141039,Mapped
2008697,143332,Mapped
2008822,144457,Mapped
2008823,144458,Mapped
2008824,144456,Mapped
2008827,141312,Mapped
2008841,142063,Mapped
2008843,142023,Mapped
2009035,140906,Mapped
2009037,140923,Mapped
2009038,140924,Mapped
2009059,149678,Mapped
2009062,141347,Mapped
2009063,141348,Mapped
2009064,142207,Mapped
2009065,142802,Mapped
2009068,142805,Mapped
2009069,141872,Mapped
2009070,142182,Mapped
2009071,141906,Mapped
2009072,141907,Mapped
2009073,141898,Mapped
2009074,141899,Mapped
2009075,141900,Mapped
2009076,141901,Mapped
2009179,150547,Mapped
2009180,150448,Mapped
2009181001,141993,Mapped
2009181002,141995,Mapped
2009189001,141996,Mapped
2009189002,141997,Mapped
2009189003,156172,Mapped
2009190,143338,Mapped
2009192,144490,Mapped
2009193,145006,Mapped
2009194,145001,Mapped
2009195,144493,Mapped
2009199,144298,Mapped
2009200,161855,Mapped
2009201,161856,Mapped
2009203,143170,Mapped
2009213,142025,Mapped
2009218,155733,Mapped
2009220,155732,Mapped
2009221,155734,Mapped
2009223,155737,Mapped
2009224,144371,Mapped
2009227,142219,Mapped
2009230,142220,Mapped
2009262,142184,Mapped
2009461,142866,Mapped
2009464,142180,Mapped
2009466,142719,Mapped
2009467,142718,Mapped
2009468,142817,Mapped
2009469,142819,Mapped
2009470,143339,Mapped
2009472,142715,Mapped
2009474,146755,Mapped
2009475,146754,Mapped
2009476,146756,Mapped
2009478,146761,Mapped
2009479,146759,Mapped
2009490,142844,Mapped
2009491,144487,Mapped
2009492,143340,Mapped
2009493,143141,Mapped
2009494,143138,Mapped
2009495,142748,Mapped
2009496,142721,Mapped
2009497,142710,Mapped
2009499,144534,Mapped
2009513,142780,Mapped
2009514,142781,Mapped
2009519,143833,Mapped
2009520,143341,Mapped
2009525,147749,Mapped
2009526,147750,Mapped
2009527,147751,Mapped
2009528,147752,Mapped
2009529,147753,Mapped
2009530,147754,Mapped
2009536,143344,Mapped
2009537,143345,Mapped
2009538,144316,Mapped
2009539,151355,Mapped
2009541,151358,Mapped
2009553,147755,Mapped
2009554,141038,Mapped
2009555,147756,Mapped
2009556,147757,Mapped
2009557,147758,Mapped
2009564,143346,Mapped
2009565,143347,Mapped
2009618,140477,Mapped
2009619,140472,Mapped
2009620,140491,Mapped
2009622,140484,Mapped
2009623,140492,Mapped
2009624,140481,Mapped
2009659,147938,Mapped
2009679,142057,Mapped
2009680,142058,Mapped
2009683,141902,Mapped
2009684,141903,Mapped
2009820,142222,Mapped
2009821,142223,Mapped
2009826,142257,Mapped
2009827,142256,Mapped
2009859,144960,Mapped
2009862,N/A,Unmapped
2009878,142867,Mapped
2009879,142868,Mapped
2009880,142869,Mapped
2009881,142870,Mapped
2009883,142717,Mapped
2009884,142713,Mapped
2009885,143348,Mapped
2009908,142720,Mapped
2009909,143137,Mapped
2009910,143136,Mapped
2009911,144336,Mapped
2009912,144334,Mapped
2009913,144338,Mapped
2009914,146370,Mapped
2009915,143184,Mapped
2009945,143349,Mapped
2009947,143351,Mapped
2009951,143521,Mapped
2009952,144768,Mapped
2009953,150658,Mapped
2009954,150659,Mapped
2009956,143355,Mapped
2009957,144081,Mapped
2009958,146167,Mapped
2009959,144188,Mapped
2009960,144189,Mapped
2009961,143356,Mapped
2009962,143357,Mapped
2009963,147579,Mapped
2009964,147578,Mapped
2009965,147580,Mapped
2009966,147581,Mapped
2009971,143830,Mapped
2009974,143901,Mapped
2010038,140947,Mapped
2010039,141989,Mapped
2010043,142806,Mapped
2010045,142807,Mapped
2010046,142808,Mapped
2010047,142809,Mapped
2010048,142810,Mapped
2010050,142811,Mapped
2010058,142716,Mapped
2010059,142708,Mapped
2010060,141868,Mapped
2010069,142033,Mapped
2010075,142040,Mapped
2010078,142041,Mapped
2010117,144374,Mapped
2010119,143358,Mapped
2010120,143359,Mapped
2010121,142712,Mapped
2010122,144370,Mapped
2010123,143360,Mapped
2010128,142259,Mapped
2010130,142260,Mapped
2010131,142261,Mapped
2010132,142316,Mapped
2010136,142188,Mapped
2010140,165328,Mapped
2010141,165329,Mapped
2010145,142240,Mapped
2010156,142243,Mapped
2010157,142244,Mapped
2010158,142245,Mapped
2010159,142246,Mapped
2010162,142190,Mapped
2010163,142196,Mapped
2010164,142187,Mapped
2010165,157934,Mapped
2010166,157937,Mapped
2010168,142933,Mapped
2010170,142936,Mapped
2010176,142714,Mapped
2010179,142707,Mapped
2010180,142736,Mapped
2010183,143363,Mapped
2010184,143364,Mapped
2010185,143365,Mapped
2010186,143366,Mapped
2010187,143367,Mapped
2010188,143368,Mapped
2010189,143369,Mapped
2010191,143371,Mapped
2010192,143372,Mapped
2010193,143373,Mapped
2010194,143374,Mapped
2010195,143375,Mapped
2010196,143376,Mapped
2010197,143377,Mapped
2010200,149020,Mapped
2010204,144343,Mapped
2010205,144344,Mapped
2010206,144339,Mapped
2010213,143381,Mapped
2010214,143382,Mapped
2010215,143383,Mapped
2010216,143384,Mapped
2010217,143385,Mapped
2010218,143146,Mapped
2010226,144833,Mapped
2010227,153950,Mapped
2010228,144834,Mapped
2010236,143391,Mapped
2010237,143392,Mapped
2010535,155738,Mapped
2010599,N/A,Unmapped
2010600,142047,Mapped
2010601,147073,Mapped
2010602,147068,Mapped
2010603,147069,Mapped
2010604,147070,Mapped
2010605,142208,Mapped
2010705,143395,Mapped
2010706,143394,Mapped
2010707,143396,Mapped
2010713,N/A,Unmapped
2010714,N/A,Unmapped
2010759,143680,Mapped
2010760,143681,Mapped
2010780,143596,Mapped
2011220,142871,Mapped
2011223,142874,Mapped
2011228,N/A,Unmapped
2011229,N/A,Unmapped
2011230,N/A,Unmapped
2011231,N/A,Unmapped
2011232,N/A,Unmapped
2011233,N/A,Unmapped
2011235,142320,Mapped
2011236,142319,Mapped
2011237,164997,Mapped
2011238,164996,Mapped
2011239,164998,Mapped
2011240,N/A,Unmapped
2011245,143398,Mapped
2011257,148024,Mapped
2011258,147562,Mapped
2011259,147563,Mapped
2011260,147564,Mapped
2011261,147565,Mapped
2011262,147566,Mapped
2011263,147567,Mapped
2011264,147568,Mapped
2011265,147569,Mapped
2011266,147560,Mapped
2011267,147570,Mapped
2011268,147571,Mapped
2011269,147572,Mapped
2011273,143514,Mapped
2011290,144769,Mapped
2011291,144762,Mapped
2011292,143905,Mapped
2011293,143904,Mapped
2011294,143825,Mapped
2011306,144211,Mapped
2011307,144212,Mapped
2011308,144213,Mapped
2011309,144214,Mapped
2011310,144215,Mapped
2011311,144216,Mapped
2011312,144217,Mapped
2011313,144218,Mapped
2011314,144221,Mapped
2011315,144223,Mapped
2011316,144219,Mapped
2011317,144220,Mapped
2011318,144222,Mapped
2011319,144224,Mapped
2011320,144225,Mapped
2011322,144228,Mapped
2011327,143894,Mapped
2011535,143139,Mapped
2011536,143896,Mapped
2011537,143402,Mapped
2011538,143403,Mapped
2011539,143404,Mapped
2011540,143405,Mapped
2011544,143410,Mapped
2011545,143409,Mapped
2011556,144772,Mapped
2011557,144767,Mapped
2011559,144478,Mapped
2011561,144476,Mapped
2011565,143416,Mapped
2011566,143417,Mapped
2011591001,143473,Mapped
2011591002,143471,Mapped
2011591003,143472,Mapped
2011592001,143517,Mapped
2011592002,143516,Mapped
2011595,144636,Mapped
2011599,143850,Mapped
2011602,143600,Mapped
2011603,148839,Mapped
2011606,163729,Mapped
2011620,143605,Mapped
2011622,143606,Mapped
2011624,143603,Mapped
2011625,144484,Mapped
2011633,143899,Mapped
2011634,143869,Mapped
2011635,143867,Mapped
2011636,143868,Mapped
2012176,143569,Mapped
2012180,143571,Mapped
2012181,143827,Mapped
2012183,144227,Mapped
2012184,144229,Mapped
2012185,144230,Mapped
2012186,144231,Mapped
2012187,144232,Mapped
2012188,144233,Mapped
2012189,144234,Mapped
2012190,144235,Mapped
2012191,144236,Mapped
2012192,144237,Mapped
2012193,144238,Mapped
2012194,144239,Mapped
2012195,144240,Mapped
2012196,144241,Mapped
2012197,144243,Mapped
2012199,144242,Mapped
2012200,143848,Mapped
2012201,144244,Mapped
2012536,144086,Mapped
2012537,144089,Mapped
2012538,144090,Mapped
2012539,144091,Mapped
2013035,147197,Mapped
2013036,147198,Mapped
2013038,144138,Mapped
2013040,144141,Mapped
2013091,144084,Mapped
2013119,144961,Mapped
2013620,144143,Mapped
2013621,144144,Mapped
2014147,144116,Mapped
2014566,144454,Mapped
2014567,144453,Mapped
2014574,144194,Mapped
2015035,144115,Mapped
2016038,144260,Mapped
2016535,144147,Mapped
2017035,144158,Mapped
2017036,144159,Mapped
2017037,144612,Mapped
2017038,144195,Mapped
2017046,149157,Mapped
2017047,149149,Mapped
2017048,149158,Mapped
2017049,149159,Mapped
2017050,149155,Mapped
2017054,148838,Mapped
2017055,148837,Mapped
2017066,144003,Mapped
2017073,147096,Mapped
2017074,147097,Mapped
2017076,144011,Mapped
2017078,144012,Mapped
2017079,144013,Mapped
2017081,144015,Mapped
2017082,144016,Mapped
2017083,144018,Mapped
2017085,144117,Mapped
2017086,144118,Mapped
2017087,144613,Mapped
2017094,144095,Mapped
2017095,144099,Mapped
2017096,144098,Mapped
2017103,N/A,Unmapped
2017105,N/A,Unmapped
2017114,N/A,Unmapped
2017115,N/A,Unmapped
2017116,N/A,Unmapped
2017155,146499,Mapped
2017156,146498,Mapped
2017180,149870,Mapped
2017181,144326,Mapped
2017215,144335,Mapped
2017216,145562,Mapped
2017217,144637,Mapped
2017218,144661,Mapped
2017226,148146,Mapped
2017228,148147,Mapped
2017229,148148,Mapped
2017233,148143,Mapped
2017234,148144,Mapped
2017235,148145,Mapped
2017242,144839,Mapped
2017243,144843,Mapped
2017244,144841,Mapped
2017427,147233,Mapped
2017428,147231,Mapped
2017429,148112,Mapped
2017430,147232,Mapped
2017431,144848,Mapped
2017436,144814,Mapped
2017437,144872,Mapped
2017438,144874,Mapped
2017440,148787,Mapped
2017443,148777,Mapped
2017445,148775,Mapped
2017450,144956,Mapped
2017459,161330,Mapped
2017460,161331,Mapped
2017461,161332,Mapped
2017462,161333,Mapped
2017463,161374,Mapped
2017464,145370,Mapped
2017465,148772,Mapped
2017466,148766,Mapped
2017467,148768,Mapped
2017468,148770,Mapped
2017469,148779,Mapped
2017470,153823,Mapped
2017471,147933,Mapped
2017472,154464,Mapped
2017473,149102,Mapped
2017474,154463,Mapped
2017475,145563,Mapped
2017476,145564,Mapped
2017477,144958,Mapped
2017478,144959,Mapped
2017486,147511,Mapped
2017488,147504,Mapped
2017489,147512,Mapped
2017490,147509,Mapped
2017492,145373,Mapped
2017493,145374,Mapped
2017498,145683,Mapped
2017500,145685,Mapped
2017504,145687,Mapped
2017505,145688,Mapped
2017506,145689,Mapped
2017507,145690,Mapped
2017508,145691,Mapped
2017509,145692,Mapped
2017510,145693,Mapped
2017512,145695,Mapped
2017513,145696,Mapped
2017516,145699,Mapped
2017518,145701,Mapped
2017521,153576,Mapped
2017523,153577,Mapped
2017524,153578,Mapped
2017526,145807,Mapped
2017531,145837,Mapped
2017535,144614,Mapped
2017538,144970,Mapped
2017539,144968,Mapped
2017540,145680,Mapped
2017541,144966,Mapped
2017547,144094,Mapped
2017548,144096,Mapped
2017549,144092,Mapped
2017569,144377,Mapped
2017570,144160,Mapped
2017571,144161,Mapped
2017572,144162,Mapped
2017575,144180,Mapped
2017576,144181,Mapped
2017577,144294,Mapped
2017578,144075,Mapped
2017584,148038,Mapped
2017589,144549,Mapped
2017590,144449,Mapped
2017591,144450,Mapped
2017592,144452,Mapped
2017593,144451,Mapped
2017598,144337,Mapped
2017602,147135,Mapped
2017603,147136,Mapped
2017606,144437,Mapped
2017622,144965,Mapped
2017623,149861,Mapped
2017624,167921,Mapped
2017625,149868,Mapped
2017626,149865,Mapped
2017628,149852,Mapped
2017632,149850,Mapped
2017633,151518,Mapped
2017635,149869,Mapped
2017636,149858,Mapped
2017638,144488,Mapped
2017669,144705,Mapped
2017670,144704,Mapped
2017671,146594,Mapped
2017682,159837,Mapped
2017683,149871,Mapped
2017686,149856,Mapped
2017687,147797,Mapped
2017688,147798,Mapped
2017689,144328,Mapped
2017690,144330,Mapped
2017691,144327,Mapped
2017692,144361,Mapped
2017693,144362,Mapped
2017694,144332,Mapped
2017695,144546,Mapped
2017696,144551,Mapped
2017700,148164,Mapped
2017730,150387,Mapped
2017731,150391,Mapped
2017732,150392,Mapped
2017733,150388,Mapped
2017735,150400,Mapped
2017736,150401,Mapped
2017742,150403,Mapped
2017743,150402,Mapped
2017744,150405,Mapped
2017745,150404,Mapped
2017749,150409,Mapped
2017750,150410,Mapped
2017751,150411,Mapped
2017752,150412,Mapped
2017753,150413,Mapped
2017754,150417,Mapped
2017755,150414,Mapped
2017756,150415,Mapped
2017757,150416,Mapped
2017758,150418,Mapped
2017759,150419,Mapped
2017760,150420,Mapped
2017761,150421,Mapped
2017763,150423,Mapped
2017764,150424,Mapped
2017765,150425,Mapped
2017766,150426,Mapped
2017767,150427,Mapped
2017770,150430,Mapped
2017771,150431,Mapped
2017774,150434,Mapped
2017775,150435,Mapped
2017776,150436,Mapped
2017777,150437,Mapped
2017778,144662,Mapped
2017780,144561,Mapped
2017781,144552,Mapped
2017782,151151,Mapped
2017783,144553,Mapped
2017789,144842,Mapped
2017790,150686,Mapped
2017801,150688,Mapped
2017808,144773,Mapped
2017810,144775,Mapped
2017811,144765,Mapped
2017812,146296,Mapped
2017813,144852,Mapped
2017814,144875,Mapped
2017815,144876,Mapped
2017816,144877,Mapped
2017817,144878,Mapped
2017818,144879,Mapped
2017819,144880,Mapped
2017821,144853,Mapped
2017822,144859,Mapped
2017823,144860,Mapped
2017824,144861,Mapped
2017825,144862,Mapped
2017826,144863,Mapped
2017827,144912,Mapped
2017836,144766,Mapped
2017837,148126,Mapped
2017840,149322,Mapped
2017841,149323,Mapped
2017842,149324,Mapped
2017843,148076,Mapped
2017844,148094,Mapped
2017845,144881,Mapped
2017846,144882,Mapped
2017847,144884,Mapped
2017849,144886,Mapped
2017851,144888,Mapped
2017852,144889,Mapped
2017855,144893,Mapped
2017856,144895,Mapped
2017863,148785,Mapped
2017865,144781,Mapped
2017882,148084,Mapped
2017883,148104,Mapped
2017884,148138,Mapped
2017885,148108,Mapped
2017886,148118,Mapped
2017887,145379,Mapped
2017888,145380,Mapped
2017889,148172,Mapped
2017890,148171,Mapped
2017891,146579,Mapped
2017892,146580,Mapped
2017893,146582,Mapped
2017894,146581,Mapped
2017896,156099,Mapped
2017957,158987,Mapped
2017958,158988,Mapped
2017960,145707,Mapped
2017962,145710,Mapped
2017965,145712,Mapped
2017973,145713,Mapped
2017974,145714,Mapped
2017975,145715,Mapped
2017976,145716,Mapped
2017977,145717,Mapped
2017978,145718,Mapped
2017984,145815,Mapped
2017987,147221,Mapped
2018036,144246,Mapped
2018037,144247,Mapped
2018038,144248,Mapped
2018039,144249,Mapped
2018040,144250,Mapped
2018041,144251,Mapped
2018042,144252,Mapped
2018043,144253,Mapped
2018075,144256,Mapped
2018076,144255,Mapped
2018078,145954,Mapped
2018080,162699,Mapped
2018081,145567,Mapped
2018082,145955,Mapped
2018092,144969,Mapped
2018093,144353,Mapped
2018098,N/A,Unmapped
2018099,N/A,Unmapped
2018100,N/A,Unmapped
2018111,145572,Mapped
2018112,145956,Mapped
2018113,167264,Mapped
2018114,144372,Mapped
2018116,144351,Mapped
2018117,146502,Mapped
2018118,146505,Mapped
2018155,144615,Mapped
2018156,144616,Mapped
2018157,144617,Mapped
2018158,144618,Mapped
2018159,144663,Mapped
2018165,154637,Mapped
2018167,144917,Mapped
2018168,144918,Mapped
2018169,144919,Mapped
2018170,N/A,Unmapped
2018180,144920,Mapped
2018181,144894,Mapped
2018182,144921,Mapped
2018194,144845,Mapped
2018196,N/A,Unmapped
2018197,144822,Mapped
2018254,147032,Mapped
2018255,147038,Mapped
2018256,147030,Mapped
2018258,144849,Mapped
2018259,144896,Mapped
2018260,144898,Mapped
2018275,144854,Mapped
2018276,161816,Mapped
2018277,147681,Mapped
2018285,148836,Mapped
2018287,148834,Mapped
2018288,148833,Mapped
2018535,144168,Mapped
2018536,144167,Mapped
2018537,144169,Mapped
2018562,149152,Mapped
2018563,149156,Mapped
2018564,149154,Mapped
2018565,149160,Mapped
2018566,149153,Mapped
2018567,149161,Mapped
2018568,149151,Mapped
2018569,149150,Mapped
2018570,144029,Mapped
2018581,144040,Mapped
2018601,144382,Mapped
2018604,144380,Mapped
2018606,144270,Mapped
2018607,144271,Mapped
2018608,144272,Mapped
2018609,144717,Mapped
2018610,144713,Mapped
2018611,144723,Mapped
2018612,144721,Mapped
2018634,144097,Mapped
2018635,144100,Mapped
2018636,144622,Mapped
2018638,144364,Mapped
2018646,144369,Mapped
2018647,146804,Mapped
2018648,144467,Mapped
2018649,144466,Mapped
2018650,144438,Mapped
2018651,144817,Mapped
2018653,144350,Mapped
2018657,144627,Mapped
2018661,144660,Mapped
2018662,144840,Mapped
2018663,144621,Mapped
2018677,144666,Mapped
2018678,144667,Mapped
2018680,154795,Mapped
2018685,156016,Mapped
2018693,N/A,Unmapped
2018694,144656,Mapped
2018695,144641,Mapped
2018696,144628,Mapped
2018697,144629,Mapped
2018698,144630,Mapped
2018699,144638,Mapped
2018700,144639,Mapped
2018701,144640,Mapped
2018709,150689,Mapped
2018712,144670,Mapped
2018713,144671,Mapped
2018714,144846,Mapped
2018717,144673,Mapped
2018718,144675,Mapped
2018746,144864,Mapped
2018747,144764,Mapped
2018752,146521,Mapped
2018753,146522,Mapped
2018754,146523,Mapped
2018755,147074,Mapped
2018756,147075,Mapped
2018757,147077,Mapped
2018758,146524,Mapped
2018759,146525,Mapped
2018762,146527,Mapped
2018763,146528,Mapped
2018764,146529,Mapped
2018765,147078,Mapped
2018766,146530,Mapped
2018767,147079,Mapped
2018768,147080,Mapped
2018769,146531,Mapped
2018770,147081,Mapped
2018771,147082,Mapped
2018774,148109,Mapped
2018775,148095,Mapped
2018776,148075,Mapped
2018777,148110,Mapped
2018778,147499,Mapped
2018779,144855,Mapped
2018784,148767,Mapped
2018785,146168,Mapped
2018792,148085,Mapped
2018793,148103,Mapped
2018796,144901,Mapped
2018797,148063,Mapped
2019012,147223,Mapped
2019014,145984,Mapped
2019017,146500,Mapped
2019018,146501,Mapped
2019019,146507,Mapped
2019020,145371,Mapped
2019028,146165,Mapped
2019029,146256,Mapped
2019035,144111,Mapped
2019036,144112,Mapped
2019037,144093,Mapped
2019038,144113,Mapped
2019039,144114,Mapped
2019044,144053,Mapped
2019045,144054,Mapped
2019065,144175,Mapped
2019066,144177,Mapped
2019074,143526,Mapped
2019075,143525,Mapped
2019076,143532,Mapped
2019156,N/A,Unmapped
2019157,N/A,Unmapped
2019158,N/A,Unmapped
2019166,149860,Mapped
2019177,150156,Mapped
2019179,149855,Mapped
2019181,149846,Mapped
2019184,149851,Mapped
2019193,144643,Mapped
2019194,144644,Mapped
2019195,144645,Mapped
2019196,144646,Mapped
2019197,144647,Mapped
2019198,144648,Mapped
2019199,144520,Mapped
2019200,144521,Mapped
2019204,N/A,Unmapped
2019205,N/A,Unmapped
2019206,N/A,Unmapped
2019207,N/A,Unmapped
2019208,N/A,Unmapped
2019209,N/A,Unmapped
2019210,N/A,Unmapped
2019211,N/A,Unmapped
2019212,N/A,Unmapped
2019213,N/A,Unmapped
2019214,144706,Mapped
2019217,144391,Mapped
2019218,145565,Mapped
2019228,144649,Mapped
2019229,144650,Mapped
2019230,144651,Mapped
2019231,144652,Mapped
2019232,144653,Mapped
2019235,N/A,Unmapped
2019236,144631,Mapped
2019254,153071,Mapped
2019256,153073,Mapped
2019257,153074,Mapped
2019259,153075,Mapped
2019260,153076,Mapped
2019261,153077,Mapped
2019262,153078,Mapped
2019264,153080,Mapped
2019271,144634,Mapped
2019272,144635,Mapped
2019275,144563,Mapped
2019278,144800,Mapped
2019279,144801,Mapped
2019280,144802,Mapped
2019281,144803,Mapped
2019282,144804,Mapped
2019283,144678,Mapped
2019284,144679,Mapped
2019287,144903,Mapped
2019288,156853,Mapped
2019289,156851,Mapped
2019290,144905,Mapped
2019291,144904,Mapped
2019292,144906,Mapped
2019294,144654,Mapped
2019295,144655,Mapped
2019303,144892,Mapped
2019304,144805,Mapped
2019305,144806,Mapped
2019307,144907,Mapped
2019309,144999,Mapped
2019311,145681,Mapped
2019312,144850,Mapped
2019313,144851,Mapped
2019314,144856,Mapped
2019315,144857,Mapped
2019316,148769,Mapped
2019325,146429,Mapped
2019326,146430,Mapped
2019327,146431,Mapped
2019328,146290,Mapped
2019329,146291,Mapped
2019330,146292,Mapped
2019331,146293,Mapped
2019332,146294,Mapped
2019334,146512,Mapped
2019335,146514,Mapped
2019336,146515,Mapped
2019337,146508,Mapped
2019338,144776,Mapped
2019339,144778,Mapped
2019340,144782,Mapped
2019342,148090,Mapped
2019350,148105,Mapped
2019351,148106,Mapped
2019537,144121,Mapped
2019538,144120,Mapped
2019567,144074,Mapped
2019570,144818,Mapped
2019571,144819,Mapped
2019578,144470,Mapped
2019579,144473,Mapped
2019581,144469,Mapped
2019582,144472,Mapped
2019583,144471,Mapped
2019602,144692,Mapped
2019604,144695,Mapped
2019605,144554,Mapped
2019614,144865,Mapped
2019615,150516,Mapped
2019616,150517,Mapped
2019617,144868,Mapped
2019618,144866,Mapped
2019619,144867,Mapped
2019621,144807,Mapped
2019622,144809,Mapped
2019623,144808,Mapped
2019811,148773,Mapped
2019812,148771,Mapped
2019813,144909,Mapped
2019814,144908,Mapped
2019815,144910,Mapped
2019816,144911,Mapped
2019817,144779,Mapped
2019822,N/A,Unmapped
2019831,145372,Mapped
2019836,153347,Mapped
2019837,153360,Mapped
2019838,N/A,Unmapped
2019839,N/A,Unmapped
2019840,N/A,Unmapped
2019874,145980,Mapped
2019875,146691,Mapped
2019879,145964,Mapped
2019885,162615,Mapped
2019886,162614,Mapped
2019887,162642,Mapped
2019893,160060,Mapped
2019894,160059,Mapped
2019895,160058,Mapped
2019896,160057,Mapped
2019901,160027,Mapped
2019902,160026,Mapped
2019903,160025,Mapped
2019904,160024,Mapped
2019905,160019,Mapped
2019906,160047,Mapped
2019909,160045,Mapped
2019910,160032,Mapped
2019911,160031,Mapped
2019912,160030,Mapped
2019913,160029,Mapped
2019914,160028,Mapped
2019915,160033,Mapped
2019919,160072,Mapped
2019920,160035,Mapped
2019927,160036,Mapped
2019929,160038,Mapped
2019930,160039,Mapped
2019931,160040,Mapped
2019932,160041,Mapped
2019933,160042,Mapped
2019935,160044,Mapped
2019936,160048,Mapped
2019937,160049,Mapped
2019938,167299,Mapped
2019939,167297,Mapped
2019940,160050,Mapped
2019941,160051,Mapped
2019942,160052,Mapped
2019946,160023,Mapped
2019947,160022,Mapped
2019949,160183,Mapped
2019950,160021,Mapped
2019963,146205,Mapped
2019964,148111,Mapped
2019965,148077,Mapped
2019966,146197,Mapped
2019967,146198,Mapped
2019968,146199,Mapped
2019969,146201,Mapped
2019970,146200,Mapped
2020023,146555,Mapped
2020024,146556,Mapped
2020025,146557,Mapped
2020036,143976,Mapped
2020037,144101,Mapped
2020038,144102,Mapped
2020039,144103,Mapped
2020040,144104,Mapped
2020041,144106,Mapped
2020042,144368,Mapped
2020043,144367,Mapped
2020044,144365,Mapped
2020045,144366,Mapped
2020051,144445,Mapped
2020052,147464,Mapped
2020054,146504,Mapped
2020055,146503,Mapped
2020058,144498,Mapped
2020059,144433,Mapped
2020060,144530,Mapped
2020061,144527,Mapped
2020062,144528,Mapped
2020063,144531,Mapped
2020064,144532,Mapped
2020065,144529,Mapped
2020066,144680,Mapped
2020067,144681,Mapped
2020068,144682,Mapped
2020069,144683,Mapped
2020070,144684,Mapped
2020071,144685,Mapped
2020073,N/A,Unmapped
2020074,N/A,Unmapped
2020075,N/A,Unmapped
2020076,144992,Mapped
2020077,147515,Mapped
2020078,147516,Mapped
2020081,144974,Mapped
2020082,145566,Mapped
2020087,145991,Mapped
2020090,156552,Mapped
2020098,162618,Mapped
2020109,162620,Mapped
2020115,145770,Mapped
2020124,145766,Mapped
2020131,145774,Mapped
2020137,147102,Mapped
2020151,146576,Mapped
2020152,146806,Mapped
2020673,145000,Mapped
2020677,146204,Mapped
2020687,145384,Mapped
2020688,145385,Mapped
2020689,148116,Mapped
2020690,153579,Mapped
2020691,153655,Mapped
2020692,N/A,Unmapped
2020698,145727,Mapped
2020702,163330,Mapped
2020711,167790,Mapped
2020713,145832,Mapped
2020716,145834,Mapped
2020717,145835,Mapped
2020718,145836,Mapped
2020722,167796,Mapped
2020723,145794,Mapped
2020914,146264,Mapped
2020915,146266,Mapped
2020945,166504,Mapped
2020946,146563,Mapped
2020947,146352,Mapped
2020948,146354,Mapped
2020949,146265,Mapped
2020951,146263,Mapped
2020952,146351,Mapped
2020954,146269,Mapped
2020955,146273,Mapped
2020956,146276,Mapped
2020957,146271,Mapped
2020958,146272,Mapped
2020959,156847,Mapped
2020962,156443,Mapped
2020964,156445,Mapped
2020965,156446,Mapped
2020966,156447,Mapped
2020968,159803,Mapped
2020972,N/A,Unmapped
2020973,N/A,Unmapped
2020974,N/A,Unmapped
2020975,N/A,Unmapped
2020976,N/A,Unmapped
2020977,N/A,Unmapped
2020992,N/A,Unmapped
2020993,N/A,Unmapped
2020996,N/A,Unmapped
2021001,N/A,Unmapped
2021003,N/A,Unmapped
2021012,162671,Mapped
2021014,162673,Mapped
2021020,162678,Mapped
2021022,162680,Mapped
2021023,162681,Mapped
2021026,N/A,Unmapped
2021027,N/A,Unmapped
2021029,N/A,Unmapped
2021031,N/A,Unmapped
2021033,N/A,Unmapped
2021106,146540,Mapped
2021107,145979,Mapped
2021108,146694,Mapped
2021114,145971,Mapped
2021116,146695,Mapped
2021118,145976,Mapped
2021134,148669,Mapped
2021153,147103,Mapped
2021164,161187,Mapped
2021165,163197,Mapped
2021176,147759,Mapped
2021192,145879,Mapped
2021194,146206,Mapped
2021299,162862,Mapped
2021318,146418,Mapped
2021349,146749,Mapped
2021350,146750,Mapped
2021351,146699,Mapped
2021352,146700,Mapped
2021353,146701,Mapped
2021354,146823,Mapped
2021355,147042,Mapped
2021356,146702,Mapped
2021361,N/A,Unmapped
2021362,N/A,Unmapped
2021364,146736,Mapped
2021365,147199,Mapped
2021366,147200,Mapped
2021537,146208,Mapped
2021539,146209,Mapped
2021540,146170,Mapped
2021541,146171,Mapped
2021542,146172,Mapped
2021543,146178,Mapped
2021578,146169,Mapped
2021579,146174,Mapped
2021580,146177,Mapped
2021581,N/A,Unmapped
2021582,167379,Mapped
2021583,167378,Mapped
2021660,148074,Mapped
2021681,151600,Mapped
2021682,146350,Mapped
2021683,146278,Mapped
2021684,146355,Mapped
2021685,146277,Mapped
2021686,146274,Mapped
2021687,146275,Mapped
2021701,146427,Mapped
2021702,146281,Mapped
2021703,146279,Mapped
2021704,146415,Mapped
2021705,146428,Mapped
2021706,146422,Mapped
2021707,146419,Mapped
2021708,146424,Mapped
2021709,146283,Mapped
2021739,146361,Mapped
2021740,146410,Mapped
2021741,146413,Mapped
2021742,146416,Mapped
2021743,146583,Mapped
2021744,146584,Mapped
2021745,146585,Mapped
2021746,146586,Mapped
2021747,146362,Mapped
2021750,146799,Mapped
2021751,146800,Mapped
2021752,146801,Mapped
2021753,146426,Mapped
2021754,146423,Mapped
2021755,146425,Mapped
2021756,146802,Mapped
2021758,146414,Mapped
2021759,146412,Mapped
2021761,146363,Mapped
2021763,146365,Mapped
2021766,146439,Mapped
2021769,157768,Mapped
2021772,146420,Mapped
2021773,146411,Mapped
2021774,146435,Mapped
2021775,146437,Mapped
2021777,146577,Mapped
2021778,146578,Mapped
2021779,146547,Mapped
2021780,146565,Mapped
2021781,146566,Mapped
2021782,146567,Mapped
2021783,146510,Mapped
2021784,N/A,Unmapped
2021785,N/A,Unmapped
2021786,166508,Mapped
2021787,166509,Mapped
2021788,166511,Mapped
2021789,166512,Mapped
2021790,166513,Mapped
2021791,166514,Mapped
2021792,166515,Mapped
2021793,166516,Mapped
2021794,166507,Mapped
2021795,166506,Mapped
2021796,N/A,Unmapped
2021797,N/A,Unmapped
2021798,N/A,Unmapped
2021799,N/A,Unmapped
2021800,N/A,Unmapped
2021803,159340,Mapped
2021804,159338,Mapped
2021805,162430,Mapped
2021806,N/A,Unmapped
2021807,N/A,Unmapped
2021808,146718,Mapped
2021809,146722,Mapped
2021810,146719,Mapped
2021812,146744,Mapped
2021823,146824,Mapped
2021824,147022,Mapped
2021825,147028,Mapped
2021826,147023,Mapped
2022035,145800,Mapped
2022041,145796,Mapped
2022043,147104,Mapped
2022048,145806,Mapped
2022052,167800,Mapped
2022054,145803,Mapped
2022056,151531,Mapped
2022061,146267,Mapped
2022090,155809,Mapped
2022091,155811,Mapped
2022092,155816,Mapped
2022097,155806,Mapped
2022098,155807,Mapped
2022100,155654,Mapped
2022101,146360,Mapped
2022126,146285,Mapped
2022127,146286,Mapped
2022128,146287,Mapped
2022130,146289,Mapped
2022172,146549,Mapped
2022173,146548,Mapped
2022176,159054,Mapped
2022177,159055,Mapped
2022179,146541,Mapped
2022180,146542,Mapped
2022181,146543,Mapped
2022182,146544,Mapped
2022183,146545,Mapped
2022184,146546,Mapped
2022186,146648,Mapped
2022189,146655,Mapped
2022562,154000,Mapped
2022563,154001,Mapped
2022566,N/A,Unmapped
2022567,N/A,Unmapped
2022579,146468,Mapped
2022583,146469,Mapped
2022594,146485,Mapped
2022599,N/A,Unmapped
2022600,N/A,Unmapped
2022604,N/A,Unmapped
2022605,N/A,Unmapped
2022606,N/A,Unmapped
2022607,N/A,Unmapped
2022609,N/A,Unmapped
2022610,N/A,Unmapped
2022611,N/A,Unmapped
2022620,N/A,Unmapped
2022621,N/A,Unmapped
2022622,N/A,Unmapped
2022625,N/A,Unmapped
2022631,N/A,Unmapped
2022632,N/A,Unmapped
2022633,N/A,Unmapped
2022634,N/A,Unmapped
2022635,N/A,Unmapped
2022636,N/A,Unmapped
2022637,N/A,Unmapped
2022640,N/A,Unmapped
2022641,N/A,Unmapped
2022643,N/A,Unmapped
2022647,N/A,Unmapped
2022655,N/A,Unmapped
2022659,166527,Mapped
2022660,166526,Mapped
2022661,N/A,Unmapped
2022675,N/A,Unmapped
2022676,166435,Mapped
2022677,166434,Mapped
2022678,166437,Mapped
2022680,N/A,Unmapped
2022681,N/A,Unmapped
2022683,N/A,Unmapped
2022684,166489,Mapped
2022685,N/A,Unmapped
2022694,N/A,Unmapped
2022701,166458,Mapped
2022702,148098,Mapped
2022704,148064,Mapped
2022705,N/A,Unmapped
2022706,N/A,Unmapped
2022707,N/A,Unmapped
2022708,N/A,Unmapped
2022710,168424,Mapped
2022717,165391,Mapped
2022731,N/A,Unmapped
2022740,N/A,Unmapped
2022743,N/A,Unmapped
2022760,166535,Mapped
2022762,N/A,Unmapped
2022778,N/A,Unmapped
2022783,166530,Mapped
2022788,166464,Mapped
2022789,N/A,Unmapped
2022790,166465,Mapped
2022792,N/A,Unmapped
2022793,166467,Mapped
2022794,166470,Mapped
2022795,166468,Mapped
2022796,166469,Mapped
2022797,166472,Mapped
2022798,166471,Mapped
2022804,N/A,Unmapped
2022805,166475,Mapped
2022808,166477,Mapped
2022809,166481,Mapped
2022810,166479,Mapped
2022811,166480,Mapped
2022812,166483,Mapped
2022813,166482,Mapped
2022814,166485,Mapped
2022815,166503,Mapped
2022816,166484,Mapped
2022817,166488,Mapped
2022818,166487,Mapped
2022824,N/A,Unmapped
2022825,N/A,Unmapped
2022826,N/A,Unmapped
2022828,N/A,Unmapped
2022829,N/A,Unmapped
2022830,N/A,Unmapped
2022838,N/A,Unmapped
2022839,N/A,Unmapped
2022840,N/A,Unmapped
2022841,N/A,Unmapped
2022842,N/A,Unmapped
2022850,N/A,Unmapped
2022852,N/A,Unmapped
2022854,N/A,Unmapped
2022857,N/A,Unmapped
2022858,N/A,Unmapped
2022860,N/A,Unmapped
2022867,N/A,Unmapped
2022868,N/A,Unmapped
2022869,N/A,Unmapped
2022870,N/A,Unmapped
2022872,N/A,Unmapped
2022875,N/A,Unmapped
2022876,N/A,Unmapped
2022877,N/A,Unmapped
2022878,N/A,Unmapped
2022879,N/A,Unmapped
2022880,N/A,Unmapped
2022881,N/A,Unmapped
2022882,N/A,Unmapped
2022883,N/A,Unmapped
2022884,N/A,Unmapped
2022885,N/A,Unmapped
2022886,N/A,Unmapped
2022887,N/A,Unmapped
2022888,N/A,Unmapped
2022889,N/A,Unmapped
2022890,N/A,Unmapped
2022891,N/A,Unmapped
2022892,N/A,Unmapped
2022893,N/A,Unmapped
2022894,N/A,Unmapped
2022895,N/A,Unmapped
2022896,N/A,Unmapped
2022897,N/A,Unmapped
2022898,N/A,Unmapped
2022899,N/A,Unmapped
2022900,N/A,Unmapped
2022901,N/A,Unmapped
2022902,N/A,Unmapped
2022903,N/A,Unmapped
2022904,N/A,Unmapped
2022907,159159,Mapped
2022908,N/A,Unmapped
2022912,N/A,Unmapped
2022913,N/A,Unmapped
2022914,N/A,Unmapped
2022915,N/A,Unmapped
2022916,N/A,Unmapped
2022917,N/A,Unmapped
2022918,N/A,Unmapped
2022919,N/A,Unmapped
2022920,N/A,Unmapped
2022921,N/A,Unmapped
2022922,N/A,Unmapped
2022923,N/A,Unmapped
2022931,N/A,Unmapped
2022935,N/A,Unmapped
2022938,159142,Mapped
2022939,159143,Mapped
2022940,159145,Mapped
2022941,159144,Mapped
2022942,159146,Mapped
2022944,159148,Mapped
2022949,159122,Mapped
2022952,158990,Mapped
2022954,159125,Mapped
2022957,159128,Mapped
2022961,158994,Mapped
2022962,158995,Mapped
2022963,158996,Mapped
2022964,158997,Mapped
2022965,158998,Mapped
2022966,158999,Mapped
2022969,159131,Mapped
2022975,159171,Mapped
2022976,159000,Mapped
2022980,159140,Mapped
2022983,158950,Mapped
2022984,159001,Mapped
2022987,159003,Mapped
2022988,159004,Mapped
2022989,159005,Mapped
2022990,158953,Mapped
2022991,159064,Mapped
2022993,158948,Mapped
2022994,N/A,Unmapped
2023000,N/A,Unmapped
2023001,N/A,Unmapped
2023002,N/A,Unmapped
2023012,N/A,Unmapped
2023013,N/A,Unmapped
2023016,N/A,Unmapped
2023017,N/A,Unmapped
2023018,N/A,Unmapped
2023019,N/A,Unmapped
2023020,N/A,Unmapped
2023021,N/A,Unmapped
2023022,N/A,Unmapped
2023025,N/A,Unmapped
2023032,N/A,Unmapped
2023048,147738,Mapped
2023064,146179,Mapped
2023065,146181,Mapped
2023066,147760,Mapped
2023067,146191,Mapped
2023068,146192,Mapped
2023069,149330,Mapped
2023074,151597,Mapped
2023077,N/A,Unmapped
2023271,146440,Mapped
2023272,146444,Mapped
2023278,146434,Mapped
2023327,146550,Mapped
2023328,149887,Mapped
2023329,149895,Mapped
2023345,148894,Mapped
2023351,146537,Mapped
2023352,146538,Mapped
2023356,146808,Mapped
2023360,146564,Mapped
2023361,146751,Mapped
2023362,146518,Mapped
2023363,146519,Mapped
2023535,N/A,Unmapped
2023547,N/A,Unmapped
2023548,N/A,Unmapped
2023551,N/A,Unmapped
2023552,N/A,Unmapped
2023554,N/A,Unmapped
2023558,N/A,Unmapped
2023562,N/A,Unmapped
2023566,N/A,Unmapped
2023573,N/A,Unmapped
2023574,N/A,Unmapped
2023575,N/A,Unmapped
2023576,N/A,Unmapped
2023578,N/A,Unmapped
2023582,162682,Mapped
2023583,159089,Mapped
2023585,159090,Mapped
2023588,159098,Mapped
2023589,159099,Mapped
2023591,158972,Mapped
2023593,N/A,Unmapped
2023594,N/A,Unmapped
2023596,N/A,Unmapped
2023605,N/A,Unmapped
2023610,N/A,Unmapped
2023616,N/A,Unmapped
2023617,N/A,Unmapped
2023618,N/A,Unmapped
2023619,N/A,Unmapped
2023623,159061,Mapped
2023637,N/A,Unmapped
2023641,N/A,Unmapped
2023642,159072,Mapped
2023646,159076,Mapped
2023650,N/A,Unmapped
2023651,158960,Mapped
2023652,N/A,Unmapped
2023653,N/A,Unmapped
2023654,N/A,Unmapped
2023670,158964,Mapped
2023672,158966,Mapped
2023680,158969,Mapped
2023682,N/A,Unmapped
2023686,N/A,Unmapped
2023690,N/A,Unmapped
2023694,N/A,Unmapped
2023695,N/A,Unmapped
2023699,N/A,Unmapped
2023706,159103,Mapped
2023724,N/A,Unmapped
2023756,159017,Mapped
2023775,159035,Mapped
2023779,159039,Mapped
2023813,146490,Mapped
2023819,146492,Mapped
2023824,146496,Mapped
2023830,146442,Mapped
2023844,N/A,Unmapped
2023846,N/A,Unmapped
2023866,N/A,Unmapped
2023868,N/A,Unmapped
2023908,147501,Mapped
2023909,165888,Mapped
2023947,146720,Mapped
2023950,146651,Mapped
2023951,146862,Mapped
2023952,146708,Mapped
2023953,146709,Mapped
2024036,146711,Mapped
2024037,146712,Mapped
2024537,N/A,Unmapped
2024540,146951,Mapped
2024543,146954,Mapped
2024545,146735,Mapped
2024546,146721,Mapped
2024547,146723,Mapped
2024548,146724,Mapped
2024549,146725,Mapped
2024558,146863,Mapped
2024559,151608,Mapped
2024560,151522,Mapped
2024561,149864,Mapped
2024562,149859,Mapped
2024563,146770,Mapped
2024564,146775,Mapped
2024565,146771,Mapped
2024566,146776,Mapped
2024569,151505,Mapped
2024570,151499,Mapped
2024571,151509,Mapped
2024572,151501,Mapped
2024573,151500,Mapped
2024576,151507,Mapped
2024578,151502,Mapped
2024579,151496,Mapped
2024580,151506,Mapped
2024581,146789,Mapped
2024582,146790,Mapped
2024583,146791,Mapped
2024584,146792,Mapped
2024589,N/A,Unmapped
2024590,150324,Mapped
2024755,156852,Mapped
2024756,156861,Mapped
2024761,156854,Mapped
2024763,156860,Mapped
2024764,147062,Mapped
2024838,162630,Mapped
2024897,147593,Mapped
2024899,147594,Mapped
2024900,157785,Mapped
2024901,157786,Mapped
2024902,157787,Mapped
2024903,157789,Mapped
2024904,157788,Mapped
2024905,157790,Mapped
2024906,157791,Mapped
2024907,157792,Mapped
2024978,147722,Mapped
2024979,147713,Mapped
2024983,148192,Mapped
2024984,148189,Mapped
2024985,148188,Mapped
2025008,149172,Mapped
2025011,147932,Mapped
2025013,151672,Mapped
2025014,151462,Mapped
2025047,146864,Mapped
2025049,146865,Mapped
2025051,146866,Mapped
2025052,151584,Mapped
2025053,149853,Mapped
2025061,146896,Mapped
2025062,146909,Mapped
2025064,N/A,Unmapped
2025068,N/A,Unmapped
2025080,147039,Mapped
2025081,147040,Mapped
2025082,147041,Mapped
2025083,147913,Mapped
2025084,147031,Mapped
2025085,N/A,Unmapped
2025092,147054,Mapped
2025093,147586,Mapped
2025106,149392,Mapped
2025109,147139,Mapped
2025110,147119,Mapped
2025111,147120,Mapped
2025112,147121,Mapped
2025113,147122,Mapped
2025131,147140,Mapped
2025154,153677,Mapped
2025155,153678,Mapped
2025158,147158,Mapped
2025160,147157,Mapped
2025161,147150,Mapped
2025162,147155,Mapped
2025163,147151,Mapped
2025228,148798,Mapped
2025331,164239,Mapped
2025332,164237,Mapped
2025333,164240,Mapped
2025334,147555,Mapped
2025335,147490,Mapped
2025336,147491,Mapped
2025337,147493,Mapped
2025338,147492,Mapped
2025341,150478,Mapped
2025342,N/A,Unmapped
2025343,N/A,Unmapped
2025344,N/A,Unmapped
2025345,147556,Mapped
2025419,147910,Mapped
2025420,147911,Mapped
2025537,146745,Mapped
2025672,146811,Mapped
2025675,159192,Mapped
2025677,146826,Mapped
2025678,146827,Mapped
2025679,146828,Mapped
2025680,146829,Mapped
2025681,146830,Mapped
2025682,146831,Mapped
2025683,146832,Mapped
2025684,146833,Mapped
2025685,146834,Mapped
2025686,146835,Mapped
2025687,146837,Mapped
2025688,146836,Mapped
2025689,146838,Mapped
2025690,146839,Mapped
2025691,146840,Mapped
2025692,146841,Mapped
2025693,146842,Mapped
2025694,146843,Mapped
2025695,146844,Mapped
2025696,146845,Mapped
2025698,146881,Mapped
2025701,N/A,Unmapped
2025708,146905,Mapped
2025709,146904,Mapped
2025711,147914,Mapped
2025715,149063,Mapped
2025716,149064,Mapped
2025717,147174,Mapped
2025718,147173,Mapped
2025722,159448,Mapped
2025724,164288,Mapped
2025726,159453,Mapped
2025728,159456,Mapped
2025729,158808,Mapped
2025730,158809,Mapped
2025735,159458,Mapped
2025736,159459,Mapped
2025737,159460,Mapped
2025738,159461,Mapped
2025739,159462,Mapped
2025740,159463,Mapped
2025741,158811,Mapped
2025742,159464,Mapped
2025743,159465,Mapped
2025745,159527,Mapped
2025747,159468,Mapped
2025749,159469,Mapped
2025750,159470,Mapped
2025755,159475,Mapped
2025756,159476,Mapped
2025763,151516,Mapped
2025764,148119,Mapped
2025769,147610,Mapped
2025770,147662,Mapped
2025771,147598,Mapped
2025773,147599,Mapped
2025774,147600,Mapped
2025775,147614,Mapped
2025776,147216,Mapped
2025777,147601,Mapped
2025778,147602,Mapped
2025780,147603,Mapped
2025809,147604,Mapped
2026120,146793,Mapped
2026121,146726,Mapped
2026122,146728,Mapped
2026123,N/A,Unmapped
2026134,148091,Mapped
2026135,148120,Mapped
2026136,148079,Mapped
2026137,148081,Mapped
2026143,146777,Mapped
2026144,146795,Mapped
2026145,146796,Mapped
2026148,147176,Mapped
2026149,146820,Mapped
2026150,147182,Mapped
2026151,147179,Mapped
2026152,147185,Mapped
2026156,146883,Mapped
2026157,146884,Mapped
2026164,N/A,Unmapped
2026165,N/A,Unmapped
2026166,N/A,Unmapped
2026167,N/A,Unmapped
2026168,N/A,Unmapped
2026171,153955,Mapped
2026172,146867,Mapped
2026173,146868,Mapped
2026174,146869,Mapped
2026181,146870,Mapped
2026182,146871,Mapped
2026183,146892,Mapped
2026199,151163,Mapped
2026200,151164,Mapped
2026212,147730,Mapped
2026213,147728,Mapped
2026214,147736,Mapped
2026221,147916,Mapped
2026222,147917,Mapped
2026254,147061,Mapped
2026256,N/A,Unmapped
2026257,147056,Mapped
2026258,147055,Mapped
2026259,156840,Mapped
2026261,147043,Mapped
2026262,N/A,Unmapped
2026264,N/A,Unmapped
2026265,N/A,Unmapped
2026266,N/A,Unmapped
2026267,N/A,Unmapped
2026268,N/A,Unmapped
2026269,N/A,Unmapped
2026270,N/A,Unmapped
2026274,N/A,Unmapped
2026276,149004,Mapped
2026277,149000,Mapped
2026369,153897,Mapped
2026370,153898,Mapped
2026371,147715,Mapped
2026372,147716,Mapped
2026373,147711,Mapped
2026374,147703,Mapped
2026375,147702,Mapped
2026376,147712,Mapped
2026378,147719,Mapped
2026528,147203,Mapped
2026529,147210,Mapped
2026533,149412,Mapped
2026534,147181,Mapped
2026654,147967,Mapped
2026656,149892,Mapped
2026658,146815,Mapped
2026659,146816,Mapped
2026661,146996,Mapped
2026662,146818,Mapped
2026663,146819,Mapped
2026664,149875,Mapped
2026669,149894,Mapped
2026670,153911,Mapped
2026673,155664,Mapped
2026685,153960,Mapped
2026686,153959,Mapped
2026687,153956,Mapped
2026688,153958,Mapped
2026690,146772,Mapped
2026692,N/A,Unmapped
2026694,N/A,Unmapped
2026738,N/A,Unmapped
2026758,146948,Mapped
2026759,146893,Mapped
2026760,146942,Mapped
2026761,146941,Mapped
2026762,146894,Mapped
2026763,146911,Mapped
2026764,146916,Mapped
2026765,146917,Mapped
2026766,146918,Mapped
2026771,N/A,Unmapped
2026773,N/A,Unmapped
2026774,N/A,Unmapped
2026775,N/A,Unmapped
2026777,N/A,Unmapped
2026778,N/A,Unmapped
2026779,N/A,Unmapped
2026780,N/A,Unmapped
2026781,N/A,Unmapped
2026784,N/A,Unmapped
2026785,N/A,Unmapped
2026786,N/A,Unmapped
2026787,N/A,Unmapped
2026789,N/A,Unmapped
2026809,147044,Mapped
2026810,147045,Mapped
2026811,147046,Mapped
2026812,147047,Mapped
2026813,147035,Mapped
2026918,N/A,Unmapped
2026925,148066,Mapped
2026931,148831,Mapped
2026932,148830,Mapped
2026939,147497,Mapped
2026940,147143,Mapped
2026941,147144,Mapped
2026942,147482,Mapped
2026943,147481,Mapped
2026962,153028,Mapped
2026963,153029,Mapped
2026971,147149,Mapped
2026972,147147,Mapped
2026973,147146,Mapped
2026974,147148,Mapped
2026975,N/A,Unmapped
2026983,N/A,Unmapped
2026984,N/A,Unmapped
2026988,N/A,Unmapped
2026989,147215,Mapped
2026990,147195,Mapped
2026993,148100,Mapped
2026995,N/A,Unmapped
2026996,N/A,Unmapped
2026997,N/A,Unmapped
2026998,N/A,Unmapped
2026999,N/A,Unmapped
2027000,N/A,Unmapped
2027001,N/A,Unmapped
2027002,N/A,Unmapped
2027104,146747,Mapped
2027105,146746,Mapped
2027116,147000,Mapped
2027117,148812,Mapped
2027126,146859,Mapped
2027127,146860,Mapped
2027156,146872,Mapped
2027166,N/A,Unmapped
2027172,N/A,Unmapped
2027218,N/A,Unmapped
2027220,N/A,Unmapped
2027242,N/A,Unmapped
2027284,N/A,Unmapped
2027286,N/A,Unmapped
2027307,N/A,Unmapped
2027310,N/A,Unmapped
2027402,N/A,Unmapped
2027494,N/A,Unmapped
2027515,N/A,Unmapped
2027535,146739,Mapped
2027536,146737,Mapped
2027537,146740,Mapped
2027555,146773,Mapped
2027654,N/A,Unmapped
2027655,N/A,Unmapped
2027656,N/A,Unmapped
2027657,N/A,Unmapped
2027658,N/A,Unmapped
2027659,N/A,Unmapped
2027660,N/A,Unmapped
2027661,N/A,Unmapped
2027662,N/A,Unmapped
2027663,N/A,Unmapped
2027668,146886,Mapped
2027700,159479,Mapped
2027702,159481,Mapped
2027705,159483,Mapped
2027715,147048,Mapped
2028002,N/A,Unmapped
2028008,147205,Mapped
2028009,147206,Mapped
2028010,147207,Mapped
2028011,147208,Mapped
2028041,N/A,Unmapped
2028150,N/A,Unmapped
2028172,N/A,Unmapped
2028174,N/A,Unmapped
2028179,N/A,Unmapped
2028218,N/A,Unmapped
2028225,N/A,Unmapped
2028227,N/A,Unmapped
2028228,N/A,Unmapped
2028237,N/A,Unmapped
2028241,N/A,Unmapped
2028243,N/A,Unmapped
2028249,N/A,Unmapped
2028252,N/A,Unmapped
2028262,N/A,Unmapped
2028269,N/A,Unmapped
2028275,N/A,Unmapped
2028276,N/A,Unmapped
2028287,146873,Mapped
2028289,146875,Mapped
2028290,146876,Mapped
2028291,146877,Mapped
2028292,146878,Mapped
2028293,146779,Mapped
2028294,146778,Mapped
2028295,146783,Mapped
2028296,146774,Mapped
2028298,146879,Mapped
2028299,146880,Mapped
2028314,146821,Mapped
2028315,146822,Mapped
2028317,153321,Mapped
2028334,149453,Mapped
2028341,146943,Mapped
2028357,146944,Mapped
2028360,146946,Mapped
2028363,146945,Mapped
2028433,N/A,Unmapped
2028434,N/A,Unmapped
2028441,N/A,Unmapped
2028442,N/A,Unmapped
2028443,N/A,Unmapped
2028444,N/A,Unmapped
2028445,N/A,Unmapped
2028452,147162,Mapped
2028453,147163,Mapped
2028460,147145,Mapped
2028463,147192,Mapped
2028464,147189,Mapped
2028465,147193,Mapped
2028466,147191,Mapped
2028467,147194,Mapped
2028468,147212,Mapped
2028469,147213,Mapped
2028534,154533,Mapped
2028538,153103,Mapped
2028539,153104,Mapped
2028544,151532,Mapped
2028547,147153,Mapped
2028548,147154,Mapped
2028549,147152,Mapped
2028550,147160,Mapped
2028551,147161,Mapped
2028562,N/A,Unmapped
2028563,N/A,Unmapped
2028564,N/A,Unmapped
2028565,147209,Mapped
2028567,N/A,Unmapped
2028568,N/A,Unmapped
2028569,147723,Mapped
2028570,147220,Mapped
2028671,148092,Mapped
2028672,148115,Mapped
2028673,148121,Mapped
2028674,148082,Mapped
2028675,148086,Mapped
2028676,148101,Mapped
2028677,148113,Mapped
2028707,149174,Mapped
2028708,153333,Mapped
2028709,147908,Mapped
2028710,149331,Mapped
2028711,149333,Mapped
2028712,149332,Mapped
2028781,147984,Mapped
2028782,147902,Mapped
2028783,147906,Mapped
2028784,147903,Mapped
2028785,147905,Mapped
2028787,153037,Mapped
2028793,153042,Mapped
2028795,153044,Mapped
2028806,153053,Mapped
2028812,153056,Mapped
2028813,153058,Mapped
2028816,153060,Mapped
2028837,150161,Mapped
2028838,150159,Mapped
2028839,149065,Mapped
2028840,149066,Mapped
2028841,149118,Mapped
2028842,149120,Mapped
2028843,149119,Mapped
2028844,148178,Mapped
2028856,155693,Mapped
2028857,148067,Mapped
2028858,148102,Mapped
2028859,147770,Mapped
2028860,147791,Mapped
2028861,147790,Mapped
2028862,147788,Mapped
2028863,147789,Mapped
2028864,147775,Mapped
2028865,148203,Mapped
2028866,148204,Mapped
2028867,154057,Mapped
2028868,154058,Mapped
2029115,147486,Mapped
2029116,147485,Mapped
2029117,147483,Mapped
2029118,147484,Mapped
2029120,147487,Mapped
2029122,159833,Mapped
2029123,148193,Mapped
2029129,147554,Mapped
2029131,147534,Mapped
2029143,161335,Mapped
2029166,147576,Mapped
2029168,147605,Mapped
2029169,147496,Mapped
2029197,153759,Mapped
2029198,153716,Mapped
2029199,147606,Mapped
2029200,147607,Mapped
2029201,147608,Mapped
2029202,147990,Mapped
2029203,150453,Mapped
2029204,147909,Mapped
2029205,148179,Mapped
2029212,159871,Mapped
2029217,159491,Mapped
2029220,148097,Mapped
2029221,148068,Mapped
2029222,148069,Mapped
2029223,148122,Mapped
2029224,148083,Mapped
2029227,149121,Mapped
2029228,149122,Mapped
2029233,149309,Mapped
2029234,149310,Mapped
2029235,149115,Mapped
2029236,149311,Mapped
2029237,149117,Mapped
2029243,N/A,Unmapped
2029246,147761,Mapped
2029247,147767,Mapped
2029248,147783,Mapped
2029249,147787,Mapped
2029250,147786,Mapped
2029251,147785,Mapped
2029252,N/A,Unmapped
2029253,N/A,Unmapped
2029256,147768,Mapped
2029257,147764,Mapped
2029258,147766,Mapped
2029259,147769,Mapped
2029262,147922,Mapped
2029263,147923,Mapped
2029269,164486,Mapped
2029270,164485,Mapped
2029271,164657,Mapped
2029272,155719,Mapped
2029273,148070,Mapped
2029274,148071,Mapped
2029275,148072,Mapped
2029276,148030,Mapped
2029277,147774,Mapped
2029301,150234,Mapped
2029302,150235,Mapped
2029303,150236,Mapped
2029304,150237,Mapped
2029305,150238,Mapped
2029569,147912,Mapped
2029571,147642,Mapped
2029574,147918,Mapped
2029575,147919,Mapped
2029576,147920,Mapped
2029577,N/A,Unmapped
2029578,154606,Mapped
2029579,148125,Mapped
2029582,147904,Mapped
2029584,147609,Mapped
2029585,147611,Mapped
2029586,147612,Mapped
2029587,147613,Mapped
2029592,149069,Mapped
2029630,147901,Mapped
2029631,160009,Mapped
2029632,160008,Mapped
2029633,160007,Mapped
2029634,160006,Mapped
2029635,160005,Mapped
2029636,160003,Mapped
2029637,160004,Mapped
2029638,160002,Mapped
2029639,160001,Mapped
2029640,159999,Mapped
2029641,159998,Mapped
2029642,160000,Mapped
2029643,160018,Mapped
2029644,160017,Mapped
2029645,160016,Mapped
2029646,160015,Mapped
2029647,160010,Mapped
2029648,160014,Mapped
2029649,160013,Mapped
2030036,154535,Mapped
2030038,154537,Mapped
2030039,154538,Mapped
2030047,147531,Mapped
2030048,147538,Mapped
2030049,147532,Mapped
2030050,147539,Mapped
2030051,147667,Mapped
2030052,147668,Mapped
2030064,N/A,Unmapped
2030065,147542,Mapped
2030066,147615,Mapped
2030067,147616,Mapped
2030069,147618,Mapped
2030070,147619,Mapped
2030071,147620,Mapped
2030072,147621,Mapped
2030073,147622,Mapped
2030074,147623,Mapped
2030075,147624,Mapped
2030076,147625,Mapped
2030077,147626,Mapped
2030078,147627,Mapped
2030079,147628,Mapped
2030080,147629,Mapped
2030081,147630,Mapped
2030082,147631,Mapped
2030083,147632,Mapped
2030084,147633,Mapped
2030085,147634,Mapped
2030086,147635,Mapped
2030087,147636,Mapped
2030088,147637,Mapped
2030089,147638,Mapped
2030090,147640,Mapped
2030091,147639,Mapped
2030101,147647,Mapped
2030102,147644,Mapped
2030103,147646,Mapped
2030104,147650,Mapped
2030115,148205,Mapped
2030116,148206,Mapped
2030119,148207,Mapped
2030120,148208,Mapped
2030121,148209,Mapped
2030122,147939,Mapped
2030123,147940,Mapped
2030124,147941,Mapped
2030125,147942,Mapped
2030126,147944,Mapped
2030127,147842,Mapped
2030135,153972,Mapped
2030136,153973,Mapped
2030137,153974,Mapped
2030138,153971,Mapped
2030139,153969,Mapped
2030140,153970,Mapped
2030141,155694,Mapped
2030142,155695,Mapped
2030143,147972,Mapped
2030144,147762,Mapped
2030145,147765,Mapped
2030146,147763,Mapped
2030149,163608,Mapped
2030989,149103,Mapped
2030990,147533,Mapped
2030991,147537,Mapped
2030992,147548,Mapped
2031048,147641,Mapped
2031049,153833,Mapped
2031050,153836,Mapped
2031051,153837,Mapped
2031052,154041,Mapped
2031054,148244,Mapped
2031055,148088,Mapped
2031083,147652,Mapped
2031084,147649,Mapped
2031086,149142,Mapped
2031087,149070,Mapped
2031088,149071,Mapped
2031089,148005,Mapped
2031090,154054,Mapped
2031091,154055,Mapped
2031660,147996,Mapped
2032035,147943,Mapped
2032036,147946,Mapped
2032038,149334,Mapped
2032044,149471,Mapped
2032045,149474,Mapped
2032046,149473,Mapped
2032047,149472,Mapped
2032079,149312,Mapped
2032080,148211,Mapped
2032081,149313,Mapped
2032082,149314,Mapped
2032083,148674,Mapped
2032084,148677,Mapped
2032085,148681,Mapped
2032086,148675,Mapped
2032087,148676,Mapped
2032088,153902,Mapped
2032089,148682,Mapped
2032535,147947,Mapped
2032555,147973,Mapped
2032556,147974,Mapped
2032557,148394,Mapped
2032558,147999,Mapped
2032559,148212,Mapped
2032560,149315,Mapped
2032561,149316,Mapped
2032562,148020,Mapped
2032563,148022,Mapped
2032564,148021,Mapped
2032579,153002,Mapped
2032582,149884,Mapped
2032593,N/A,Unmapped
2032596,N/A,Unmapped
2032597,N/A,Unmapped
2032610,165418,Mapped
2032611,165419,Mapped
2032612,165420,Mapped
2032613,148004,Mapped
2032614,N/A,Unmapped
2032615,N/A,Unmapped
2032649,149252,Mapped
2032650,149253,Mapped
2032659,149317,Mapped
2032660,149081,Mapped
2032661,149082,Mapped
2032662,149218,Mapped
2032668,153008,Mapped
2032669,153009,Mapped
2032681,149341,Mapped
2032682,149342,Mapped
2032683,149343,Mapped
2032684,149344,Mapped
2032685,149345,Mapped
2032686,149393,Mapped
2032687,149163,Mapped
2032692,148733,Mapped
2032693,148732,Mapped
2032694,148183,Mapped
2032695,148184,Mapped
2032696,148185,Mapped
2032698,148243,Mapped
2032699,148430,Mapped
2032700,148186,Mapped
2032701,148731,Mapped
2032703,149318,Mapped
2033035,157793,Mapped
2033036,149091,Mapped
2033046,156013,Mapped
2033049,N/A,Unmapped
2033050,N/A,Unmapped
2033051,N/A,Unmapped
2033052,N/A,Unmapped
2033053,N/A,Unmapped
2033054,N/A,Unmapped
2033064,148688,Mapped
2033066,149092,Mapped
2033067,149093,Mapped
2033068,149094,Mapped
2033069,149532,Mapped
2033084,157758,Mapped
2033088,157769,Mapped
2033089,157762,Mapped
2033091,N/A,Unmapped
2033093,148014,Mapped
2033094,147945,Mapped
2033095,147948,Mapped
2033096,147949,Mapped
2033104,151576,Mapped
2033114,149134,Mapped
2033115,149135,Mapped
2033116,149136,Mapped
2033117,149139,Mapped
2033118,149140,Mapped
2033119,149141,Mapped
2033120,151673,Mapped
2033121,151463,Mapped
2033124,149388,Mapped
2033125,149072,Mapped
2033536,147992,Mapped
2033537,147993,Mapped
2033538,147994,Mapped
2033539,147995,Mapped
2033540,149105,Mapped
2033541,149287,Mapped
2033542,149106,Mapped
2033543,149107,Mapped
2033544,149108,Mapped
2033545,N/A,Unmapped
2033546,N/A,Unmapped
2033547,N/A,Unmapped
2033548,N/A,Unmapped
2033549,N/A,Unmapped
2033550,N/A,Unmapped
2033551,N/A,Unmapped
2033552,N/A,Unmapped
2033553,N/A,Unmapped
2033554,N/A,Unmapped
2033555,N/A,Unmapped
2033556,N/A,Unmapped
2033560,N/A,Unmapped
2033567,N/A,Unmapped
2033568,N/A,Unmapped
2033570,N/A,Unmapped
2033571,N/A,Unmapped
2033573,147989,Mapped
2034035,149095,Mapped
2034036,148023,Mapped
2034037,148000,Mapped
2034038,148001,Mapped
2034039,148002,Mapped
2034040,148003,Mapped
2034041,151514,Mapped
2034052,151510,Mapped
2034053,156523,Mapped
2034058,152894,Mapped
2034060,151575,Mapped
2034067,149073,Mapped
2034084,149267,Mapped
2034085,149269,Mapped
2034086,149270,Mapped
2034087,149271,Mapped
2034088,167203,Mapped
2034535,149096,Mapped
2034539,148015,Mapped
2034546,148008,Mapped
2034548,149348,Mapped
2034550,148019,Mapped
2034551,148007,Mapped
2034552,148009,Mapped
2034555,147998,Mapped
2034557,149349,Mapped
2034562,149897,Mapped
2034565,149896,Mapped
2034584,156520,Mapped
2034586,149145,Mapped
2034592,149124,Mapped
2034593,149234,Mapped
2034594,149235,Mapped
2034595,149236,Mapped
2034596,149237,Mapped
2034597,149238,Mapped
2034598,149239,Mapped
2034599,149240,Mapped
2034600,149241,Mapped
2034601,149242,Mapped
2034602,149243,Mapped
2034606,149167,Mapped
2034607,149171,Mapped
2034608,149170,Mapped
2035042,148690,Mapped
2035048,148693,Mapped
2035052,148093,Mapped
2035053,148089,Mapped
2035054,148173,Mapped
2035055,148127,Mapped
2035056,148128,Mapped
2035057,148124,Mapped
2035077,147950,Mapped
2035078,147951,Mapped
2035079,147953,Mapped
2035081,147955,Mapped
2035083,147931,Mapped
2035140,149290,Mapped
2035144,150476,Mapped
2035145,148241,Mapped
2035146,148242,Mapped
2035147,148240,Mapped
2035148,149294,Mapped
2035149,149295,Mapped
2035150,149296,Mapped
2035151,149297,Mapped
2035152,149109,Mapped
2035155,149300,Mapped
2035535,158910,Mapped
2035536,158911,Mapped
2035537,158912,Mapped
2035538,158913,Mapped
2035539,158915,Mapped
2035540,158916,Mapped
2035541,158917,Mapped
2035542,158918,Mapped
2035543,159217,Mapped
2035544,158919,Mapped
2035545,158920,Mapped
2035546,158921,Mapped
2035547,158922,Mapped
2035548,158923,Mapped
2035549,158924,Mapped
2035550,158902,Mapped
2035551,158901,Mapped
2035552,158900,Mapped
2035553,158903,Mapped
2035554,158904,Mapped
2035555,158925,Mapped
2035556,158926,Mapped
2035557,158927,Mapped
2035558,158928,Mapped
2035559,158929,Mapped
2035591,148671,Mapped
2035593,150690,Mapped
2035594,150691,Mapped
2035596,153778,Mapped
2035597,153776,Mapped
2035598,153772,Mapped
2035599,153775,Mapped
2035600,153777,Mapped
2035601,153784,Mapped
2035605,148698,Mapped
2035606,N/A,Unmapped
2035607,148697,Mapped
2035608,149533,Mapped
2035609,154070,Mapped
2035610,154069,Mapped
2035611,150230,Mapped
2035612,150231,Mapped
2035613,153816,Mapped
203593,55095,Mapped
2036053,148738,Mapped
2036063,149083,Mapped
2036064,149219,Mapped
2036067,149319,Mapped
2036068,149320,Mapped
2036069,148805,Mapped
2036070,149535,Mapped
2036071,149443,Mapped
2036099,149272,Mapped
2036101,149192,Mapped
2036102,149193,Mapped
2036103,149194,Mapped
2036105,149176,Mapped
2036106,149168,Mapped
2036177,149518,Mapped
2036222,N/A,Unmapped
2036223,150836,Mapped
2036224,150834,Mapped
2036225,151010,Mapped
2036226,150893,Mapped
2036227,150953,Mapped
2036228,151040,Mapped
2036229,151009,Mapped
2036230,151037,Mapped
2036231,150835,Mapped
2036232,150891,Mapped
2036233,150848,Mapped
2036234,150870,Mapped
2036235,151012,Mapped
2036236,151007,Mapped
2036237,151006,Mapped
2036238,150981,Mapped
2036239,151041,Mapped
2036240,150982,Mapped
2036241,150984,Mapped
2036242,150833,Mapped
2036243,151036,Mapped
2036244,150983,Mapped
2036246,150713,Mapped
2036249,150223,Mapped
2036250,150244,Mapped
2036251,150245,Mapped
2036252,150246,Mapped
2036253,150247,Mapped
2036254,150171,Mapped
2036255,150162,Mapped
2036258,150490,Mapped
2036259,150491,Mapped
2036260,150492,Mapped
2036261,150474,Mapped
2036262,150636,Mapped
2036264,150678,Mapped
2036266,151188,Mapped
2036267,151020,Mapped
2036268,151021,Mapped
2036271,150551,Mapped
2036272,150549,Mapped
2036273,150553,Mapped
2036274,150550,Mapped
2036275,150879,Mapped
2036277,150877,Mapped
2036278,150889,Mapped
2036279,150831,Mapped
2036280,151022,Mapped
2036281,151023,Mapped
2036282,150901,Mapped
2036283,150946,Mapped
2036284,150944,Mapped
2036285,151168,Mapped
2036286,150955,Mapped
2036287,150954,Mapped
2036288,150956,Mapped
2036289,150972,Mapped
2036290,150988,Mapped
2036291,150995,Mapped
2036292,150996,Mapped
2036298,161185,Mapped
2036302,150734,Mapped
2036303,151167,Mapped
2036304,150596,Mapped
2036305,150594,Mapped
2036308,N/A,Unmapped
2036309,151192,Mapped
2036310,151193,Mapped
2036312,154300,Mapped
2036313,154299,Mapped
2036314,154298,Mapped
2036315,154297,Mapped
2036316,154293,Mapped
2036317,154294,Mapped
2036318,154290,Mapped
2036319,154296,Mapped
2036320,154289,Mapped
2036321,154291,Mapped
2036322,151277,Mapped
2036323,151278,Mapped
2036324,151279,Mapped
2036330,153703,Mapped
2036331,153524,Mapped
2036332,153359,Mapped
2036336,151475,Mapped
2036337,151476,Mapped
2036338,151477,Mapped
2036339,151478,Mapped
2036340,151479,Mapped
2036341,151481,Mapped
2036349,151483,Mapped
2036356,157980,Mapped
2036369,N/A,Unmapped
2036370,N/A,Unmapped
2036399,N/A,Unmapped
2036400,N/A,Unmapped
2036410,N/A,Unmapped
2036411,N/A,Unmapped
2036415,N/A,Unmapped
2036423,N/A,Unmapped
2036430,N/A,Unmapped
2036436,N/A,Unmapped
2036437,N/A,Unmapped
2036468,N/A,Unmapped
2036469,N/A,Unmapped
2036470,N/A,Unmapped
2036471,N/A,Unmapped
2036472,N/A,Unmapped
2036473,N/A,Unmapped
2036475,N/A,Unmapped
2036476,N/A,Unmapped
2036477,N/A,Unmapped
2036486,N/A,Unmapped
2036487,N/A,Unmapped
2036488,N/A,Unmapped
2036500,N/A,Unmapped
2036503,N/A,Unmapped
2036529,151643,Mapped
2036530,151446,Mapped
2036531,151447,Mapped
2036532,153234,Mapped
2036533,153237,Mapped
2036534,153241,Mapped
2036535,150493,Mapped
2036536,150494,Mapped
2036542,165841,Mapped
2036557,149074,Mapped
2036558,149075,Mapped
2036559,149076,Mapped
2036560,149077,Mapped
2036561,149078,Mapped
2036562,149079,Mapped
2036563,149080,Mapped
2036575,149143,Mapped
2036581,149301,Mapped
2036584,149303,Mapped
2036587,149304,Mapped
2036588,166146,Mapped
2036589,149144,Mapped
2036590,150710,Mapped
2036595,N/A,Unmapped
2036596,149536,Mapped
2036597,149220,Mapped
2036601,148992,Mapped
2036603,148996,Mapped
2036604,149049,Mapped
2036605,149051,Mapped
2036606,149033,Mapped
2036607,149029,Mapped
2036608,149027,Mapped
2036609,149047,Mapped
2036610,149046,Mapped
2036611,149048,Mapped
2036612,149138,Mapped
2036613,149039,Mapped
2036614,149034,Mapped
2036615,149050,Mapped
2036616,149054,Mapped
2036617,149055,Mapped
2036618,149056,Mapped
2036619,149053,Mapped
2036620,149057,Mapped
2036624,149173,Mapped
2036625,149175,Mapped
2036626,149177,Mapped
2036627,149178,Mapped
2036681,149434,Mapped
2036682,149305,Mapped
2036683,149306,Mapped
2036702,149685,Mapped
2036703,149686,Mapped
2036704,149687,Mapped
2036705,149688,Mapped
2036706,149689,Mapped
2036707,149690,Mapped
2036708,149691,Mapped
2036709,149692,Mapped
2036710,149693,Mapped
2036711,150248,Mapped
2036712,149694,Mapped
2036714,149695,Mapped
2036715,149696,Mapped
2036716,149697,Mapped
2036717,149698,Mapped
2036718,149699,Mapped
2036719,149700,Mapped
2036721,149702,Mapped
2036722,149703,Mapped
2036723,149704,Mapped
2036724,149705,Mapped
2036739,149509,Mapped
2036741,167808,Mapped
2036742,167809,Mapped
2036744,167816,Mapped
2036745,150249,Mapped
2036747,150194,Mapped
2036748,150250,Mapped
2036749,150251,Mapped
2036877,N/A,Unmapped
2036938,153882,Mapped
2036978,151152,Mapped
2036979,151153,Mapped
2036980,151157,Mapped
2036981,151160,Mapped
2036982,151156,Mapped
2036983,151158,Mapped
2036984,151159,Mapped
2036985,151155,Mapped
2036991,150164,Mapped
2036992,150185,Mapped
2036996,150163,Mapped
2036998,150169,Mapped
2036999,150168,Mapped
2037000,150485,Mapped
2037002,150497,Mapped
2037003,150498,Mapped
2037004,150463,Mapped
2037005,150173,Mapped
2037007,150224,Mapped
2037008,150174,Mapped
2037012,150640,Mapped
2037013,150481,Mapped
2037014,150482,Mapped
2037016,150484,Mapped
2037017,150679,Mapped
2037018,150529,Mapped
2037019,150530,Mapped
2037020,150680,Mapped
2037021,151077,Mapped
2037022,151078,Mapped
2037023,151079,Mapped
2037025,150527,Mapped
2037026,150528,Mapped
2037027,151073,Mapped
2037028,151072,Mapped
2037029,150538,Mapped
2037030,150537,Mapped
2037031,151082,Mapped
2037032,151081,Mapped
2037035,149112,Mapped
2037036,149113,Mapped
2037132,N/A,Unmapped
2037133,148723,Mapped
2037135,148715,Mapped
2037136,148714,Mapped
2037137,148699,Mapped
2037139,148705,Mapped
2037140,148703,Mapped
2037141,148704,Mapped
2037143,149436,Mapped
2037144,149437,Mapped
2037145,149195,Mapped
2037146,148794,Mapped
2037147,148797,Mapped
2037149,150351,Mapped
2037150,149260,Mapped
2037151,149263,Mapped
2037154,157722,Mapped
2037161,149261,Mapped
2037162,149221,Mapped
2037171,149179,Mapped
2037232,151008,Mapped
2037233,151035,Mapped
2037234,150949,Mapped
2037239,149539,Mapped
2037240,149470,Mapped
2037241,149551,Mapped
2037252,149682,Mapped
2037253,150775,Mapped
2037254,150774,Mapped
2037255,150772,Mapped
2037256,150761,Mapped
2037257,150339,Mapped
2037258,150340,Mapped
2037259,150341,Mapped
2037260,150342,Mapped
2037261,150343,Mapped
2037262,150186,Mapped
2037263,150187,Mapped
2037264,150188,Mapped
2037265,150214,Mapped
2037266,150215,Mapped
2037267,150216,Mapped
2037268,150722,Mapped
2037269,150723,Mapped
2037270,150721,Mapped
2037271,150724,Mapped
2037272,150719,Mapped
2037273,150720,Mapped
2037274,150239,Mapped
2037303,159493,Mapped
2037305,153586,Mapped
2037316,153115,Mapped
2037317,153116,Mapped
2037323,151520,Mapped
2037324,153121,Mapped
2037334,150217,Mapped
2037335,150218,Mapped
2037336,150203,Mapped
2037337,150496,Mapped
2037338,150219,Mapped
2037339,150220,Mapped
2037343,150464,Mapped
2037345,150514,Mapped
2037346,150515,Mapped
2037347,150598,Mapped
2037348,150601,Mapped
2037349,150599,Mapped
2037350,150600,Mapped
2037351,150608,Mapped
2037352,150597,Mapped
2037353,150609,Mapped
2037354,150606,Mapped
2037355,150603,Mapped
2037367,N/A,Unmapped
2037370,N/A,Unmapped
2037373,N/A,Unmapped
2037375,N/A,Unmapped
2037377,N/A,Unmapped
2037378,N/A,Unmapped
2037379,N/A,Unmapped
2037384,N/A,Unmapped
2037385,N/A,Unmapped
2037386,N/A,Unmapped
2037387,150535,Mapped
2037388,150541,Mapped
2037389,166266,Mapped
2037390,166270,Mapped
2037392,166267,Mapped
2037393,166268,Mapped
2037394,166269,Mapped
2037395,166271,Mapped
2037396,166272,Mapped
2037397,166273,Mapped
2037398,151145,Mapped
2037399,158115,Mapped
2037400,158038,Mapped
2037404,150602,Mapped
2037424,158010,Mapped
2037433,155473,Mapped
2037434,155474,Mapped
2037435,155476,Mapped
2037436,151450,Mapped
2037473,N/A,Unmapped
2037474,N/A,Unmapped
2037475,N/A,Unmapped
2037476,N/A,Unmapped
2037480,166902,Mapped
2037482,163326,Mapped
2037483,161929,Mapped
2037500,154034,Mapped
2037501,154033,Mapped
2037502,154004,Mapped
2037503,152256,Mapped
2037504,153233,Mapped
2037506,N/A,Unmapped
2037507,N/A,Unmapped
2037510,N/A,Unmapped
2037512,N/A,Unmapped
2037513,N/A,Unmapped
2037514,N/A,Unmapped
2037515,N/A,Unmapped
2037516,N/A,Unmapped
2037517,N/A,Unmapped
2037518,N/A,Unmapped
2037520,N/A,Unmapped
2037522,N/A,Unmapped
2037524,N/A,Unmapped
2037527,N/A,Unmapped
2037528,N/A,Unmapped
2037530,N/A,Unmapped
2037531,N/A,Unmapped
2037532,N/A,Unmapped
2037535,163095,Mapped
2037536,163124,Mapped
2037537,164127,Mapped
2037538,162853,Mapped
2037539,150495,Mapped
2037545,N/A,Unmapped
2037546,149224,Mapped
2037547,149225,Mapped
2037548,148725,Mapped
2037549,148724,Mapped
2037550,149262,Mapped
2037551,148793,Mapped
2037552,149128,Mapped
2037553,153817,Mapped
2037554,149245,Mapped
2037555,149246,Mapped
2037556,149247,Mapped
2037557,149248,Mapped
2037558,149249,Mapped
2037559,149251,Mapped
2037560,149250,Mapped
2037564,149180,Mapped
2037565,149181,Mapped
2037566,149182,Mapped
2037567,149307,Mapped
2037568,149308,Mapped
2037570,151563,Mapped
2037584,149707,Mapped
2037595,149002,Mapped
2037596,149007,Mapped
2037597,149005,Mapped
2037598,148998,Mapped
2037599,148997,Mapped
2037600,149001,Mapped
2037601,148988,Mapped
2037602,148994,Mapped
2037605,149273,Mapped
2037606,149274,Mapped
2037607,149275,Mapped
2037608,149354,Mapped
2037609,149355,Mapped
2037610,149356,Mapped
2037611,149357,Mapped
2037612,149358,Mapped
2037614,151165,Mapped
2037616,151166,Mapped
2037743,149505,Mapped
2037744,149506,Mapped
2037749,150158,Mapped
2037750,149712,Mapped
2037751,149713,Mapped
2037752,149714,Mapped
2037753,149715,Mapped
2037754,149716,Mapped
2037755,149717,Mapped
2037756,149718,Mapped
2037757,149719,Mapped
2037758,149720,Mapped
2037759,150898,Mapped
2037760,150897,Mapped
2037761,150900,Mapped
2037762,150899,Mapped
2037763,150240,Mapped
2037767,151092,Mapped
2037768,151091,Mapped
2037769,151093,Mapped
2037771,150202,Mapped
2037772,150221,Mapped
2037773,150195,Mapped
2037774,N/A,Unmapped
2037775,150207,Mapped
2037776,150206,Mapped
2037777,150208,Mapped
2037778,150209,Mapped
2037779,150189,Mapped
2037780,150190,Mapped
2037781,150222,Mapped
2037782,150525,Mapped
2037785,150225,Mapped
2037786,150226,Mapped
2037787,150499,Mapped
2037788,150500,Mapped
2037789,150501,Mapped
2037790,150502,Mapped
2037791,150534,Mapped
2037792,150503,Mapped
2037793,150504,Mapped
2037794,150505,Mapped
2037795,150506,Mapped
2037796,150507,Mapped
2037797,150508,Mapped
2037798,150509,Mapped
2037799,150510,Mapped
2037800,150511,Mapped
2037801,150196,Mapped
2037802,150197,Mapped
2037810,150227,Mapped
2037811,151142,Mapped
2037845,150465,Mapped
2037846,154177,Mapped
2037849,150623,Mapped
2037850,150624,Mapped
2037851,150625,Mapped
2037852,150626,Mapped
2037853,150783,Mapped
2037854,150650,Mapped
2037855,N/A,Unmapped
2037856,150751,Mapped
2037857,151110,Mapped
2037858,151111,Mapped
2037859,150742,Mapped
2037860,150755,Mapped
2037861,150747,Mapped
2037862,150725,Mapped
2037864,151586,Mapped
2037866,161355,Mapped
2037867,167408,Mapped
2037881,151595,Mapped
2037886,151577,Mapped
2037887,151578,Mapped
2037910,N/A,Unmapped
2037927,N/A,Unmapped
2037928,N/A,Unmapped
2037930,N/A,Unmapped
2037931,N/A,Unmapped
2037961,N/A,Unmapped
2037962,N/A,Unmapped
2037963,N/A,Unmapped
2037968,153525,Mapped
2037969,153526,Mapped
2037970,153527,Mapped
2037971,153528,Mapped
2037972,151187,Mapped
2037973,151182,Mapped
2037977,151291,Mapped
2037978,151292,Mapped
2037979,156144,Mapped
2037980,156145,Mapped
2037981,156147,Mapped
2037982,156150,Mapped
2037983,156151,Mapped
2037984,156146,Mapped
2037985,156148,Mapped
2037986,156149,Mapped
2037987,156540,Mapped
2037988,156152,Mapped
2037989,156154,Mapped
2037994,158012,Mapped
2037995,158013,Mapped
2037998,158016,Mapped
2037999,158017,Mapped
2038000,158018,Mapped
2038001,158021,Mapped
2038007,160308,Mapped
2038008,158023,Mapped
2038014,160152,Mapped
2038020,151473,Mapped
2038021,151464,Mapped
2038022,151465,Mapped
2038035,150543,Mapped
2038036,150539,Mapped
2038037,150540,Mapped
2038038,150542,Mapped
2038039,150536,Mapped
2038040,150544,Mapped
2038042,N/A,Unmapped
2038043,N/A,Unmapped
2038044,148722,Mapped
2038045,148721,Mapped
2038046,148720,Mapped
2038047,148718,Mapped
2038048,148717,Mapped
2038049,148712,Mapped
2038050,148700,Mapped
2038051,148701,Mapped
2038052,148711,Mapped
2038053,148713,Mapped
2038055,148716,Mapped
2038065,161423,Mapped
2038083,161425,Mapped
2038085,161426,Mapped
2038087,161431,Mapped
2038089,161433,Mapped
2038090,161432,Mapped
2038091,161430,Mapped
2038092,161436,Mapped
2038093,161435,Mapped
2038094,161437,Mapped
2038095,161079,Mapped
2038096,161817,Mapped
2038097,161438,Mapped
2038099,161440,Mapped
2038100,161441,Mapped
2038101,149097,Mapped
2038102,149098,Mapped
2038103,149100,Mapped
2038104,149099,Mapped
2038105,149101,Mapped
2038108,153113,Mapped
2038109,166147,Mapped
2038110,166148,Mapped
2038114,149129,Mapped
2038118,148803,Mapped
2038119,148796,Mapped
2038120,148804,Mapped
2038121,149222,Mapped
2038122,149541,Mapped
2038123,149084,Mapped
2038124,149085,Mapped
2038125,149086,Mapped
2038126,149087,Mapped
2038144,157714,Mapped
2038150,157718,Mapped
2038152,157732,Mapped
2038154,157733,Mapped
2038155,148987,Mapped
2038165,150704,Mapped
2038166,150705,Mapped
2038167,150701,Mapped
2038168,150702,Mapped
2038169,150700,Mapped
2038170,150703,Mapped
2038180,149540,Mapped
2038184,152847,Mapped
2038185,152843,Mapped
2038190,151562,Mapped
2038196,152868,Mapped
2038211,159898,Mapped
2038212,150709,Mapped
2038213,150766,Mapped
2038215,150767,Mapped
2038216,151141,Mapped
2038217,151144,Mapped
2038221,149526,Mapped
2038222,149527,Mapped
2038535,149125,Mapped
2038536,149359,Mapped
2038548,151448,Mapped
2038557,149360,Mapped
2038558,149361,Mapped
2038559,149362,Mapped
2038560,149363,Mapped
2038561,149364,Mapped
2038562,149185,Mapped
2038563,149186,Mapped
2038564,149187,Mapped
2038565,N/A,Unmapped
2038566,N/A,Unmapped
2038645,150521,Mapped
2038659,149553,Mapped
2038660,149554,Mapped
2038662,150167,Mapped
2038663,150176,Mapped
2038664,150166,Mapped
2038665,150177,Mapped
2038666,N/A,Unmapped
2038668,N/A,Unmapped
2038669,N/A,Unmapped
2038671,N/A,Unmapped
2038682,150763,Mapped
2038685,150610,Mapped
2038686,150617,Mapped
2038687,150604,Mapped
2038689,150651,Mapped
2038690,N/A,Unmapped
2038691,151174,Mapped
2038692,151154,Mapped
2038693,151172,Mapped
2038694,154292,Mapped
2038695,154314,Mapped
2038696,154295,Mapped
2038697,N/A,Unmapped
2038698,N/A,Unmapped
2038699,152197,Mapped
2038700,152196,Mapped
2038701,152219,Mapped
2038702,152215,Mapped
2039022,153952,Mapped
2039023,153951,Mapped
2039024,153827,Mapped
2039025,153830,Mapped
2039026,153829,Mapped
2039029,153900,Mapped
2039030,153896,Mapped
2039031,154668,Mapped
2039032,154669,Mapped
2039035,149264,Mapped
2039036,149265,Mapped
2039037,148800,Mapped
2039038,149394,Mapped
2039039,149395,Mapped
2039040,148795,Mapped
2039041,148799,Mapped
2039042,149226,Mapped
2039047,149413,Mapped
2039048,149414,Mapped
2039066,152911,Mapped
2039067,152912,Mapped
2039076,152916,Mapped
2039079,N/A,Unmapped
2039098,149025,Mapped
2039099,149042,Mapped
2039100,149043,Mapped
2039101,149061,Mapped
2039102,149060,Mapped
2039103,149058,Mapped
2039107,149059,Mapped
2039108,149035,Mapped
2039109,149023,Mapped
2039110,149032,Mapped
2039111,149137,Mapped
2039112,149044,Mapped
2039113,149045,Mapped
2039114,149031,Mapped
2039115,149036,Mapped
2039116,149028,Mapped
2039117,149037,Mapped
2039118,149038,Mapped
2039119,149030,Mapped
2039120,149365,Mapped
2039121,149366,Mapped
2039122,149367,Mapped
2039123,149369,Mapped
2039124,149368,Mapped
2039125,149684,Mapped
2039127,149277,Mapped
2039128,149278,Mapped
2039129,149024,Mapped
2039130,149026,Mapped
2039131,149370,Mapped
2039133,149279,Mapped
2039134,149280,Mapped
2039135,149281,Mapped
2039137,149372,Mapped
2039138,149373,Mapped
2039139,149374,Mapped
2039140,149375,Mapped
2039141,149376,Mapped
2039142,149377,Mapped
2039143,150522,Mapped
2039144,149378,Mapped
2039145,149379,Mapped
2039146,149380,Mapped
2039147,149381,Mapped
2039148,149382,Mapped
2039149,149383,Mapped
2039151,149924,Mapped
2039155,149285,Mapped
2039157,149188,Mapped
2039158,149189,Mapped
2039159,149390,Mapped
2039160,149391,Mapped
2039236,149727,Mapped
2039237,150253,Mapped
2039240,149734,Mapped
2039241,149737,Mapped
2039242,149730,Mapped
2039243,149731,Mapped
2039244,149732,Mapped
2039245,149733,Mapped
2039253,149735,Mapped
2039254,149740,Mapped
2039255,149739,Mapped
2039256,149741,Mapped
2039263,149736,Mapped
2039264,149738,Mapped
2039265,149542,Mapped
2039273,149549,Mapped
2039274,150773,Mapped
2039276,161189,Mapped
2039282,161192,Mapped
2039285,161195,Mapped
2039287,165324,Mapped
2039288,165326,Mapped
2039292,165327,Mapped
2039293,161197,Mapped
2039341,150692,Mapped
2039342,150693,Mapped
2039343,150694,Mapped
2039344,150695,Mapped
2039345,150696,Mapped
2039346,150697,Mapped
2039347,150334,Mapped
2039348,150335,Mapped
2039349,150336,Mapped
2039350,150337,Mapped
2039351,149528,Mapped
2039354,149529,Mapped
2039355,149530,Mapped
2039357,150348,Mapped
2039380,150255,Mapped
2039381,150256,Mapped
2039382,150257,Mapped
2039383,150258,Mapped
2039384,150259,Mapped
2039385,150260,Mapped
2039386,150329,Mapped
2039387,150328,Mapped
2039388,150263,Mapped
2039389,150264,Mapped
2039390,150265,Mapped
2039391,150266,Mapped
2039392,150267,Mapped
2039393,150268,Mapped
2039394,150269,Mapped
2039395,150270,Mapped
2039396,150271,Mapped
2039397,150272,Mapped
2039398,150273,Mapped
2039399,150274,Mapped
2039400,150276,Mapped
2039401,150275,Mapped
2039402,150277,Mapped
2039403,150278,Mapped
2039404,150279,Mapped
2039405,150280,Mapped
2039406,150281,Mapped
2039407,150282,Mapped
2039408,150283,Mapped
2039409,150284,Mapped
2039410,150285,Mapped
2039411,150286,Mapped
2039412,150287,Mapped
2039413,150288,Mapped
2039414,150289,Mapped
2039415,150290,Mapped
2039416,150291,Mapped
2039417,150292,Mapped
2039418,150293,Mapped
2039419,150294,Mapped
2039420,150295,Mapped
2039421,150296,Mapped
2039422,150297,Mapped
2039423,150298,Mapped
2039424,150299,Mapped
2039425,150301,Mapped
2039426,150300,Mapped
2039427,150302,Mapped
2039428,150303,Mapped
2039429,150304,Mapped
2039430,150305,Mapped
2039431,150306,Mapped
2039432,150307,Mapped
2039433,150309,Mapped
2039434,150308,Mapped
2039435,150310,Mapped
2039436,150311,Mapped
2039437,150312,Mapped
2039438,150313,Mapped
2039439,150314,Mapped
2039440,150315,Mapped
2039441,150316,Mapped
2039442,150317,Mapped
2039475,150318,Mapped
2039477,N/A,Unmapped
2039479,150327,Mapped
2039480,150332,Mapped
2039484,N/A,Unmapped
2039486,N/A,Unmapped
2039487,N/A,Unmapped
2039488,N/A,Unmapped
2039489,N/A,Unmapped
2039490,N/A,Unmapped
2039491,N/A,Unmapped
2039492,N/A,Unmapped
2039493,N/A,Unmapped
2039494,N/A,Unmapped
2039495,N/A,Unmapped
2039496,N/A,Unmapped
2039497,N/A,Unmapped
2039498,N/A,Unmapped
2039499,N/A,Unmapped
2039501,N/A,Unmapped
2039502,N/A,Unmapped
2039503,N/A,Unmapped
2039505,N/A,Unmapped
2039506,150344,Mapped
2039507,150345,Mapped
2039509,150170,Mapped
2039510,150172,Mapped
2039511,153208,Mapped
2039512,153209,Mapped
2039513,151570,Mapped
2039514,153210,Mapped
2039516,153154,Mapped
2039517,153157,Mapped
2039518,150770,Mapped
2039519,150762,Mapped
2039520,150175,Mapped
2039521,150178,Mapped
2039522,150179,Mapped
2039523,150180,Mapped
2039535,149742,Mapped
2039536,149745,Mapped
2039537,149340,Mapped
2039538,N/A,Unmapped
2039539,149325,Mapped
2039540,149550,Mapped
2039541,150210,Mapped
2039543,149385,Mapped
2039544,N/A,Unmapped
2039545,N/A,Unmapped
2039546,N/A,Unmapped
2039547,N/A,Unmapped
2039549,N/A,Unmapped
2039550,149513,Mapped
2039552,149266,Mapped
2039553,149286,Mapped
2039556,149228,Mapped
2039557,149229,Mapped
2039558,149230,Mapped
2039559,149468,Mapped
2039626,150350,Mapped
2039650,149743,Mapped
2039651,149746,Mapped
2039656,149751,Mapped
2039657,149752,Mapped
2039665,150487,Mapped
2039666,149683,Mapped
2039667,149507,Mapped
2039668,150330,Mapped
2039669,150331,Mapped
2039672,150488,Mapped
2039692,161193,Mapped
2039712,150951,Mapped
2039713,151032,Mapped
2039714,151038,Mapped
2039715,150866,Mapped
2039716,151029,Mapped
2039717,150980,Mapped
2039718,150950,Mapped
2039719,150840,Mapped
2039720,151013,Mapped
2039721,150843,Mapped
2039722,151033,Mapped
2039723,150844,Mapped
2039724,150789,Mapped
2039725,150837,Mapped
2039726,150952,Mapped
2039727,150839,Mapped
2039728,150838,Mapped
2039729,151028,Mapped
2039730,151039,Mapped
2039731,151005,Mapped
2039732,150890,Mapped
2039733,150841,Mapped
2039734,150869,Mapped
2039735,151034,Mapped
2039736,150871,Mapped
2039737,150867,Mapped
2039738,150868,Mapped
2039739,150847,Mapped
2039740,151011,Mapped
2039741,151030,Mapped
2039742,150832,Mapped
2039743,150846,Mapped
2039744,150842,Mapped
2039745,150985,Mapped
2039746,151004,Mapped
2039747,150845,Mapped
2039748,151031,Mapped
2039749,150319,Mapped
2039750,150320,Mapped
2039751,150321,Mapped
2039753,150211,Mapped
2039754,151119,Mapped
2039755,151117,Mapped
2039756,151118,Mapped
2039757,151120,Mapped
2039758,151116,Mapped
2039759,150744,Mapped
2039760,150745,Mapped
2039761,150346,Mapped
2039762,150347,Mapped
2039764,N/A,Unmapped
2039765,N/A,Unmapped
2039766,N/A,Unmapped
2039767,N/A,Unmapped
2039772,150323,Mapped
2039773,150322,Mapped
2039774,150232,Mapped
2039775,150233,Mapped
2039776,150181,Mapped
2039777,150199,Mapped
2039778,150200,Mapped
2039782,151179,Mapped
2039787,150466,Mapped
2039788,150241,Mapped
2039801,150479,Mapped
2039802,150480,Mapped
2039803,150242,Mapped
2039804,151121,Mapped
2039807,150204,Mapped
2039808,150714,Mapped
2039809,150715,Mapped
2039810,150643,Mapped
2039811,151048,Mapped
2039812,150531,Mapped
2039825,150512,Mapped
2039827,151076,Mapped
2039828,151075,Mapped
2039831,151140,Mapped
2039832,151133,Mapped
2039833,150533,Mapped
2039834,150611,Mapped
2039835,150612,Mapped
2039839,150777,Mapped
2039840,150776,Mapped
2039841,150779,Mapped
2039842,150778,Mapped
2039843,150758,Mapped
2039844,150769,Mapped
2039845,150759,Mapped
2039846,150614,Mapped
2039847,150605,Mapped
2039849,150613,Mapped
2039850,150615,Mapped
2039851,150644,Mapped
2039852,150645,Mapped
2039856,150662,Mapped
2039858,150646,Mapped
2039859,150647,Mapped
2039860,150655,Mapped
2039861,150616,Mapped
2039862,150618,Mapped
2039863,N/A,Unmapped
2039865,150698,Mapped
2039866,150664,Mapped
2039868,150665,Mapped
2039869,150666,Mapped
2039870,150667,Mapped
2039871,150668,Mapped
2039872,150669,Mapped
2039873,150670,Mapped
2039874,150671,Mapped
2039875,150672,Mapped
2039876,150673,Mapped
2039877,150674,Mapped
2039878,150675,Mapped
2039880,150619,Mapped
2039881,150620,Mapped
2039882,151044,Mapped
2039884,150895,Mapped
2039885,150957,Mapped
2039887,151018,Mapped
2039888,151019,Mapped
2039893,151441,Mapped
2039894,151440,Mapped
2039897,150730,Mapped
2039898,150736,Mapped
2039899,150737,Mapped
2039906,153131,Mapped
2039907,150676,Mapped
2039908,150753,Mapped
2039909,150752,Mapped
2039910,150749,Mapped
2039911,150750,Mapped
2039912,150738,Mapped
2039913,150740,Mapped
2039914,150739,Mapped
2039915,150732,Mapped
2039916,150733,Mapped
2039917,151136,Mapped
2039918,151130,Mapped
2039920,151105,Mapped
2039921,151104,Mapped
2039922,151103,Mapped
2039924,150743,Mapped
2039925,150756,Mapped
2039926,151176,Mapped
2039927,150699,Mapped
2039928,150746,Mapped
2039929,150748,Mapped
2039930,150735,Mapped
2039933,158091,Mapped
2039934,158092,Mapped
2039935,158093,Mapped
2039936,158094,Mapped
2039938,N/A,Unmapped
2039939,153158,Mapped
2039943,151579,Mapped
2039944,153084,Mapped
2039945,153085,Mapped
2039946,151574,Mapped
2039947,151561,Mapped
2039948,153086,Mapped
2039949,153087,Mapped
2039952,153194,Mapped
2039953,153195,Mapped
2039954,153196,Mapped
2039955,153197,Mapped
2039959,150595,Mapped
2039961,156815,Mapped
2039962,156816,Mapped
2039964,N/A,Unmapped
2039965,151280,Mapped
2039966,151186,Mapped
2039967,151189,Mapped
2039968,151191,Mapped
2039969,154274,Mapped
2039979,151484,Mapped
2039980,151485,Mapped
2039981,151486,Mapped
2039982,151487,Mapped
2039983,151488,Mapped
2039992,N/A,Unmapped
2039993,160188,Mapped
2039994,160193,Mapped
2039995,156153,Mapped
2039996,156155,Mapped
2039997,156157,Mapped
2039998,156156,Mapped
2039999,154279,Mapped
2040000,154280,Mapped
2040003,154276,Mapped
2040004,154275,Mapped
2040026,151451,Mapped
2040164,150648,Mapped
2040165,150468,Mapped
2040166,150469,Mapped
2040167,150470,Mapped
2040169,150712,Mapped
2040170,151131,Mapped
2040171,151132,Mapped
2040172,151127,Mapped
2040173,150546,Mapped
2040174,150656,Mapped
2040176,N/A,Unmapped
2040177,150681,Mapped
2040178,150682,Mapped
2040179,150683,Mapped
2040180,150684,Mapped
2040181,150629,Mapped
2040182,150635,Mapped
2040183,150786,Mapped
2040184,150787,Mapped
2040195,151585,Mapped
2040196,151602,Mapped
2040197,151603,Mapped
2040204,151583,Mapped
2040209,151609,Mapped
2040210,153331,Mapped
2040211,152988,Mapped
2040214,152264,Mapped
2040215,151016,Mapped
2040216,150791,Mapped
2040217,151017,Mapped
2040218,150792,Mapped
2040219,150875,Mapped
2040220,150873,Mapped
2040221,150872,Mapped
2040222,151015,Mapped
2040223,150790,Mapped
2040224,150876,Mapped
2040226,150731,Mapped
2040227,150760,Mapped
2040228,150757,Mapped
2040229,150764,Mapped
2040236,153146,Mapped
2040243,153149,Mapped
2040244,153150,Mapped
2040258,150708,Mapped
2040259,151045,Mapped
2040260,151047,Mapped
2040263,151289,Mapped
2040264,153899,Mapped
2040267,151170,Mapped
2040268,151169,Mapped
2040271,154288,Mapped
2040272,154287,Mapped
2040273,154286,Mapped
2040277,151177,Mapped
2040278,151190,Mapped
2040279,151181,Mapped
2040283,154266,Mapped
2040284,151452,Mapped
2040286,N/A,Unmapped
2040288,N/A,Unmapped
2040289,N/A,Unmapped
2040292,N/A,Unmapped
2040293,N/A,Unmapped
2040294,N/A,Unmapped
2040296,N/A,Unmapped
2040298,N/A,Unmapped
2040299,N/A,Unmapped
2040300,N/A,Unmapped
2040301,N/A,Unmapped
2040304,N/A,Unmapped
2040305,N/A,Unmapped
2040306,N/A,Unmapped
2040307,N/A,Unmapped
2040308,N/A,Unmapped
2040312,153230,Mapped
2040313,154264,Mapped
2040314,154265,Mapped
2040315,154261,Mapped
2040316,154268,Mapped
2040317,154259,Mapped
2040318,153257,Mapped
2040319,151474,Mapped
2040320,151652,Mapped
2040321,151657,Mapped
2040322,151634,Mapped
2040323,151655,Mapped
2040324,151661,Mapped
2040325,151640,Mapped
2040327,154258,Mapped
2040328,153240,Mapped
2040329,153242,Mapped
2040337,N/A,Unmapped
2040350,N/A,Unmapped
2040351,N/A,Unmapped
2040353,N/A,Unmapped
2040359,N/A,Unmapped
2040385,N/A,Unmapped
2040394,N/A,Unmapped
2040395,N/A,Unmapped
2040400,N/A,Unmapped
2040403,153232,Mapped
2040406,158098,Mapped
2040407,158099,Mapped
2040408,158100,Mapped
2040409,153274,Mapped
2040410,153273,Mapped
2040411,153270,Mapped
2040412,153269,Mapped
2040415,153361,Mapped
2040416,153349,Mapped
2040417,153350,Mapped
2040419,153320,Mapped
2040421,N/A,Unmapped
2040422,N/A,Unmapped
2040427,N/A,Unmapped
2040428,N/A,Unmapped
2040430,N/A,Unmapped
2040431,N/A,Unmapped
2040432,N/A,Unmapped
2040433,N/A,Unmapped
2040434,N/A,Unmapped
2040436,N/A,Unmapped
2040437,N/A,Unmapped
2040441,N/A,Unmapped
2040449,N/A,Unmapped
2040450,N/A,Unmapped
2040451,N/A,Unmapped
2040452,N/A,Unmapped
2040453,N/A,Unmapped
2040457,N/A,Unmapped
2040461,N/A,Unmapped
2040462,N/A,Unmapped
2040464,N/A,Unmapped
2040468,N/A,Unmapped
2040470,N/A,Unmapped
2040471,N/A,Unmapped
2040472,N/A,Unmapped
2040473,N/A,Unmapped
2040475,N/A,Unmapped
2040477,N/A,Unmapped
2040485,N/A,Unmapped
2040486,N/A,Unmapped
2040487,N/A,Unmapped
2040488,N/A,Unmapped
2040490,N/A,Unmapped
2040491,N/A,Unmapped
2040492,N/A,Unmapped
2040494,N/A,Unmapped
2040495,N/A,Unmapped
2040496,N/A,Unmapped
2040497,N/A,Unmapped
2040499,N/A,Unmapped
2040501,N/A,Unmapped
2040502,N/A,Unmapped
2040503,N/A,Unmapped
2040504,N/A,Unmapped
2040505,N/A,Unmapped
2040507,N/A,Unmapped
2040508,N/A,Unmapped
2040509,N/A,Unmapped
2040510,N/A,Unmapped
2040514,N/A,Unmapped
2040515,N/A,Unmapped
2040516,N/A,Unmapped
2040520,N/A,Unmapped
2040521,N/A,Unmapped
2040522,N/A,Unmapped
2040523,N/A,Unmapped
2040524,N/A,Unmapped
2040525,N/A,Unmapped
2040527,N/A,Unmapped
2040528,N/A,Unmapped
2040533,N/A,Unmapped
2040534,N/A,Unmapped
2040546,150472,Mapped
2040547,150471,Mapped
2040548,150473,Mapped
2040560,N/A,Unmapped
2040562,158035,Mapped
2040563,158036,Mapped
2040600,151080,Mapped
2040601,151108,Mapped
2040603,150621,Mapped
2040604,150622,Mapped
2040605,150741,Mapped
2040608,N/A,Unmapped
2040609,N/A,Unmapped
2040611,N/A,Unmapped
2040617,N/A,Unmapped
2040618,N/A,Unmapped
2040630,N/A,Unmapped
2040631,N/A,Unmapped
2040647,N/A,Unmapped
2040650,N/A,Unmapped
2040651,N/A,Unmapped
2040656,N/A,Unmapped
2040657,N/A,Unmapped
2040664,N/A,Unmapped
2040668,N/A,Unmapped
2040670,N/A,Unmapped
2040671,N/A,Unmapped
2040675,N/A,Unmapped
2040676,N/A,Unmapped
2040679,N/A,Unmapped
2040680,N/A,Unmapped
2040685,N/A,Unmapped
2040689,N/A,Unmapped
2040690,N/A,Unmapped
2040692,N/A,Unmapped
2040696,N/A,Unmapped
2040699,N/A,Unmapped
2040700,N/A,Unmapped
2040701,N/A,Unmapped
2040703,N/A,Unmapped
2040704,N/A,Unmapped
2040706,N/A,Unmapped
2040707,N/A,Unmapped
2040717,N/A,Unmapped
2040718,N/A,Unmapped
2040722,N/A,Unmapped
2040724,N/A,Unmapped
2040725,N/A,Unmapped
2040726,N/A,Unmapped
2040727,N/A,Unmapped
2040728,N/A,Unmapped
2040733,N/A,Unmapped
2040734,N/A,Unmapped
2040738,N/A,Unmapped
2040739,N/A,Unmapped
2040740,N/A,Unmapped
2040742,N/A,Unmapped
2040744,N/A,Unmapped
2040745,N/A,Unmapped
2040748,N/A,Unmapped
2040749,N/A,Unmapped
2040750,N/A,Unmapped
2040751,N/A,Unmapped
2040754,N/A,Unmapped
2040759,N/A,Unmapped
2040760,N/A,Unmapped
2040762,N/A,Unmapped
2040763,N/A,Unmapped
2040764,N/A,Unmapped
2040766,N/A,Unmapped
2040772,N/A,Unmapped
2040775,N/A,Unmapped
2040778,N/A,Unmapped
2040786,N/A,Unmapped
2040787,N/A,Unmapped
2040789,N/A,Unmapped
2040790,N/A,Unmapped
2040791,N/A,Unmapped
2040795,N/A,Unmapped
2040796,N/A,Unmapped
2040799,151175,Mapped
2040801,150707,Mapped
2040802,150706,Mapped
2040804,158048,Mapped
2040805,151281,Mapped
2040815,154283,Mapped
2040817,154281,Mapped
2040818,153225,Mapped
2040819,153262,Mapped
2040820,153263,Mapped
2040821,153324,Mapped
2040822,153265,Mapped
2040823,151453,Mapped
2040824,151454,Mapped
2040825,151455,Mapped
2040826,151293,Mapped
2040862,153901,Mapped
2040863,154183,Mapped
2040864,N/A,Unmapped
2040865,N/A,Unmapped
2040866,N/A,Unmapped
2040868,154254,Mapped
2040869,154253,Mapped
2040870,154251,Mapped
2040874,154072,Mapped
2040875,154071,Mapped
2040891,153246,Mapped
2040892,153247,Mapped
2040893,153276,Mapped
2040894,153248,Mapped
2040895,153249,Mapped
2040896,153252,Mapped
2040897,153681,Mapped
2040898,153266,Mapped
2040899,153268,Mapped
2040900,153267,Mapped
2040901,153271,Mapped
2040902,153272,Mapped
2040905,154553,Mapped
2040906,154554,Mapped
2040907,154555,Mapped
2040908,154556,Mapped
2040909,154557,Mapped
2040910,154558,Mapped
2040911,154559,Mapped
2040912,154560,Mapped
2040916,153295,Mapped
2040917,153296,Mapped
2040918,153309,Mapped
2040919,153290,Mapped
2040920,153286,Mapped
2040921,153310,Mapped
2040922,153298,Mapped
2040927,153297,Mapped
2040928,153289,Mapped
2040929,153312,Mapped
2040930,153291,Mapped
2040931,153311,Mapped
2040932,153718,Mapped
2040933,153719,Mapped
2040934,153720,Mapped
2040935,153721,Mapped
2040936,154042,Mapped
2040937,153722,Mapped
2040941,153726,Mapped
2040942,153308,Mapped
2040943,153301,Mapped
2040944,153307,Mapped
2040945,153300,Mapped
2040946,153304,Mapped
2040947,153306,Mapped
2040948,153727,Mapped
2040950,153729,Mapped
2040963,153299,Mapped
2041094,N/A,Unmapped
2041119,N/A,Unmapped
2041130,N/A,Unmapped
2041134,N/A,Unmapped
2041166,N/A,Unmapped
2041167,N/A,Unmapped
2041198,N/A,Unmapped
2041206,N/A,Unmapped
2041207,N/A,Unmapped
2041215,N/A,Unmapped
2041226,N/A,Unmapped
2041261,N/A,Unmapped
2041269,N/A,Unmapped
2041274,N/A,Unmapped
2041275,N/A,Unmapped
2041284,151456,Mapped
2041288,151490,Mapped
2041289,151489,Mapped
2041290,151491,Mapped
2041291,153345,Mapped
2041292,153529,Mapped
2041293,151653,Mapped
2041294,151625,Mapped
2041295,151659,Mapped
2041296,151654,Mapped
2041297,151651,Mapped
2041298,151660,Mapped
2041299,151648,Mapped
2041300,151647,Mapped
2041301,151658,Mapped
2041302,151650,Mapped
2041303,151649,Mapped
2041304,151656,Mapped
2041326,151619,Mapped
2041327,151663,Mapped
2041328,151662,Mapped
2041382,N/A,Unmapped
2041383,153258,Mapped
2041384,153259,Mapped
2041388,157946,Mapped
2041400,157996,Mapped
2041402,157998,Mapped
2041403,157999,Mapped
2041405,158001,Mapped
2041409,N/A,Unmapped
2041410,153278,Mapped
2041411,153277,Mapped
2041412,153279,Mapped
2041413,153280,Mapped
2041414,153226,Mapped
2041415,153227,Mapped
2041416,153250,Mapped
2041417,153251,Mapped
2041422,N/A,Unmapped
2041423,154249,Mapped
2041424,154248,Mapped
2041425,154247,Mapped
2041426,154246,Mapped
2041427,153706,Mapped
2041428,153707,Mapped
2041429,153356,Mapped
2041430,153730,Mapped
2041431,153731,Mapped
2041432,153732,Mapped
2041433,153764,Mapped
2041434,154043,Mapped
2041435,154032,Mapped
2041436,153734,Mapped
2041437,153357,Mapped
2041438,153358,Mapped
2041439,153710,Mapped
2041440,153708,Mapped
2041448,158372,Mapped
2041451,153692,Mapped
2041454,153500,Mapped
2041455,153508,Mapped
2041456,153509,Mapped
2041457,153510,Mapped
2041458,153511,Mapped
2041459,153499,Mapped
2041460,153503,Mapped
2041461,153504,Mapped
2041462,153506,Mapped
2041463,153505,Mapped
2041464,153507,Mapped
2041465,153516,Mapped
2041466,153515,Mapped
2041467,153711,Mapped
2041468,153694,Mapped
2041469,153695,Mapped
2041470,153696,Mapped
2041471,153697,Mapped
2041472,154080,Mapped
2041473,154081,Mapped
2041481,153513,Mapped
2041482,154229,Mapped
2041483,154236,Mapped
2041486,153679,Mapped
2041487,153873,Mapped
2041495,154167,Mapped
2041496,154028,Mapped
2041535,158065,Mapped
2041541,153337,Mapped
2041562,151646,Mapped
2041563,151644,Mapped
2041564,153260,Mapped
2041565,153261,Mapped
2041566,153264,Mapped
2041568,157947,Mapped
2041574,157950,Mapped
2041615,N/A,Unmapped
2041616,N/A,Unmapped
2041626,N/A,Unmapped
2041627,N/A,Unmapped
2041665,N/A,Unmapped
2041667,N/A,Unmapped
2041687,N/A,Unmapped
2041691,N/A,Unmapped
2041701,N/A,Unmapped
2041707,N/A,Unmapped
2041715,N/A,Unmapped
2041720,N/A,Unmapped
2041726,N/A,Unmapped
2041727,N/A,Unmapped
2041729,N/A,Unmapped
2041735,N/A,Unmapped
2041738,N/A,Unmapped
2041739,N/A,Unmapped
2041740,N/A,Unmapped
2041743,N/A,Unmapped
2041749,N/A,Unmapped
2041752,N/A,Unmapped
2041753,N/A,Unmapped
2041754,N/A,Unmapped
2041755,N/A,Unmapped
2041756,N/A,Unmapped
2041757,N/A,Unmapped
2041760,N/A,Unmapped
2041762,N/A,Unmapped
2041766,N/A,Unmapped
2041788,N/A,Unmapped
2041797,N/A,Unmapped
2041816,N/A,Unmapped
2041822,N/A,Unmapped
2041829,N/A,Unmapped
2041847,N/A,Unmapped
2041854,N/A,Unmapped
2041892,N/A,Unmapped
2041928,N/A,Unmapped
2041931,N/A,Unmapped
2041933,N/A,Unmapped
2041938,N/A,Unmapped
2041943,N/A,Unmapped
2041944,N/A,Unmapped
2041945,N/A,Unmapped
2041949,N/A,Unmapped
2041970,N/A,Unmapped
2041973,N/A,Unmapped
2041980,N/A,Unmapped
2041983,154256,Mapped
2041984,152350,Mapped
2041985,153698,Mapped
2041986,153699,Mapped
2041987,153700,Mapped
2041990,153344,Mapped
2041991,153341,Mapped
2041996,154002,Mapped
2041997,153520,Mapped
2041998,153521,Mapped
2041999,153351,Mapped
2042001,153318,Mapped
2042003,154175,Mapped
2042004,153314,Mapped
2042005,153313,Mapped
2042015,153735,Mapped
2042016,153736,Mapped
2042017,153737,Mapped
2042018,153739,Mapped
2042019,153738,Mapped
2042020,153740,Mapped
2042021,153741,Mapped
2042022,153742,Mapped
2042023,153743,Mapped
2042024,153744,Mapped
2042025,153745,Mapped
2042031,153747,Mapped
2042032,153748,Mapped
2042033,153749,Mapped
2042073,N/A,Unmapped
2042074,N/A,Unmapped
2042077,N/A,Unmapped
2042083,N/A,Unmapped
2042085,N/A,Unmapped
2042087,N/A,Unmapped
2042088,N/A,Unmapped
2042094,N/A,Unmapped
2042095,N/A,Unmapped
2042096,N/A,Unmapped
2042097,N/A,Unmapped
2042103,N/A,Unmapped
2042110,N/A,Unmapped
2042111,N/A,Unmapped
2042114,N/A,Unmapped
2042115,N/A,Unmapped
2042118,N/A,Unmapped
2042119,N/A,Unmapped
2042122,N/A,Unmapped
2042123,N/A,Unmapped
2042124,N/A,Unmapped
2042125,N/A,Unmapped
2042140,N/A,Unmapped
2042141,N/A,Unmapped
2042142,N/A,Unmapped
2042150,N/A,Unmapped
2042161,N/A,Unmapped
2042164,N/A,Unmapped
2042165,N/A,Unmapped
2042166,N/A,Unmapped
2042167,N/A,Unmapped
2042168,N/A,Unmapped
2042170,N/A,Unmapped
2042171,N/A,Unmapped
2042173,N/A,Unmapped
2042174,N/A,Unmapped
2042178,N/A,Unmapped
2042179,N/A,Unmapped
2042180,N/A,Unmapped
2042181,N/A,Unmapped
2042182,N/A,Unmapped
2042186,N/A,Unmapped
2042187,N/A,Unmapped
2042200,N/A,Unmapped
2042201,N/A,Unmapped
2042203,N/A,Unmapped
2042204,N/A,Unmapped
2042206,N/A,Unmapped
2042208,N/A,Unmapped
2042210,N/A,Unmapped
2042214,N/A,Unmapped
2042215,N/A,Unmapped
2042216,N/A,Unmapped
2042217,N/A,Unmapped
2042218,N/A,Unmapped
2042221,N/A,Unmapped
2042222,N/A,Unmapped
2042224,N/A,Unmapped
2042227,N/A,Unmapped
2042234,N/A,Unmapped
2042239,N/A,Unmapped
2042248,N/A,Unmapped
2042249,N/A,Unmapped
2042251,N/A,Unmapped
2042262,N/A,Unmapped
2042263,N/A,Unmapped
2042266,N/A,Unmapped
2042283,N/A,Unmapped
2042284,N/A,Unmapped
2042285,N/A,Unmapped
2042288,N/A,Unmapped
2042307,N/A,Unmapped
2042312,153231,Mapped
2042313,153238,Mapped
2042314,153239,Mapped
2042332,158028,Mapped
2042333,158029,Mapped
2042390,153512,Mapped
2042391,N/A,Unmapped
2042392,N/A,Unmapped
2042393,N/A,Unmapped
2042430,154088,Mapped
2042431,153818,Mapped
2042432,153821,Mapped
2042433,153968,Mapped
2042434,158836,Mapped
2042439,158841,Mapped
2042441,158843,Mapped
2042442,N/A,Unmapped
2042443,153965,Mapped
2042444,153964,Mapped
2042445,154217,Mapped
2042446,153963,Mapped
2042449,155904,Mapped
2042450,155909,Mapped
2042451,155911,Mapped
2042457,155892,Mapped
2042460,155894,Mapped
2042462,154027,Mapped
2042499,153966,Mapped
2042507,N/A,Unmapped
2042509,N/A,Unmapped
2042510,N/A,Unmapped
2042511,154201,Mapped
2042523,153934,Mapped
2042527,153943,Mapped
2042528,153944,Mapped
2042529,153945,Mapped
2042530,153946,Mapped
2042531,153948,Mapped
2042532,153937,Mapped
2042533,153938,Mapped
2042534,154132,Mapped
2042539,N/A,Unmapped
2042542,N/A,Unmapped
2042543,N/A,Unmapped
2042545,N/A,Unmapped
2042547,N/A,Unmapped
2042548,N/A,Unmapped
2042549,N/A,Unmapped
2042550,N/A,Unmapped
2042553,N/A,Unmapped
2042554,N/A,Unmapped
2042555,N/A,Unmapped
2042556,N/A,Unmapped
2042557,N/A,Unmapped
2042558,N/A,Unmapped
2042563,N/A,Unmapped
2042565,N/A,Unmapped
2042566,N/A,Unmapped
2042570,166763,Mapped
2042571,166725,Mapped
2042572,166760,Mapped
2042574,166690,Mapped
2042575,166689,Mapped
2042576,166687,Mapped
2042577,166758,Mapped
2042578,166756,Mapped
2042579,166757,Mapped
2042580,166719,Mapped
2042581,166718,Mapped
2042582,166722,Mapped
2042584,166755,Mapped
2042586,166753,Mapped
2042589,166668,Mapped
2042590,166759,Mapped
2042591,166747,Mapped
2042592,166730,Mapped
2042593,166750,Mapped
2042594,166751,Mapped
2042595,166752,Mapped
2042597,166734,Mapped
2042598,166731,Mapped
2042599,166733,Mapped
2042600,166732,Mapped
2042601,166673,Mapped
2042603,166754,Mapped
2042605,166686,Mapped
2042606,166724,Mapped
2042607,166762,Mapped
2042613,153338,Mapped
2042614,N/A,Unmapped
2042615,N/A,Unmapped
2042616,N/A,Unmapped
2042617,N/A,Unmapped
2042618,153348,Mapped
2042619,153293,Mapped
2042620,153305,Mapped
2042621,153352,Mapped
2042622,153353,Mapped
2042623,N/A,Unmapped
2042624,N/A,Unmapped
2042625,N/A,Unmapped
2042627,N/A,Unmapped
2042628,N/A,Unmapped
2042629,N/A,Unmapped
2042635,N/A,Unmapped
2042636,N/A,Unmapped
2042637,N/A,Unmapped
2042638,N/A,Unmapped
2042639,N/A,Unmapped
2042640,N/A,Unmapped
2042641,N/A,Unmapped
2042643,N/A,Unmapped
2042648,N/A,Unmapped
2042650,N/A,Unmapped
2042653,N/A,Unmapped
2042659,N/A,Unmapped
2042660,N/A,Unmapped
2042661,N/A,Unmapped
2042662,N/A,Unmapped
2042663,N/A,Unmapped
2042664,N/A,Unmapped
2042665,N/A,Unmapped
2042670,N/A,Unmapped
2042671,N/A,Unmapped
2042674,N/A,Unmapped
2042675,N/A,Unmapped
2042698,N/A,Unmapped
2042701,N/A,Unmapped
2042704,N/A,Unmapped
2042714,N/A,Unmapped
2042728,N/A,Unmapped
2042729,N/A,Unmapped
2042730,N/A,Unmapped
2042737,N/A,Unmapped
2042740,N/A,Unmapped
2042744,N/A,Unmapped
2042747,N/A,Unmapped
2042753,N/A,Unmapped
2042762,N/A,Unmapped
2042767,N/A,Unmapped
2042769,N/A,Unmapped
2042772,N/A,Unmapped
2042774,N/A,Unmapped
2042776,N/A,Unmapped
2042783,N/A,Unmapped
2042785,N/A,Unmapped
2042787,N/A,Unmapped
2042788,N/A,Unmapped
2042789,N/A,Unmapped
2042791,N/A,Unmapped
2042798,N/A,Unmapped
2042799,N/A,Unmapped
2042800,N/A,Unmapped
2042803,N/A,Unmapped
2042804,N/A,Unmapped
2042805,N/A,Unmapped
2042809,N/A,Unmapped
2042810,N/A,Unmapped
2042811,N/A,Unmapped
2042814,N/A,Unmapped
2042815,N/A,Unmapped
2042816,N/A,Unmapped
2042819,N/A,Unmapped
2042820,N/A,Unmapped
2042821,N/A,Unmapped
2042828,N/A,Unmapped
2042829,N/A,Unmapped
2042831,N/A,Unmapped
2042832,N/A,Unmapped
2042835,N/A,Unmapped
2042836,N/A,Unmapped
2042838,N/A,Unmapped
2042841,N/A,Unmapped
2042842,N/A,Unmapped
2042843,N/A,Unmapped
2042845,N/A,Unmapped
2042846,N/A,Unmapped
2042848,N/A,Unmapped
2042849,N/A,Unmapped
2042850,N/A,Unmapped
2042851,N/A,Unmapped
2042857,N/A,Unmapped
2042860,N/A,Unmapped
2042861,N/A,Unmapped
2042862,N/A,Unmapped
2042863,N/A,Unmapped
2042864,N/A,Unmapped
2042865,N/A,Unmapped
2042868,N/A,Unmapped
2042869,N/A,Unmapped
2042870,N/A,Unmapped
2042871,N/A,Unmapped
2042880,N/A,Unmapped
2042881,N/A,Unmapped
2042883,155716,Mapped
2042884,155717,Mapped
2042885,153962,Mapped
2042900,153999,Mapped
2042914,156065,Mapped
2042915,160329,Mapped
2042916,156066,Mapped
2042917,156067,Mapped
2042918,156068,Mapped
2042919,156069,Mapped
2042920,156070,Mapped
2042921,156071,Mapped
2042922,156072,Mapped
2042923,156073,Mapped
2042924,156074,Mapped
2042925,156075,Mapped
2042926,156076,Mapped
2042927,156077,Mapped
2042928,156078,Mapped
2042929,153989,Mapped
2042930,153987,Mapped
2042931,153988,Mapped
2042932,153990,Mapped
2042933,154064,Mapped
2042934,154050,Mapped
2042935,154047,Mapped
2042936,154082,Mapped
2042937,154044,Mapped
2042938,153763,Mapped
2042939,154218,Mapped
2042942,155900,Mapped
2042943,155903,Mapped
2042944,153760,Mapped
2042958,154205,Mapped
2042977,N/A,Unmapped
2042978,154202,Mapped
2042979,153907,Mapped
2042980,154105,Mapped
2042981,154319,Mapped
2042982,163702,Mapped
2042983,163701,Mapped
2042984,163703,Mapped
2042985,163707,Mapped
2042986,163709,Mapped
2042987,163705,Mapped
2043016,N/A,Unmapped
2043017,N/A,Unmapped
2043020,N/A,Unmapped
2043022,N/A,Unmapped
2043023,N/A,Unmapped
2043025,N/A,Unmapped
2043026,N/A,Unmapped
2043028,N/A,Unmapped
2043031,N/A,Unmapped
2043036,153315,Mapped
2043040,N/A,Unmapped
2043044,N/A,Unmapped
2043049,N/A,Unmapped
2043050,N/A,Unmapped
2043052,N/A,Unmapped
2043053,N/A,Unmapped
2043056,N/A,Unmapped
2043057,N/A,Unmapped
2043059,N/A,Unmapped
2043062,N/A,Unmapped
2043064,N/A,Unmapped
2043066,N/A,Unmapped
2043068,N/A,Unmapped
2043070,N/A,Unmapped
2043073,N/A,Unmapped
2043075,N/A,Unmapped
2043081,N/A,Unmapped
2043089,N/A,Unmapped
2043092,N/A,Unmapped
2043093,N/A,Unmapped
2043094,N/A,Unmapped
2043095,N/A,Unmapped
2043098,N/A,Unmapped
2043099,N/A,Unmapped
2043101,N/A,Unmapped
2043109,N/A,Unmapped
2043111,N/A,Unmapped
2043112,N/A,Unmapped
2043115,N/A,Unmapped
2043116,N/A,Unmapped
2043117,N/A,Unmapped
2043118,N/A,Unmapped
2043121,N/A,Unmapped
2043123,N/A,Unmapped
2043126,N/A,Unmapped
2043134,N/A,Unmapped
2043135,N/A,Unmapped
2043137,N/A,Unmapped
2043138,N/A,Unmapped
2043139,N/A,Unmapped
2043140,N/A,Unmapped
2043141,N/A,Unmapped
2043142,N/A,Unmapped
2043143,N/A,Unmapped
2043144,N/A,Unmapped
2043145,N/A,Unmapped
2043146,N/A,Unmapped
2043147,N/A,Unmapped
2043151,N/A,Unmapped
2043152,N/A,Unmapped
2043153,N/A,Unmapped
2043163,N/A,Unmapped
2043164,N/A,Unmapped
2043165,N/A,Unmapped
2043166,N/A,Unmapped
2043169,N/A,Unmapped
2043170,N/A,Unmapped
2043173,N/A,Unmapped
2043174,N/A,Unmapped
2043175,N/A,Unmapped
2043177,N/A,Unmapped
2043178,N/A,Unmapped
2043180,N/A,Unmapped
2043183,N/A,Unmapped
2043184,N/A,Unmapped
2043185,N/A,Unmapped
2043186,N/A,Unmapped
2043187,N/A,Unmapped
2043188,N/A,Unmapped
2043189,N/A,Unmapped
2043190,N/A,Unmapped
2043191,N/A,Unmapped
2043192,N/A,Unmapped
2043193,N/A,Unmapped
2043194,N/A,Unmapped
2043198,N/A,Unmapped
2043199,N/A,Unmapped
2043201,N/A,Unmapped
2043205,N/A,Unmapped
2043206,N/A,Unmapped
2043212,N/A,Unmapped
2043214,N/A,Unmapped
2043243,154242,Mapped
2043245,153883,Mapped
2043246,155718,Mapped
2043250,N/A,Unmapped
2043251,N/A,Unmapped
2043252,N/A,Unmapped
2043253,N/A,Unmapped
2043255,153877,Mapped
2043256,154074,Mapped
2043257,153878,Mapped
2043258,153889,Mapped
2043259,154210,Mapped
2043260,154208,Mapped
2043261,154207,Mapped
2043262,154200,Mapped
2043263,154204,Mapped
2043264,154203,Mapped
2043265,N/A,Unmapped
2043266,154158,Mapped
2043267,154252,Mapped
2043268,154134,Mapped
2043269,154211,Mapped
2043270,154209,Mapped
2043271,154199,Mapped
2043272,154306,Mapped
2043273,154318,Mapped
2043274,154465,Mapped
2043275,154474,Mapped
2043285,N/A,Unmapped
2043286,N/A,Unmapped
2043289,N/A,Unmapped
2043294,N/A,Unmapped
2043299,N/A,Unmapped
2043300,N/A,Unmapped
2043302,N/A,Unmapped
2043303,N/A,Unmapped
2043304,N/A,Unmapped
2043306,N/A,Unmapped
2043313,N/A,Unmapped
2043316,N/A,Unmapped
2043318,N/A,Unmapped
2043320,N/A,Unmapped
2043322,N/A,Unmapped
2043323,N/A,Unmapped
2043326,N/A,Unmapped
2043328,N/A,Unmapped
2043331,N/A,Unmapped
2043332,N/A,Unmapped
2043333,155878,Mapped
2043334,155882,Mapped
2043335,N/A,Unmapped
2043392,N/A,Unmapped
2043393,N/A,Unmapped
2043394,N/A,Unmapped
2043395,N/A,Unmapped
2043396,N/A,Unmapped
2043397,N/A,Unmapped
2043399,N/A,Unmapped
2043400,N/A,Unmapped
2043401,N/A,Unmapped
2043402,N/A,Unmapped
2043403,N/A,Unmapped
2043404,N/A,Unmapped
2043405,N/A,Unmapped
2043406,N/A,Unmapped
2043407,N/A,Unmapped
2043408,N/A,Unmapped
2043409,N/A,Unmapped
2043410,N/A,Unmapped
2043411,N/A,Unmapped
2043412,N/A,Unmapped
2043413,N/A,Unmapped
2043414,166743,Mapped
2043415,166744,Mapped
2043416,166742,Mapped
2043417,166746,Mapped
2043418,155985,Mapped
2043419,155885,Mapped
2043420,155887,Mapped
2043443,155957,Mapped
2043444,155960,Mapped
2043445,155961,Mapped
2043446,155962,Mapped
2043447,155963,Mapped
2043448,155964,Mapped
2043449,155764,Mapped
2043450,155905,Mapped
2043451,155902,Mapped
2043452,155876,Mapped
2043453,155877,Mapped
2043454,155886,Mapped
2043455,166374,Mapped
2043456,166903,Mapped
2043457,164947,Mapped
2043459,168773,Mapped
2043460,168780,Mapped
2043462,168575,Mapped
2043464,155871,Mapped
2043466,155853,Mapped
2043467,162553,Mapped
2043468,162546,Mapped
2043469,162523,Mapped
2043470,162572,Mapped
2043471,162524,Mapped
2043472,162522,Mapped
2043473,162547,Mapped
2043474,162589,Mapped
2043475,162573,Mapped
2043476,162518,Mapped
2043477,162530,Mapped
2043479,162567,Mapped
2043480,162548,Mapped
2043481,162559,Mapped
2043482,162557,Mapped
2043483,162531,Mapped
2043484,162560,Mapped
2043498,N/A,Unmapped
2043526,N/A,Unmapped
2043541,N/A,Unmapped
2043542,N/A,Unmapped
2043543,N/A,Unmapped
2043544,N/A,Unmapped
2043546,N/A,Unmapped
2043547,N/A,Unmapped
2043548,N/A,Unmapped
2043549,N/A,Unmapped
2043551,N/A,Unmapped
2043552,N/A,Unmapped
2043555,N/A,Unmapped
2043559,N/A,Unmapped
2043562,N/A,Unmapped
2043568,N/A,Unmapped
2043574,N/A,Unmapped
2043575,N/A,Unmapped
2043576,N/A,Unmapped
2043577,N/A,Unmapped
2043578,N/A,Unmapped
2043580,N/A,Unmapped
2043583,N/A,Unmapped
2043587,N/A,Unmapped
2043633,153838,Mapped
2043636,N/A,Unmapped
2043642,154015,Mapped
2043643,154016,Mapped
2043644,154090,Mapped
2043645,154021,Mapped
2043646,154019,Mapped
2043647,154020,Mapped
2043655,153765,Mapped
2043657,153518,Mapped
2043658,153514,Mapped
2043662,153501,Mapped
2043663,153502,Mapped
2043664,153496,Mapped
2043665,153712,Mapped
2043666,153713,Mapped
2043667,153714,Mapped
2043668,153519,Mapped
2043669,153834,Mapped
2043670,153831,Mapped
2043671,153828,Mapped
2043672,153835,Mapped
2043673,153824,Mapped
2043674,153825,Mapped
2043675,153826,Mapped
2043677,154244,Mapped
2043709,154168,Mapped
2043710,153949,Mapped
2043711,153947,Mapped
2043740,153802,Mapped
2043743,154169,Mapped
2043744,154030,Mapped
2043745,154029,Mapped
2043772,156834,Mapped
2043773,156835,Mapped
2043775,156837,Mapped
2043776,156849,Mapped
2043779,153875,Mapped
2043782,155705,Mapped
2043784,154163,Mapped
2043786,154161,Mapped
2043788,153895,Mapped
2043790,153864,Mapped
2043791,153865,Mapped
2043792,154157,Mapped
2043797,154198,Mapped
2043798,154197,Mapped
2043799,154196,Mapped
2043800,154195,Mapped
2043801,154194,Mapped
2043802,154192,Mapped
2043803,154193,Mapped
2043804,154191,Mapped
2043805,154190,Mapped
2043806,154187,Mapped
2043808,153908,Mapped
2043809,153904,Mapped
2043810,154181,Mapped
2043811,154184,Mapped
2043822,N/A,Unmapped
2043823,154094,Mapped
2043824,N/A,Unmapped
2043850,N/A,Unmapped
2043852,N/A,Unmapped
2043854,N/A,Unmapped
2043855,N/A,Unmapped
2043856,N/A,Unmapped
2043862,N/A,Unmapped
2043863,N/A,Unmapped
2043866,N/A,Unmapped
2043868,N/A,Unmapped
2043869,N/A,Unmapped
2043870,N/A,Unmapped
2043872,N/A,Unmapped
2043875,N/A,Unmapped
2043876,N/A,Unmapped
2043877,N/A,Unmapped
2043891,N/A,Unmapped
2043892,N/A,Unmapped
2043893,N/A,Unmapped
2043894,N/A,Unmapped
2043895,N/A,Unmapped
2043896,N/A,Unmapped
2043897,N/A,Unmapped
2043898,N/A,Unmapped
2043899,N/A,Unmapped
2043900,N/A,Unmapped
2043901,N/A,Unmapped
2043902,N/A,Unmapped
2043907,N/A,Unmapped
2043908,N/A,Unmapped
2043909,N/A,Unmapped
2043910,N/A,Unmapped
2043911,N/A,Unmapped
2043912,N/A,Unmapped
2043913,N/A,Unmapped
2043914,N/A,Unmapped
2043915,N/A,Unmapped
2043919,N/A,Unmapped
2043920,N/A,Unmapped
2043921,N/A,Unmapped
2043934,N/A,Unmapped
2043935,N/A,Unmapped
2043936,N/A,Unmapped
2043941,N/A,Unmapped
2043944,N/A,Unmapped
2043945,N/A,Unmapped
2043946,N/A,Unmapped
2043948,N/A,Unmapped
2043952,N/A,Unmapped
2043954,N/A,Unmapped
2043955,N/A,Unmapped
2043958,N/A,Unmapped
2043960,N/A,Unmapped
2043961,N/A,Unmapped
2043962,N/A,Unmapped
2043963,N/A,Unmapped
2043968,N/A,Unmapped
2043969,N/A,Unmapped
2043970,N/A,Unmapped
2043971,N/A,Unmapped
2043972,N/A,Unmapped
2043973,N/A,Unmapped
2043987,N/A,Unmapped
2043989,N/A,Unmapped
2043990,N/A,Unmapped
2043992,N/A,Unmapped
2043993,168197,Mapped
2043994,N/A,Unmapped
2043995,N/A,Unmapped
2043996,N/A,Unmapped
2043997,N/A,Unmapped
2044000,N/A,Unmapped
2044001,N/A,Unmapped
2044002,N/A,Unmapped
2044003,N/A,Unmapped
2044008,N/A,Unmapped
2044009,168198,Mapped
2044010,166261,Mapped
2044016,N/A,Unmapped
2044018,N/A,Unmapped
2044019,N/A,Unmapped
2044020,168200,Mapped
2044021,N/A,Unmapped
2044022,168199,Mapped
2044023,N/A,Unmapped
2044024,N/A,Unmapped
2044025,N/A,Unmapped
2044030,N/A,Unmapped
2044031,N/A,Unmapped
2044032,N/A,Unmapped
2044033,N/A,Unmapped
2044046,153771,Mapped
2044047,153782,Mapped
2044048,153770,Mapped
2044049,153780,Mapped
2044050,154237,Mapped
2044052,153773,Mapped
2044053,153774,Mapped
2044054,154239,Mapped
2044055,153755,Mapped
2044056,153756,Mapped
2044057,153757,Mapped
2044058,153758,Mapped
2044059,154171,Mapped
2044060,154170,Mapped
2044064,153497,Mapped
2044067,N/A,Unmapped
2044068,N/A,Unmapped
2044069,N/A,Unmapped
2044070,N/A,Unmapped
2044071,N/A,Unmapped
2044074,154238,Mapped
2044075,154232,Mapped
2044076,154230,Mapped
2044077,154240,Mapped
2044078,154234,Mapped
2044079,154241,Mapped
2044086,153884,Mapped
2044087,153685,Mapped
2044088,153683,Mapped
2044090,153680,Mapped
2044092,153691,Mapped
2044093,153690,Mapped
2044094,153688,Mapped
2044095,153689,Mapped
2044097,154226,Mapped
2044098,154225,Mapped
2044099,154224,Mapped
2044100,154223,Mapped
2044101,154222,Mapped
2044102,154220,Mapped
2044104,154219,Mapped
2044105,166375,Mapped
2044106,166379,Mapped
2044107,164949,Mapped
2044109,166376,Mapped
2044111,166377,Mapped
2044112,166378,Mapped
2044113,166380,Mapped
2044114,166381,Mapped
2044116,166382,Mapped
2044117,166383,Mapped
2044118,166384,Mapped
2044119,166385,Mapped
2044120,166386,Mapped
2044121,166387,Mapped
2044122,166388,Mapped
2044123,166389,Mapped
2044124,166390,Mapped
2044125,166391,Mapped
2044126,166904,Mapped
2044127,166392,Mapped
2044128,166905,Mapped
2044129,165800,Mapped
2044130,165801,Mapped
2044132,165699,Mapped
2044133,166906,Mapped
2044134,165802,Mapped
2044135,165803,Mapped
2044136,166907,Mapped
2044137,166908,Mapped
2044138,165804,Mapped
2044139,166909,Mapped
2044140,164948,Mapped
2044141,165700,Mapped
2044142,166910,Mapped
2044143,166911,Mapped
2044145,165702,Mapped
2044146,165703,Mapped
2044147,165704,Mapped
2044148,166393,Mapped
2044149,166394,Mapped
2044150,166912,Mapped
2044151,166914,Mapped
2044152,166913,Mapped
2044153,166395,Mapped
2044155,166915,Mapped
2044156,166916,Mapped
2044157,166917,Mapped
2044158,166918,Mapped
2044159,166919,Mapped
2044160,166920,Mapped
2044161,166921,Mapped
2044172,166396,Mapped
2044173,166397,Mapped
2044185,166922,Mapped
2044187,166924,Mapped
2044190,166927,Mapped
2044194,166932,Mapped
2044195,166931,Mapped
2044196,166933,Mapped
2044197,166934,Mapped
2044198,166935,Mapped
2044199,166936,Mapped
2044200,166399,Mapped
2044201,166400,Mapped
2044202,166401,Mapped
2044210,166942,Mapped
2044211,166943,Mapped
2044215,166404,Mapped
2044216,161701,Mapped
2044217,164230,Mapped
2044218,166945,Mapped
2044221,154005,Mapped
2044222,154051,Mapped
2044223,154011,Mapped
2044224,154023,Mapped
2044255,153953,Mapped
2044256,154048,Mapped
2044257,153975,Mapped
2044258,153976,Mapped
2044259,153977,Mapped
2044260,153978,Mapped
2044261,154303,Mapped
2044262,154304,Mapped
2044307,158432,Mapped
2044308,158433,Mapped
2044337,155895,Mapped
2044338,155897,Mapped
2044339,155896,Mapped
2044344,N/A,Unmapped
2044346,N/A,Unmapped
2044349,N/A,Unmapped
2044350,N/A,Unmapped
2044351,N/A,Unmapped
2044352,N/A,Unmapped
2044353,N/A,Unmapped
2044354,N/A,Unmapped
2044355,N/A,Unmapped
2044357,N/A,Unmapped
2044360,N/A,Unmapped
2044362,N/A,Unmapped
2044363,N/A,Unmapped
2044364,N/A,Unmapped
2044367,N/A,Unmapped
2044371,N/A,Unmapped
2044372,N/A,Unmapped
2044373,N/A,Unmapped
2044375,N/A,Unmapped
2044377,N/A,Unmapped
2044378,N/A,Unmapped
2044379,N/A,Unmapped
2044380,N/A,Unmapped
2044381,N/A,Unmapped
2044382,N/A,Unmapped
2044386,168430,Mapped
2044387,168419,Mapped
2044392,N/A,Unmapped
2044393,N/A,Unmapped
2044394,N/A,Unmapped
2044395,N/A,Unmapped
2044396,N/A,Unmapped
2044397,N/A,Unmapped
2044398,N/A,Unmapped
2044399,N/A,Unmapped
2044400,N/A,Unmapped
2044403,N/A,Unmapped
2044405,N/A,Unmapped
2044406,N/A,Unmapped
2044407,N/A,Unmapped
2044408,N/A,Unmapped
2044410,154156,Mapped
2044413,154146,Mapped
2044415,154152,Mapped
2044416,154143,Mapped
2044417,154142,Mapped
2044419,153905,Mapped
2044420,154186,Mapped
2044421,154188,Mapped
2044422,154189,Mapped
2044423,154135,Mapped
2044424,154182,Mapped
2044430,153926,Mapped
2044433,153932,Mapped
2044467,154117,Mapped
2044468,154111,Mapped
2044469,154180,Mapped
2044470,154173,Mapped
2044471,154172,Mapped
2044472,154099,Mapped
2044473,154100,Mapped
2044476,156175,Mapped
2044486,154114,Mapped
2044487,154103,Mapped
2044488,154110,Mapped
2044489,154310,Mapped
2044490,154308,Mapped
2044491,154305,Mapped
2044492,155830,Mapped
2044493,154311,Mapped
2044494,154312,Mapped
2044495,154501,Mapped
2044496,N/A,Unmapped
2044500,N/A,Unmapped
2044501,N/A,Unmapped
2044502,N/A,Unmapped
2044503,N/A,Unmapped
2044504,N/A,Unmapped
2044505,N/A,Unmapped
2044506,N/A,Unmapped
2044507,N/A,Unmapped
2044508,N/A,Unmapped
2044509,N/A,Unmapped
2044510,N/A,Unmapped
2044511,N/A,Unmapped
2044512,N/A,Unmapped
2044513,N/A,Unmapped
2044514,N/A,Unmapped
2044515,N/A,Unmapped
2044516,N/A,Unmapped
2044517,N/A,Unmapped
2044518,N/A,Unmapped
2044519,N/A,Unmapped
2044520,N/A,Unmapped
2044521,N/A,Unmapped
2044522,N/A,Unmapped
2044523,N/A,Unmapped
2044524,N/A,Unmapped
2044525,N/A,Unmapped
2044526,N/A,Unmapped
2044527,N/A,Unmapped
2044528,N/A,Unmapped
2044529,N/A,Unmapped
2044530,N/A,Unmapped
2044531,N/A,Unmapped
2044532,N/A,Unmapped
2044533,N/A,Unmapped
2044534,N/A,Unmapped
2044540,154039,Mapped
2044541,154036,Mapped
2044542,153819,Mapped
2044543,153820,Mapped
2044544,153762,Mapped
2044545,156079,Mapped
2044546,156080,Mapped
2044547,156081,Mapped
2044548,156082,Mapped
2044549,156083,Mapped
2044550,156084,Mapped
2044551,156085,Mapped
2044552,153761,Mapped
2044553,154216,Mapped
2044554,154214,Mapped
2044555,154215,Mapped
2044556,154213,Mapped
2044557,153822,Mapped
2044558,153888,Mapped
2044561,153874,Mapped
2044570,N/A,Unmapped
2044575,N/A,Unmapped
2044576,N/A,Unmapped
2044578,N/A,Unmapped
2044579,N/A,Unmapped
2044580,N/A,Unmapped
2044581,N/A,Unmapped
2044583,N/A,Unmapped
2044584,N/A,Unmapped
2044585,N/A,Unmapped
2044586,N/A,Unmapped
2044587,N/A,Unmapped
2044588,N/A,Unmapped
2044589,N/A,Unmapped
2044590,N/A,Unmapped
2044593,N/A,Unmapped
2044595,N/A,Unmapped
2044596,N/A,Unmapped
2044597,N/A,Unmapped
2044598,N/A,Unmapped
2044599,N/A,Unmapped
2044600,N/A,Unmapped
2044604,166761,Mapped
2044605,166695,Mapped
2044606,166714,Mapped
2044607,166717,Mapped
2044608,166735,Mapped
2044609,166745,Mapped
2044610,166676,Mapped
2044611,166675,Mapped
2044612,166672,Mapped
2044614,166723,Mapped
2044615,N/A,Unmapped
2044616,N/A,Unmapped
2044617,N/A,Unmapped
2044618,N/A,Unmapped
2044619,N/A,Unmapped
2044620,N/A,Unmapped
2044621,N/A,Unmapped
2044622,N/A,Unmapped
2044623,N/A,Unmapped
2044624,N/A,Unmapped
2044625,N/A,Unmapped
2044626,N/A,Unmapped
2044627,N/A,Unmapped
2044628,N/A,Unmapped
2044631,N/A,Unmapped
2044632,N/A,Unmapped
2044633,N/A,Unmapped
2044635,N/A,Unmapped
2044639,153870,Mapped
2044640,154165,Mapped
2044641,154164,Mapped
2044646,154151,Mapped
2044647,154149,Mapped
2044663,154179,Mapped
2044664,154185,Mapped
2044665,154174,Mapped
2044666,155898,Mapped
2044667,155899,Mapped
2044668,153906,Mapped
2044669,153903,Mapped
2044673,154095,Mapped
2044674,164568,Mapped
2044675,164569,Mapped
2044676,164544,Mapped
2044677,164545,Mapped
2044679,164563,Mapped
2044680,164564,Mapped
2044681,164562,Mapped
2044686,164555,Mapped
2044687,164556,Mapped
2044688,164550,Mapped
2044689,164552,Mapped
2044690,164551,Mapped
2044691,164539,Mapped
2044692,164540,Mapped
2044693,164541,Mapped
2044695,164543,Mapped
2044696,164542,Mapped
2044697,164570,Mapped
2044698,164571,Mapped
2044699,164572,Mapped
2044700,164561,Mapped
2044701,164533,Mapped
2044702,164554,Mapped
2044703,164553,Mapped
2044704,164547,Mapped
2044705,164546,Mapped
2044706,164538,Mapped
2044707,164565,Mapped
2044712,164528,Mapped
2044713,164573,Mapped
2044714,164574,Mapped
2044715,164532,Mapped
2044717,164557,Mapped
2044718,164558,Mapped
2044719,164559,Mapped
2044720,164560,Mapped
2044723,164575,Mapped
2044724,164580,Mapped
2044725,164579,Mapped
2044726,164578,Mapped
2044727,164577,Mapped
2044728,164576,Mapped
2044729,164581,Mapped
2044730,164582,Mapped
2044743,N/A,Unmapped
2044744,N/A,Unmapped
2044745,N/A,Unmapped
2044746,N/A,Unmapped
2044747,N/A,Unmapped
2044748,N/A,Unmapped
2044749,N/A,Unmapped
2044750,N/A,Unmapped
2044751,N/A,Unmapped
2044752,N/A,Unmapped
2044753,N/A,Unmapped
2044754,N/A,Unmapped
2044755,N/A,Unmapped
2044756,N/A,Unmapped
2044757,N/A,Unmapped
2044760,N/A,Unmapped
2044761,N/A,Unmapped
2044763,N/A,Unmapped
2044764,N/A,Unmapped
2044767,N/A,Unmapped
2044768,N/A,Unmapped
2044769,N/A,Unmapped
2044770,N/A,Unmapped
2044771,N/A,Unmapped
2044772,N/A,Unmapped
2044773,N/A,Unmapped
2044774,N/A,Unmapped
2044775,N/A,Unmapped
2044776,N/A,Unmapped
2044777,N/A,Unmapped
2044781,N/A,Unmapped
2044782,N/A,Unmapped
2044783,N/A,Unmapped
2044784,N/A,Unmapped
2044785,N/A,Unmapped
2044786,N/A,Unmapped
2044796,N/A,Unmapped
2044797,N/A,Unmapped
2044800,N/A,Unmapped
2044801,N/A,Unmapped
2044802,N/A,Unmapped
2044812,N/A,Unmapped
2044813,N/A,Unmapped
2044839,N/A,Unmapped
2044860,N/A,Unmapped
2044861,N/A,Unmapped
2044862,N/A,Unmapped
2044863,N/A,Unmapped
2044864,N/A,Unmapped
2044865,N/A,Unmapped
2044866,N/A,Unmapped
2044867,N/A,Unmapped
2044868,N/A,Unmapped
2044869,N/A,Unmapped
2044870,N/A,Unmapped
2044871,N/A,Unmapped
2044872,N/A,Unmapped
2044873,N/A,Unmapped
2044874,N/A,Unmapped
2044875,N/A,Unmapped
2044876,N/A,Unmapped
2044877,N/A,Unmapped
2044878,N/A,Unmapped
2044879,N/A,Unmapped
2044880,N/A,Unmapped
2044881,N/A,Unmapped
2044882,N/A,Unmapped
2044883,N/A,Unmapped
2044884,N/A,Unmapped
2044885,N/A,Unmapped
2044886,N/A,Unmapped
2044887,N/A,Unmapped
2044888,N/A,Unmapped
2044889,N/A,Unmapped
2044890,N/A,Unmapped
2044900,N/A,Unmapped
2044901,N/A,Unmapped
2044903,N/A,Unmapped
2044904,N/A,Unmapped
2044906,N/A,Unmapped
2044911,N/A,Unmapped
2044913,N/A,Unmapped
2044915,N/A,Unmapped
2044919,N/A,Unmapped
2044920,N/A,Unmapped
2044921,N/A,Unmapped
2044922,N/A,Unmapped
2044927,N/A,Unmapped
2044928,N/A,Unmapped
2044929,N/A,Unmapped
2044930,N/A,Unmapped
2044931,N/A,Unmapped
2044932,N/A,Unmapped
2044933,N/A,Unmapped
2044934,N/A,Unmapped
2044935,N/A,Unmapped
2044936,N/A,Unmapped
2044937,N/A,Unmapped
2044938,N/A,Unmapped
2044941,N/A,Unmapped
2044942,N/A,Unmapped
2044944,N/A,Unmapped
2044945,N/A,Unmapped
2044950,N/A,Unmapped
2044951,N/A,Unmapped
2044954,N/A,Unmapped
2044957,N/A,Unmapped
2044963,N/A,Unmapped
2044964,N/A,Unmapped
2044965,N/A,Unmapped
2044966,N/A,Unmapped
2044967,N/A,Unmapped
2044970,N/A,Unmapped
2044976,N/A,Unmapped
2044977,N/A,Unmapped
2044978,N/A,Unmapped
2044979,N/A,Unmapped
2044982,N/A,Unmapped
2044983,N/A,Unmapped
2044985,N/A,Unmapped
2044989,N/A,Unmapped
2044991,N/A,Unmapped
2044992,N/A,Unmapped
2044993,N/A,Unmapped
2044994,N/A,Unmapped
2044995,N/A,Unmapped
2044996,N/A,Unmapped
2044997,N/A,Unmapped
2044999,N/A,Unmapped
2045001,N/A,Unmapped
2045002,N/A,Unmapped
2045003,N/A,Unmapped
2045004,N/A,Unmapped
2045005,N/A,Unmapped
2045008,N/A,Unmapped
2045010,N/A,Unmapped
2045012,N/A,Unmapped
2045020,166738,Mapped
2045021,166699,Mapped
2045035,153939,Mapped
2045036,153940,Mapped
2045037,153941,Mapped
2045042,153923,Mapped
2045044,153924,Mapped
2045045,153928,Mapped
2045046,153929,Mapped
2045047,153930,Mapped
2045049,154121,Mapped
2045050,154118,Mapped
2045051,154127,Mapped
2045052,154125,Mapped
2045053,154116,Mapped
2045054,154115,Mapped
2045055,154113,Mapped
2045058,154108,Mapped
2045059,154104,Mapped
2045060,154106,Mapped
2045108,154101,Mapped
2045109,154109,Mapped
2045110,154102,Mapped
2045111,154097,Mapped
2045112,N/A,Unmapped
2045113,154500,Mapped
2045114,154502,Mapped
2045117,N/A,Unmapped
2045118,N/A,Unmapped
2045122,N/A,Unmapped
2045131,N/A,Unmapped
2045138,N/A,Unmapped
2045139,N/A,Unmapped
2045143,155958,Mapped
2045144,155704,Mapped
2045145,167153,Mapped
2045174,155765,Mapped
2045175,155767,Mapped
2045176,155768,Mapped
2045177,155769,Mapped
2045178,N/A,Unmapped
2045187,156448,Mapped
2045189,156449,Mapped
2045190,156450,Mapped
2045191,158333,Mapped
2045192,158334,Mapped
2045193,157803,Mapped
2045194,157804,Mapped
2045195,156250,Mapped
2045196,156168,Mapped
2045197,156249,Mapped
2045198,156255,Mapped
2045202,158905,Mapped
2045203,158907,Mapped
2045204,158906,Mapped
2045205,158908,Mapped
2045206,158909,Mapped
2045218,156396,Mapped
2045221,156399,Mapped
2045222,156400,Mapped
2045223,156401,Mapped
2045227,156405,Mapped
2045228,156406,Mapped
2045229,156407,Mapped
2045541,N/A,Unmapped
2045542,N/A,Unmapped
2045543,N/A,Unmapped
2045544,N/A,Unmapped
2045545,N/A,Unmapped
2045557,155770,Mapped
2045558,155771,Mapped
2045559,N/A,Unmapped
2045560,154321,Mapped
2045561,155696,Mapped
2045563,N/A,Unmapped
2045564,N/A,Unmapped
2045565,N/A,Unmapped
2045566,N/A,Unmapped
2045568,N/A,Unmapped
2045570,N/A,Unmapped
2045571,N/A,Unmapped
2045572,N/A,Unmapped
2045573,N/A,Unmapped
2045575,N/A,Unmapped
2045576,N/A,Unmapped
2045577,N/A,Unmapped
2045578,N/A,Unmapped
2045579,N/A,Unmapped
2045583,N/A,Unmapped
2045585,N/A,Unmapped
2045586,N/A,Unmapped
2045587,N/A,Unmapped
2045592,N/A,Unmapped
2045597,N/A,Unmapped
2045602,N/A,Unmapped
2045605,N/A,Unmapped
2045606,N/A,Unmapped
2045607,N/A,Unmapped
2045609,N/A,Unmapped
2045612,N/A,Unmapped
2045621,N/A,Unmapped
2045622,N/A,Unmapped
2045623,N/A,Unmapped
2045628,N/A,Unmapped
2045633,N/A,Unmapped
2045642,N/A,Unmapped
2045652,N/A,Unmapped
2045653,155956,Mapped
2045654,155868,Mapped
2045655,155867,Mapped
2045656,155869,Mapped
2045657,155870,Mapped
2045658,156453,Mapped
2045659,156454,Mapped
2045660,156455,Mapped
2045661,155977,Mapped
2045662,156095,Mapped
2045663,156096,Mapped
2045664,155989,Mapped
2045665,155979,Mapped
2045666,155980,Mapped
2045669,156022,Mapped
2045670,156023,Mapped
2045671,156026,Mapped
2045672,156031,Mapped
2045673,156437,Mapped
2045674,156222,Mapped
2045675,156223,Mapped
2045676,156029,Mapped
2045677,N/A,Unmapped
2045678,156225,Mapped
2045679,156226,Mapped
2045680,156028,Mapped
2045681,156032,Mapped
2045682,160312,Mapped
2045683,N/A,Unmapped
2045684,N/A,Unmapped
2045685,N/A,Unmapped
2045686,N/A,Unmapped
2045687,N/A,Unmapped
2045688,N/A,Unmapped
2045689,N/A,Unmapped
2045690,N/A,Unmapped
2045691,N/A,Unmapped
2045692,N/A,Unmapped
2045693,N/A,Unmapped
2045695,156906,Mapped
2045697,156907,Mapped
2045698,156909,Mapped
2045700,156107,Mapped
2045703,156108,Mapped
2045706,156111,Mapped
2045711,158844,Mapped
2045712,158845,Mapped
2045719,N/A,Unmapped
2045720,N/A,Unmapped
2045721,166405,Mapped
2045724,156456,Mapped
2045725,156234,Mapped
2045726,156236,Mapped
2045727,156237,Mapped
2045728,156143,Mapped
2045729,N/A,Unmapped
2045735,N/A,Unmapped
2045737,N/A,Unmapped
2045738,N/A,Unmapped
2045756,N/A,Unmapped
2045760,N/A,Unmapped
2045761,N/A,Unmapped
2045762,N/A,Unmapped
2045770,156098,Mapped
2045771,156097,Mapped
2045772,156138,Mapped
2045842,156132,Mapped
2045843,156133,Mapped
2045844,N/A,Unmapped
2045845,156136,Mapped
2045846,156137,Mapped
2045847,156992,Mapped
2046037,N/A,Unmapped
2046038,168201,Mapped
2046039,166262,Mapped
2046041,N/A,Unmapped
2046043,N/A,Unmapped
2046044,N/A,Unmapped
2046046,N/A,Unmapped
2046047,168202,Mapped
2046048,N/A,Unmapped
2046049,N/A,Unmapped
2046050,N/A,Unmapped
2046055,N/A,Unmapped
2046056,N/A,Unmapped
2046057,N/A,Unmapped
2046059,N/A,Unmapped
2046060,168203,Mapped
2046061,166263,Mapped
2046072,N/A,Unmapped
2046073,N/A,Unmapped
2046074,N/A,Unmapped
2046075,N/A,Unmapped
2046077,N/A,Unmapped
2046078,N/A,Unmapped
2046080,N/A,Unmapped
2046081,168204,Mapped
2046082,N/A,Unmapped
2046083,N/A,Unmapped
2046084,N/A,Unmapped
2046095,N/A,Unmapped
2046096,168205,Mapped
2046097,166264,Mapped
2046119,N/A,Unmapped
2046120,N/A,Unmapped
2046121,N/A,Unmapped
2046122,N/A,Unmapped
2046123,N/A,Unmapped
2046124,N/A,Unmapped
2046126,N/A,Unmapped
2046129,N/A,Unmapped
2046135,N/A,Unmapped
2046136,N/A,Unmapped
2046139,N/A,Unmapped
2046142,N/A,Unmapped
2046146,N/A,Unmapped
2046149,N/A,Unmapped
2046152,N/A,Unmapped
2046161,N/A,Unmapped
2046166,N/A,Unmapped
2046170,N/A,Unmapped
2046171,N/A,Unmapped
2046172,N/A,Unmapped
2046173,N/A,Unmapped
2046177,N/A,Unmapped
2046178,N/A,Unmapped
2046179,N/A,Unmapped
2046180,N/A,Unmapped
2046193,N/A,Unmapped
2046194,N/A,Unmapped
2046199,N/A,Unmapped
2046204,N/A,Unmapped
2046205,N/A,Unmapped
2046206,N/A,Unmapped
2046207,N/A,Unmapped
2046208,N/A,Unmapped
2046209,N/A,Unmapped
2046210,N/A,Unmapped
2046211,N/A,Unmapped
2046212,N/A,Unmapped
2046213,N/A,Unmapped
2046214,N/A,Unmapped
2046215,N/A,Unmapped
2046216,N/A,Unmapped
2046273,N/A,Unmapped
2046274,N/A,Unmapped
2046275,154503,Mapped
2046276,155901,Mapped
2046279,155953,Mapped
2046304,N/A,Unmapped
2046307,N/A,Unmapped
2046308,N/A,Unmapped
2046309,N/A,Unmapped
2046318,N/A,Unmapped
2046320,N/A,Unmapped
2046325,N/A,Unmapped
2046334,N/A,Unmapped
2046335,N/A,Unmapped
2046336,N/A,Unmapped
2046337,N/A,Unmapped
2046339,N/A,Unmapped
2046341,N/A,Unmapped
2046344,N/A,Unmapped
2046347,N/A,Unmapped
2046348,N/A,Unmapped
2046352,N/A,Unmapped
2046353,N/A,Unmapped
2046358,N/A,Unmapped
2046360,N/A,Unmapped
2046362,N/A,Unmapped
2046367,N/A,Unmapped
2046368,N/A,Unmapped
2046385,163710,Mapped
2046386,155891,Mapped
2046387,155706,Mapped
2046388,155700,Mapped
2046389,155702,Mapped
2046393,155709,Mapped
2046394,155710,Mapped
2046397,155913,Mapped
2046398,155906,Mapped
2046399,155907,Mapped
2046400,155908,Mapped
2046405,156118,Mapped
2046416,156021,Mapped
2046417,156024,Mapped
2046418,156025,Mapped
2046419,156030,Mapped
2046422,156119,Mapped
2046425,165634,Mapped
2046445,156048,Mapped
2046446,156050,Mapped
2046447,156047,Mapped
2046454,156056,Mapped
2046455,159809,Mapped
2046456,156238,Mapped
2046457,156239,Mapped
2046458,156240,Mapped
2046478,158609,Mapped
2046479,156242,Mapped
2046480,156257,Mapped
2046481,156244,Mapped
2046482,156245,Mapped
2046483,156246,Mapped
2046484,156247,Mapped
2046485,156248,Mapped
2046486,156251,Mapped
2046535,N/A,Unmapped
2046537,166701,Mapped
2046539,166726,Mapped
2046540,166705,Mapped
2046541,166712,Mapped
2046542,166739,Mapped
2046544,166709,Mapped
2046545,166684,Mapped
2046546,166737,Mapped
2046550,166711,Mapped
2046551,166688,Mapped
2046552,166741,Mapped
2046554,166691,Mapped
2046555,166693,Mapped
2046556,166764,Mapped
2046557,166765,Mapped
2046558,166694,Mapped
2046561,166680,Mapped
2046562,166681,Mapped
2046563,166683,Mapped
2046564,166713,Mapped
2046565,166727,Mapped
2046567,166702,Mapped
2046568,166710,Mapped
2046570,166685,Mapped
2046572,166740,Mapped
2046575,166766,Mapped
2046576,166767,Mapped
2046578,166682,Mapped
2046579,166669,Mapped
2046580,166671,Mapped
2046581,166679,Mapped
2046582,166677,Mapped
2046583,166678,Mapped
2046585,154607,Mapped
2046587,156948,Mapped
2046589,N/A,Unmapped
2046590,N/A,Unmapped
2046591,N/A,Unmapped
2046592,168422,Mapped
2046593,168425,Mapped
2046594,154322,Mapped
2046596,154325,Mapped
2046597,163704,Mapped
2046598,155699,Mapped
2046599,154472,Mapped
2046600,154466,Mapped
2046602,N/A,Unmapped
2046605,N/A,Unmapped
2046608,N/A,Unmapped
2046609,N/A,Unmapped
2046610,N/A,Unmapped
2046615,N/A,Unmapped
2046618,N/A,Unmapped
2046625,N/A,Unmapped
2046627,N/A,Unmapped
2046630,N/A,Unmapped
2046634,N/A,Unmapped
2046640,N/A,Unmapped
2046643,N/A,Unmapped
2046645,N/A,Unmapped
2046648,N/A,Unmapped
2046650,N/A,Unmapped
2046657,163706,Mapped
2046658,163712,Mapped
2046659,163708,Mapped
2046660,163711,Mapped
2046661,163714,Mapped
2046662,163713,Mapped
2046663,163715,Mapped
2046664,163716,Mapped
2046665,163717,Mapped
2046666,163718,Mapped
2046667,163719,Mapped
2046668,163722,Mapped
2046669,163720,Mapped
2046690,166667,Mapped
2046691,155703,Mapped
2046692,155889,Mapped
2046693,155880,Mapped
2046716,N/A,Unmapped
2046717,N/A,Unmapped
2046718,N/A,Unmapped
2046719,N/A,Unmapped
2046729,156171,Mapped
2046730,156507,Mapped
2046734,N/A,Unmapped
2046735,N/A,Unmapped
2046742,N/A,Unmapped
2046743,N/A,Unmapped
2046745,N/A,Unmapped
2046761,N/A,Unmapped
2046766,N/A,Unmapped
2046776,N/A,Unmapped
2046777,N/A,Unmapped
2046779,N/A,Unmapped
2046785,N/A,Unmapped
2046786,N/A,Unmapped
2046788,N/A,Unmapped
2046790,N/A,Unmapped
2046797,N/A,Unmapped
2046803,N/A,Unmapped
2046805,N/A,Unmapped
2046809,N/A,Unmapped
2046812,N/A,Unmapped
2046817,156169,Mapped
2046818,N/A,Unmapped
2046819,N/A,Unmapped
2046821,N/A,Unmapped
2046825,156636,Mapped
2046826,156637,Mapped
2046827,156135,Mapped
2047049,156416,Mapped
2047053,154326,Mapped
2047054,154323,Mapped
2047055,155715,Mapped
2047056,155714,Mapped
2047057,154670,Mapped
2047058,154671,Mapped
2047060,N/A,Unmapped
2047064,N/A,Unmapped
2047067,N/A,Unmapped
2047071,N/A,Unmapped
2047072,N/A,Unmapped
2047073,N/A,Unmapped
2047074,N/A,Unmapped
2047076,N/A,Unmapped
2047078,N/A,Unmapped
2047079,N/A,Unmapped
2047081,N/A,Unmapped
2047082,N/A,Unmapped
2047084,N/A,Unmapped
2047085,N/A,Unmapped
2047086,N/A,Unmapped
2047087,155965,Mapped
2047088,155966,Mapped
2047089,156897,Mapped
2047090,156898,Mapped
2047091,156899,Mapped
2047111,N/A,Unmapped
2047549,N/A,Unmapped
2047553,N/A,Unmapped
2047556,N/A,Unmapped
2047558,N/A,Unmapped
2047560,N/A,Unmapped
2047562,N/A,Unmapped
2047563,N/A,Unmapped
2047565,N/A,Unmapped
2047566,N/A,Unmapped
2047567,N/A,Unmapped
2047568,N/A,Unmapped
2047569,N/A,Unmapped
2047572,155883,Mapped
2047573,155879,Mapped
2047574,155888,Mapped
2047575,155881,Mapped
2047577,167368,Mapped
2047578,167382,Mapped
2047579,167383,Mapped
2047580,167373,Mapped
2047581,167374,Mapped
2047582,167377,Mapped
2047585,155967,Mapped
2047586,155968,Mapped
2047587,155969,Mapped
2047588,155970,Mapped
2047589,155971,Mapped
2047590,155972,Mapped
2047591,155973,Mapped
2047592,155976,Mapped
2047593,155974,Mapped
2047594,155975,Mapped
2047595,N/A,Unmapped
2047596,N/A,Unmapped
2047597,N/A,Unmapped
2047598,N/A,Unmapped
2047599,N/A,Unmapped
2047600,N/A,Unmapped
2047602,N/A,Unmapped
2047605,N/A,Unmapped
2047606,N/A,Unmapped
2047610,156372,Mapped
2047611,156360,Mapped
2047612,156365,Mapped
2047615,N/A,Unmapped
2047617,156055,Mapped
2047619,156051,Mapped
2047620,156058,Mapped
2047621,156059,Mapped
2047622,156060,Mapped
2047623,N/A,Unmapped
2047624,N/A,Unmapped
2047625,N/A,Unmapped
2047626,156256,Mapped
2047627,156229,Mapped
2048044,N/A,Unmapped
2048114,N/A,Unmapped
2048116,N/A,Unmapped
2048146,N/A,Unmapped
2048167,N/A,Unmapped
2048168,N/A,Unmapped
2048179,N/A,Unmapped
2048181,N/A,Unmapped
2048182,N/A,Unmapped
2048183,N/A,Unmapped
2048184,N/A,Unmapped
2048186,N/A,Unmapped
2048189,N/A,Unmapped
2048190,N/A,Unmapped
2048191,N/A,Unmapped
2048194,N/A,Unmapped
2048196,156036,Mapped
2048197,156033,Mapped
2048198,156035,Mapped
2048209,N/A,Unmapped
2048210,156061,Mapped
2048211,156057,Mapped
2048212,156053,Mapped
2048213,156054,Mapped
2048215,156165,Mapped
2048216,156173,Mapped
2048217,156163,Mapped
2048219,156062,Mapped
2048220,156089,Mapped
2048221,156086,Mapped
2048231,156164,Mapped
2048233,156170,Mapped
2048262,156368,Mapped
2048535,156296,Mapped
2048536,156297,Mapped
2048537,156298,Mapped
2048538,156299,Mapped
2048539,156370,Mapped
2048540,156300,Mapped
2048541,156638,Mapped
2048542,156639,Mapped
2048544,156348,Mapped
2048545,156349,Mapped
2048546,N/A,Unmapped
2048547,156341,Mapped
2048548,156339,Mapped
2048550,156342,Mapped
2048559,156356,Mapped
2048560,156357,Mapped
2048561,156358,Mapped
2048562,156856,Mapped
2048563,156855,Mapped
2048564,156859,Mapped
2048565,156632,Mapped
2048566,156504,Mapped
2048569,156549,Mapped
2048570,156641,Mapped
2048571,156686,Mapped
2048572,156644,Mapped
2048573,156543,Mapped
2048574,156544,Mapped
2048575,156547,Mapped
2048576,156548,Mapped
2048577,156642,Mapped
2048578,156643,Mapped
2048579,156679,Mapped
2048580,156646,Mapped
2048581,156649,Mapped
2048582,156647,Mapped
2048583,156648,Mapped
2048584,156650,Mapped
2048585,156651,Mapped
2048586,156653,Mapped
2048587,156655,Mapped
2048588,156680,Mapped
2048589,156656,Mapped
2048590,156681,Mapped
2048591,156657,Mapped
2048592,156658,Mapped
2048593,156659,Mapped
2048594,156661,Mapped
2048595,156660,Mapped
2048596,156662,Mapped
2048597,156901,Mapped
2048607,157850,Mapped
2048608,157851,Mapped
2048609,157852,Mapped
2048610,157853,Mapped
2048615,156703,Mapped
2048616,156927,Mapped
2048617,156928,Mapped
2048618,156929,Mapped
2048619,156730,Mapped
2048622,156704,Mapped
2048623,156707,Mapped
2048625,157915,Mapped
2048626,157854,Mapped
2048627,157855,Mapped
2048628,157856,Mapped
2048629,157857,Mapped
2048686,156761,Mapped
2048687,156762,Mapped
2048688,156771,Mapped
2048689,156772,Mapped
2048690,156770,Mapped
2048691,156971,Mapped
2048694,N/A,Unmapped
2048743,158354,Mapped
2048744,158352,Mapped
2048745,158353,Mapped
2048746,158351,Mapped
2048750,158342,Mapped
2048751,158343,Mapped
2048752,158344,Mapped
2048753,158377,Mapped
2048754,N/A,Unmapped
2048756,158754,Mapped
2048757,158755,Mapped
2048758,158772,Mapped
2048760,160213,Mapped
2048761,160214,Mapped
2048762,160215,Mapped
2048763,160216,Mapped
2048764,160217,Mapped
2048971,158776,Mapped
2048972,159452,Mapped
2048976,159178,Mapped
2049035,N/A,Unmapped
2049036,N/A,Unmapped
2049037,N/A,Unmapped
2049038,156457,Mapped
2049039,156458,Mapped
2049040,N/A,Unmapped
2049041,N/A,Unmapped
2049042,N/A,Unmapped
2049043,N/A,Unmapped
2049045,N/A,Unmapped
2049046,N/A,Unmapped
2049047,N/A,Unmapped
2049048,N/A,Unmapped
2049049,N/A,Unmapped
2049050,N/A,Unmapped
2049068,156467,Mapped
2049074,156436,Mapped
2049103,156473,Mapped
2049104,156475,Mapped
2049105,156634,Mapped
2049106,156635,Mapped
2049110,156491,Mapped
2049113,156485,Mapped
2049114,N/A,Unmapped
2049115,N/A,Unmapped
2049116,N/A,Unmapped
2049117,N/A,Unmapped
2049124,N/A,Unmapped
2049127,N/A,Unmapped
2049136,N/A,Unmapped
2049137,N/A,Unmapped
2049144,N/A,Unmapped
2049149,N/A,Unmapped
2049154,N/A,Unmapped
2049158,N/A,Unmapped
2049167,N/A,Unmapped
2049168,N/A,Unmapped
2049169,N/A,Unmapped
2049170,N/A,Unmapped
2049172,N/A,Unmapped
2049173,N/A,Unmapped
2049176,N/A,Unmapped
2049177,N/A,Unmapped
2049180,N/A,Unmapped
2049184,N/A,Unmapped
2049185,N/A,Unmapped
2049187,N/A,Unmapped
2049199,N/A,Unmapped
2049200,N/A,Unmapped
2049212,N/A,Unmapped
2049213,N/A,Unmapped
2049216,N/A,Unmapped
2049220,N/A,Unmapped
2049221,N/A,Unmapped
2049222,N/A,Unmapped
2049225,N/A,Unmapped
2049233,N/A,Unmapped
2049234,N/A,Unmapped
2049235,N/A,Unmapped
2049236,N/A,Unmapped
2049237,N/A,Unmapped
2049240,N/A,Unmapped
2049244,N/A,Unmapped
2049248,N/A,Unmapped
2049250,N/A,Unmapped
2049251,N/A,Unmapped
2049253,N/A,Unmapped
2049255,N/A,Unmapped
2049256,N/A,Unmapped
2049257,N/A,Unmapped
2049258,N/A,Unmapped
2049259,N/A,Unmapped
2049261,N/A,Unmapped
2049263,N/A,Unmapped
2049266,N/A,Unmapped
2049267,N/A,Unmapped
2049268,N/A,Unmapped
2049269,N/A,Unmapped
2049270,N/A,Unmapped
2049271,N/A,Unmapped
2049290,157858,Mapped
2049300,156565,Mapped
2049301,156568,Mapped
2049302,156570,Mapped
2049303,156569,Mapped
2049304,156562,Mapped
2049308,165558,Mapped
2049309,160221,Mapped
2049317,157906,Mapped
2049318,157907,Mapped
2049319,157908,Mapped
2049320,157909,Mapped
2049322,157911,Mapped
2049323,157912,Mapped
2049326,158357,Mapped
2049337,158277,Mapped
2049340,158280,Mapped
2049341,158281,Mapped
2049344,158284,Mapped
2049345,158285,Mapped
2049346,158286,Mapped
2049350,157764,Mapped
2049351,157766,Mapped
2049352,157771,Mapped
2049353,157772,Mapped
2049354,157773,Mapped
2049355,157774,Mapped
2049356,157775,Mapped
2049357,157776,Mapped
2049358,157777,Mapped
2049359,157778,Mapped
2049360,157779,Mapped
2049361,159444,Mapped
2049362,N/A,Unmapped
2049363,N/A,Unmapped
2049364,156711,Mapped
2049365,157780,Mapped
2049366,156867,Mapped
2049367,156767,Mapped
2049371,156737,Mapped
2049372,156738,Mapped
2049373,156739,Mapped
2049374,156742,Mapped
2049375,156743,Mapped
2049376,156744,Mapped
2049377,156690,Mapped
2049378,156688,Mapped
2049379,156696,Mapped
2049380,156689,Mapped
2049381,156980,Mapped
2049382,156981,Mapped
2049383,156965,Mapped
2049384,156966,Mapped
2049385,156973,Mapped
2049387,156983,Mapped
2049401,157898,Mapped
2049402,158550,Mapped
2049403,157903,Mapped
2049405,158262,Mapped
2049406,158638,Mapped
2049407,158471,Mapped
2049408,N/A,Unmapped
2049410,158639,Mapped
2049411,158644,Mapped
2049412,N/A,Unmapped
2049413,N/A,Unmapped
2049414,158645,Mapped
2049415,158643,Mapped
2049416,158662,Mapped
2049417,158641,Mapped
2049418,158646,Mapped
2049419,158648,Mapped
2049420,158658,Mapped
2049421,158669,Mapped
2049422,158045,Mapped
2049429,158071,Mapped
2049430,158070,Mapped
2049431,158030,Mapped
2049432,158031,Mapped
2049433,158055,Mapped
2049434,158054,Mapped
2049441,158542,Mapped
2049442,158547,Mapped
2049443,158596,Mapped
2049463,158341,Mapped
2049464,158336,Mapped
2049465,158345,Mapped
2049466,158665,Mapped
2049467,N/A,Unmapped
2049468,158664,Mapped
2049469,N/A,Unmapped
2049470,167384,Mapped
2049471,167371,Mapped
2049472,167380,Mapped
2049473,167381,Mapped
2049474,167375,Mapped
2049475,N/A,Unmapped
2049476,N/A,Unmapped
2049478,N/A,Unmapped
2049479,N/A,Unmapped
2049480,N/A,Unmapped
2049481,N/A,Unmapped
2049482,158515,Mapped
2049483,158516,Mapped
2049484,158517,Mapped
2049485,158862,Mapped
2049489,158863,Mapped
2049499,158874,Mapped
2049512,158630,Mapped
2049517,N/A,Unmapped
2049518,N/A,Unmapped
2049520,165760,Mapped
2049521,N/A,Unmapped
2049522,N/A,Unmapped
2049524,N/A,Unmapped
2049525,N/A,Unmapped
2049526,N/A,Unmapped
2049527,N/A,Unmapped
2049528,158722,Mapped
2049529,158728,Mapped
2049530,N/A,Unmapped
2049531,N/A,Unmapped
2049533,158786,Mapped
2049534,158780,Mapped
2049536,156459,Mapped
2049537,156438,Mapped
2049539,N/A,Unmapped
2049540,N/A,Unmapped
2049541,N/A,Unmapped
2049542,N/A,Unmapped
2049543,N/A,Unmapped
2049562,N/A,Unmapped
2049563,N/A,Unmapped
2049564,N/A,Unmapped
2049565,N/A,Unmapped
2049566,156460,Mapped
2049567,156306,Mapped
2049568,156307,Mapped
2049584,N/A,Unmapped
2049585,N/A,Unmapped
2049586,N/A,Unmapped
2049587,N/A,Unmapped
2049589,N/A,Unmapped
2049593,N/A,Unmapped
2049594,156303,Mapped
2049602,156359,Mapped
2049603,156363,Mapped
2049607,156576,Mapped
2049608,156930,Mapped
2049614,N/A,Unmapped
2049615,N/A,Unmapped
2049616,N/A,Unmapped
2049617,N/A,Unmapped
2049618,N/A,Unmapped
2049619,N/A,Unmapped
2049620,N/A,Unmapped
2049621,N/A,Unmapped
2049643,156604,Mapped
2049644,156605,Mapped
2049645,156606,Mapped
2049650,156610,Mapped
2049651,156611,Mapped
2049652,156534,Mapped
2049653,156535,Mapped
2049654,156536,Mapped
2049667,156530,Mapped
2049668,156531,Mapped
2049669,156881,Mapped
2049670,156882,Mapped
2049671,156883,Mapped
2049672,156884,Mapped
2049675,156663,Mapped
2049676,156664,Mapped
2049677,156665,Mapped
2049678,156666,Mapped
2049679,156667,Mapped
2049680,156668,Mapped
2049744,N/A,Unmapped
2049748,N/A,Unmapped
2049755,N/A,Unmapped
2049756,N/A,Unmapped
2049757,N/A,Unmapped
2049759,N/A,Unmapped
2049760,N/A,Unmapped
2049766,N/A,Unmapped
2049767,N/A,Unmapped
2049768,N/A,Unmapped
2049769,N/A,Unmapped
2049775,N/A,Unmapped
2049776,N/A,Unmapped
2049782,N/A,Unmapped
2049794,N/A,Unmapped
2049811,N/A,Unmapped
2049812,N/A,Unmapped
2049822,N/A,Unmapped
2049832,N/A,Unmapped
2049833,N/A,Unmapped
2049835,N/A,Unmapped
2049836,N/A,Unmapped
2049837,N/A,Unmapped
2049838,N/A,Unmapped
2049846,N/A,Unmapped
2049847,N/A,Unmapped
2049848,N/A,Unmapped
2049849,N/A,Unmapped
2049850,N/A,Unmapped
2049856,N/A,Unmapped
2049867,N/A,Unmapped
2049868,N/A,Unmapped
2049902,156885,Mapped
2049903,156886,Mapped
2049904,156887,Mapped
2049905,156888,Mapped
2049906,156889,Mapped
2049907,156890,Mapped
2049908,156891,Mapped
2049909,156910,Mapped
2049911,157869,Mapped
2049912,157870,Mapped
2049913,157871,Mapped
2049919,156669,Mapped
2049920,156673,Mapped
2049921,156674,Mapped
2049922,156675,Mapped
2049923,156745,Mapped
2049924,156746,Mapped
2049980,156747,Mapped
2049981,156748,Mapped
2049982,156749,Mapped
2049983,156750,Mapped
2049984,156751,Mapped
2049985,156752,Mapped
2050001,156728,Mapped
2050008,158291,Mapped
2050009,158292,Mapped
2050010,158293,Mapped
2050012,158295,Mapped
2050013,156708,Mapped
2050014,156768,Mapped
2050017,159497,Mapped
2050018,159498,Mapped
2050019,159499,Mapped
2050020,156763,Mapped
2050021,156764,Mapped
2050026,158529,Mapped
2050033,N/A,Unmapped
2050034,N/A,Unmapped
2050035,N/A,Unmapped
2050036,N/A,Unmapped
2050037,N/A,Unmapped
2050038,N/A,Unmapped
2050039,N/A,Unmapped
2050040,N/A,Unmapped
2050041,N/A,Unmapped
2050042,N/A,Unmapped
2050043,N/A,Unmapped
2050044,N/A,Unmapped
2050045,N/A,Unmapped
2050046,156439,Mapped
2050047,156441,Mapped
2050048,156440,Mapped
2050049,156461,Mapped
2050050,156462,Mapped
2050053,N/A,Unmapped
2050055,156633,Mapped
2050056,156582,Mapped
2050057,156583,Mapped
2050058,156505,Mapped
2050059,156506,Mapped
2050060,156497,Mapped
2050061,156499,Mapped
2050062,156501,Mapped
2050063,156500,Mapped
2050064,156502,Mapped
2050067,156546,Mapped
2050068,156542,Mapped
2050069,156574,Mapped
2050098,156695,Mapped
2050099,156713,Mapped
2050100,156712,Mapped
2050102,156725,Mapped
2050103,156760,Mapped
2050105,157802,Mapped
2050106,156753,Mapped
2050107,156698,Mapped
2050108,156694,Mapped
2050109,156700,Mapped
2050110,156697,Mapped
2050135,156967,Mapped
2050136,156968,Mapped
2050137,156963,Mapped
2050138,156960,Mapped
2050139,156969,Mapped
2050140,156961,Mapped
2050141,156962,Mapped
2050142,157923,Mapped
2050148,161336,Mapped
2050149,158114,Mapped
2050150,161566,Mapped
2050160,158249,Mapped
2050161,158250,Mapped
2050180,N/A,Unmapped
2050181,N/A,Unmapped
2050182,N/A,Unmapped
2050183,N/A,Unmapped
2050184,N/A,Unmapped
2050185,N/A,Unmapped
2050186,N/A,Unmapped
2050188,158043,Mapped
2050207,158337,Mapped
2050208,158598,Mapped
2050209,158355,Mapped
2050210,158365,Mapped
2050212,158386,Mapped
2050214,158371,Mapped
2050226,158468,Mapped
2050227,158467,Mapped
2050228,158485,Mapped
2050229,158486,Mapped
2050230,158487,Mapped
2050231,158488,Mapped
2050232,158686,Mapped
2050233,158640,Mapped
2050234,158687,Mapped
2050235,158689,Mapped
2050236,158690,Mapped
2050237,158647,Mapped
2050238,158692,Mapped
2050239,158654,Mapped
2050240,158655,Mapped
2050241,158672,Mapped
2050242,158688,Mapped
2050243,158650,Mapped
2050244,158653,Mapped
2050245,158671,Mapped
2050246,158683,Mapped
2050247,158680,Mapped
2050248,158681,Mapped
2050249,158685,Mapped
2050250,158684,Mapped
2050251,158682,Mapped
2050252,158675,Mapped
2050253,158673,Mapped
2050254,158674,Mapped
2050255,158676,Mapped
2050256,158677,Mapped
2050257,158678,Mapped
2050258,158679,Mapped
2050259,158670,Mapped
2050280,N/A,Unmapped
2050281,N/A,Unmapped
2050282,N/A,Unmapped
2050283,N/A,Unmapped
2050284,N/A,Unmapped
2050285,N/A,Unmapped
2050286,N/A,Unmapped
2050287,N/A,Unmapped
2050288,158628,Mapped
2050289,158629,Mapped
2050292,158616,Mapped
2050293,158617,Mapped
2050294,158618,Mapped
2050297,158747,Mapped
2050298,158748,Mapped
2050301,158749,Mapped
2050302,158753,Mapped
2050305,159605,Mapped
2050306,159608,Mapped
2050307,159524,Mapped
2050308,158787,Mapped
2050309,158778,Mapped
2050314,N/A,Unmapped
2050315,N/A,Unmapped
2050316,N/A,Unmapped
2050317,N/A,Unmapped
2050318,N/A,Unmapped
2050319,N/A,Unmapped
2050320,N/A,Unmapped
2050321,N/A,Unmapped
2050322,N/A,Unmapped
2050323,N/A,Unmapped
2050324,N/A,Unmapped
2050325,N/A,Unmapped
2050329,N/A,Unmapped
2050330,N/A,Unmapped
2050332,N/A,Unmapped
2050333,N/A,Unmapped
2050334,N/A,Unmapped
2050335,N/A,Unmapped
2050336,N/A,Unmapped
2050535,N/A,Unmapped
2050536,156464,Mapped
2050537,156463,Mapped
2050550,N/A,Unmapped
2050551,N/A,Unmapped
2050552,N/A,Unmapped
2050553,N/A,Unmapped
2050554,N/A,Unmapped
2050555,N/A,Unmapped
2050556,N/A,Unmapped
2050566,156465,Mapped
2050567,N/A,Unmapped
2050570,N/A,Unmapped
2050571,N/A,Unmapped
2050572,156337,Mapped
2050573,156347,Mapped
2050574,156346,Mapped
2050587,156869,Mapped
2050588,156871,Mapped
2050589,156872,Mapped
2050590,156873,Mapped
2050591,156874,Mapped
2050597,N/A,Unmapped
2050598,N/A,Unmapped
2050599,156567,Mapped
2050601,156566,Mapped
2050602,156671,Mapped
2050603,156670,Mapped
2050604,156672,Mapped
2050727,156705,Mapped
2050728,156726,Mapped
2050729,156731,Mapped
2050739,162631,Mapped
2050740,163123,Mapped
2050741,163096,Mapped
2050742,162691,Mapped
2050743,158296,Mapped
2050744,158297,Mapped
2050745,159445,Mapped
2050746,159443,Mapped
2050747,159446,Mapped
2050748,159447,Mapped
2050753,157796,Mapped
2050754,157797,Mapped
2050755,157798,Mapped
2050769,N/A,Unmapped
2050789,N/A,Unmapped
2050790,N/A,Unmapped
2050813,N/A,Unmapped
2050815,N/A,Unmapped
2050834,N/A,Unmapped
2050838,N/A,Unmapped
2050847,N/A,Unmapped
2050848,N/A,Unmapped
2050849,N/A,Unmapped
2050852,N/A,Unmapped
2050854,N/A,Unmapped
2050860,156709,Mapped
2050862,156755,Mapped
2050869,156979,Mapped
2050884,157901,Mapped
2050896,N/A,Unmapped
2050904,158363,Mapped
2050905,158364,Mapped
2050907,N/A,Unmapped
2050908,158374,Mapped
2050909,158375,Mapped
2050910,158381,Mapped
2050911,158464,Mapped
2050912,158465,Mapped
2050913,158466,Mapped
2050915,158526,Mapped
2050916,158527,Mapped
2050921,158518,Mapped
2050922,158519,Mapped
2050923,158520,Mapped
2050931,158852,Mapped
2050934,158626,Mapped
2050935,158636,Mapped
2050936,158634,Mapped
2050937,158635,Mapped
2050939,N/A,Unmapped
2050941,158785,Mapped
2050961,159594,Mapped
2050963,159597,Mapped
2050964,159598,Mapped
2050965,159599,Mapped
2050967,159601,Mapped
2050968,159602,Mapped
2050969,159604,Mapped
2050970,159606,Mapped
2050972,159609,Mapped
2050977,159691,Mapped
2050978,159692,Mapped
2050980,159621,Mapped
2050981,159622,Mapped
2050982,159623,Mapped
2050984,159625,Mapped
2050985,159626,Mapped
2050986,159627,Mapped
2050987,159628,Mapped
2050989,N/A,Unmapped
2050991,162289,Mapped
2051035,N/A,Unmapped
2051036,N/A,Unmapped
2051038,N/A,Unmapped
2051039,N/A,Unmapped
2051040,N/A,Unmapped
2051041,N/A,Unmapped
2051042,N/A,Unmapped
2051043,156911,Mapped
2051044,156466,Mapped
2051045,156308,Mapped
2051046,156309,Mapped
2051049,156294,Mapped
2051050,156364,Mapped
2051051,156361,Mapped
2051052,156912,Mapped
2051053,156913,Mapped
2051054,156914,Mapped
2051055,156915,Mapped
2051056,158497,Mapped
2051057,156293,Mapped
2051058,156295,Mapped
2051059,N/A,Unmapped
2051060,N/A,Unmapped
2051061,N/A,Unmapped
2051062,N/A,Unmapped
2051065,157890,Mapped
2051066,156326,Mapped
2051067,156327,Mapped
2051068,156314,Mapped
2051069,156315,Mapped
2051070,156318,Mapped
2051071,156319,Mapped
2051072,156322,Mapped
2051073,156584,Mapped
2051074,156585,Mapped
2051075,156586,Mapped
2051076,156587,Mapped
2051077,156588,Mapped
2051078,156589,Mapped
2051079,156590,Mapped
2051080,156591,Mapped
2051081,156592,Mapped
2051082,156593,Mapped
2051083,156594,Mapped
2051084,156595,Mapped
2051085,156596,Mapped
2051086,156597,Mapped
2051087,156598,Mapped
2051088,156452,Mapped
2051089,156451,Mapped
2051094,156496,Mapped
2051095,156498,Mapped
2051097,165764,Mapped
2051098,165818,Mapped
2051099,165815,Mapped
2051100,165763,Mapped
2051102,165816,Mapped
2051104,165817,Mapped
2051105,N/A,Unmapped
2051106,N/A,Unmapped
2051120,N/A,Unmapped
2051136,N/A,Unmapped
2051137,N/A,Unmapped
2051138,N/A,Unmapped
2051141,N/A,Unmapped
2051149,N/A,Unmapped
2051151,N/A,Unmapped
2051175,N/A,Unmapped
2051177,N/A,Unmapped
2051179,N/A,Unmapped
2051180,N/A,Unmapped
2051185,N/A,Unmapped
2051192,156503,Mapped
2051193,N/A,Unmapped
2051194,N/A,Unmapped
2051195,N/A,Unmapped
2051205,N/A,Unmapped
2051206,N/A,Unmapped
2051207,N/A,Unmapped
2051215,N/A,Unmapped
2051216,N/A,Unmapped
2051217,N/A,Unmapped
2051218,N/A,Unmapped
2051221,N/A,Unmapped
2051222,N/A,Unmapped
2051223,N/A,Unmapped
2051224,N/A,Unmapped
2051225,N/A,Unmapped
2051228,N/A,Unmapped
2051229,N/A,Unmapped
2051235,N/A,Unmapped
2051236,N/A,Unmapped
2051237,N/A,Unmapped
2051241,N/A,Unmapped
2051242,N/A,Unmapped
2051243,N/A,Unmapped
2051244,N/A,Unmapped
2051245,N/A,Unmapped
2051246,N/A,Unmapped
2051247,N/A,Unmapped
2051248,N/A,Unmapped
2051251,N/A,Unmapped
2051252,N/A,Unmapped
2051253,N/A,Unmapped
2051255,N/A,Unmapped
2051256,N/A,Unmapped
2051265,N/A,Unmapped
2051268,N/A,Unmapped
2051270,N/A,Unmapped
2051273,N/A,Unmapped
2051274,N/A,Unmapped
2051275,N/A,Unmapped
2051279,N/A,Unmapped
2051280,N/A,Unmapped
2051281,N/A,Unmapped
2051282,N/A,Unmapped
2051283,N/A,Unmapped
2051286,N/A,Unmapped
2051287,N/A,Unmapped
2051288,N/A,Unmapped
2051289,N/A,Unmapped
2051291,N/A,Unmapped
2051292,N/A,Unmapped
2051293,N/A,Unmapped
2051294,N/A,Unmapped
2051295,N/A,Unmapped
2051296,N/A,Unmapped
2051297,N/A,Unmapped
2051298,N/A,Unmapped
2051299,N/A,Unmapped
2051300,N/A,Unmapped
2051301,N/A,Unmapped
2051302,N/A,Unmapped
2051303,N/A,Unmapped
2051304,N/A,Unmapped
2051305,N/A,Unmapped
2051308,N/A,Unmapped
2051309,N/A,Unmapped
2051313,N/A,Unmapped
2051316,N/A,Unmapped
2051318,N/A,Unmapped
2051320,N/A,Unmapped
2051321,N/A,Unmapped
2051322,N/A,Unmapped
2051323,N/A,Unmapped
2051324,N/A,Unmapped
2051325,N/A,Unmapped
2051326,N/A,Unmapped
2051329,N/A,Unmapped
2051331,N/A,Unmapped
2051332,N/A,Unmapped
2051353,156532,Mapped
2051359,156528,Mapped
2051360,156875,Mapped
2051361,156876,Mapped
2051362,156877,Mapped
2051363,156878,Mapped
2051364,156879,Mapped
2051365,156880,Mapped
2051366,156533,Mapped
2051391,156560,Mapped
2051392,156561,Mapped
2051405,156892,Mapped
2051406,156893,Mapped
2051407,156894,Mapped
2051408,156895,Mapped
2051409,156900,Mapped
2051410,156896,Mapped
2051412,157914,Mapped
2051496,156732,Mapped
2051497,156734,Mapped
2051526,156776,Mapped
2051527,N/A,Unmapped
2051528,N/A,Unmapped
2051529,N/A,Unmapped
2051530,N/A,Unmapped
2051531,156729,Mapped
2051532,156710,Mapped
2051533,156706,Mapped
2051535,156373,Mapped
2051538,156317,Mapped
2051539,156321,Mapped
2051540,156312,Mapped
2051541,156525,Mapped
2051542,156529,Mapped
2051543,156526,Mapped
2051589,157872,Mapped
2051599,156773,Mapped
2051600,156774,Mapped
2051601,156727,Mapped
2051604,157759,Mapped
2051605,157757,Mapped
2051606,157761,Mapped
2051607,156952,Mapped
2051608,156945,Mapped
2051609,156946,Mapped
2051612,158573,Mapped
2051613,156978,Mapped
2051620,N/A,Unmapped
2051621,161807,Mapped
2051626,158089,Mapped
2051627,158090,Mapped
2051631,158362,Mapped
2051632,158494,Mapped
2051633,158491,Mapped
2051634,158492,Mapped
2051642,160225,Mapped
2051645,164286,Mapped
2051646,164292,Mapped
2051648,165039,Mapped
2051650,164285,Mapped
2051652,164289,Mapped
2051656,164295,Mapped
2051658,165037,Mapped
2051659,164287,Mapped
2051661,164297,Mapped
2051663,159172,Mapped
2052035,N/A,Unmapped
2052036,N/A,Unmapped
2052037,N/A,Unmapped
2052038,N/A,Unmapped
2052041,158252,Mapped
2052042,158253,Mapped
2052043,158254,Mapped
2052044,158356,Mapped
2052045,158255,Mapped
2052046,158257,Mapped
2052047,158256,Mapped
2052048,158258,Mapped
2052049,158259,Mapped
2052050,158260,Mapped
2052051,156740,Mapped
2052052,156741,Mapped
2052053,156758,Mapped
2052054,157763,Mapped
2052055,N/A,Unmapped
2052056,N/A,Unmapped
2052077,159878,Mapped
2052078,159874,Mapped
2052079,159881,Mapped
2052080,159877,Mapped
2052081,159875,Mapped
2052082,159883,Mapped
2052083,159879,Mapped
2052091,158240,Mapped
2052092,158234,Mapped
2052093,158239,Mapped
2052094,158236,Mapped
2052095,158238,Mapped
2052098,157899,Mapped
2052099,157921,Mapped
2052100,157922,Mapped
2052155,158188,Mapped
2052159,158187,Mapped
2052160,158184,Mapped
2052161,158185,Mapped
2052162,158544,Mapped
2052163,158597,Mapped
2052173,158599,Mapped
2052174,158600,Mapped
2052177,158338,Mapped
2052178,161645,Mapped
2052182,158496,Mapped
2052183,158479,Mapped
2052185,158502,Mapped
2052186,158498,Mapped
2052187,158500,Mapped
2052188,158505,Mapped
2052189,158501,Mapped
2052190,158504,Mapped
2052191,158499,Mapped
2052192,158508,Mapped
2052193,158507,Mapped
2052194,158503,Mapped
2052195,158506,Mapped
2052196,158511,Mapped
2052197,158509,Mapped
2052198,158510,Mapped
2052199,158512,Mapped
2052200,158513,Mapped
2052201,158514,Mapped
2052229,158631,Mapped
2052230,158632,Mapped
2052231,158633,Mapped
2052257,158614,Mapped
2052258,158615,Mapped
2052259,158727,Mapped
2052282,158702,Mapped
2052283,158696,Mapped
2052284,158701,Mapped
2052285,158695,Mapped
2052286,158705,Mapped
2052287,158750,Mapped
2052288,158760,Mapped
2052289,158764,Mapped
2052290,158765,Mapped
2052291,158759,Mapped
2052292,158767,Mapped
2052293,164294,Mapped
2052294,164291,Mapped
2052299,164299,Mapped
2052300,165044,Mapped
2052311,163902,Mapped
2052321,158766,Mapped
2052322,158761,Mapped
2052323,158758,Mapped
2052324,N/A,Unmapped
2052325,N/A,Unmapped
2052326,N/A,Unmapped
2052327,N/A,Unmapped
2052328,158794,Mapped
2052329,158793,Mapped
2052345,159180,Mapped
2052346,159184,Mapped
2052538,N/A,Unmapped
2052539,N/A,Unmapped
2052540,156986,Mapped
2052541,156984,Mapped
2052542,156977,Mapped
2052543,156974,Mapped
2052544,156975,Mapped
2052545,156972,Mapped
2052546,157902,Mapped
2052548,158667,Mapped
2052549,158668,Mapped
2052550,158651,Mapped
2052551,158660,Mapped
2052552,N/A,Unmapped
2052553,158649,Mapped
2052554,158661,Mapped
2052555,158659,Mapped
2052556,158652,Mapped
2052557,158663,Mapped
2052558,158691,Mapped
2052559,N/A,Unmapped
2052560,158656,Mapped
2052561,158666,Mapped
2052602,158546,Mapped
2052603,158543,Mapped
2052623,163203,Mapped
2052649,158113,Mapped
2052650,N/A,Unmapped
2052651,N/A,Unmapped
2052652,N/A,Unmapped
2052653,N/A,Unmapped
2052654,N/A,Unmapped
2052655,N/A,Unmapped
2052656,N/A,Unmapped
2052657,N/A,Unmapped
2052658,158642,Mapped
2052659,N/A,Unmapped
2052660,N/A,Unmapped
2052661,N/A,Unmapped
2052662,N/A,Unmapped
2052663,N/A,Unmapped
2052664,158657,Mapped
2052665,N/A,Unmapped
2052666,N/A,Unmapped
2052667,N/A,Unmapped
2052668,158073,Mapped
2052669,158072,Mapped
2052684,158360,Mapped
2052685,158393,Mapped
2052686,158855,Mapped
2052687,158854,Mapped
2052688,158860,Mapped
2052689,N/A,Unmapped
2052690,N/A,Unmapped
2052691,N/A,Unmapped
2052693,158490,Mapped
2052694,158476,Mapped
2052695,158478,Mapped
2052696,158482,Mapped
2052703,158613,Mapped
2052704,158611,Mapped
2052705,158612,Mapped
2052734,158622,Mapped
2052735,158623,Mapped
2052736,158624,Mapped
2052737,158625,Mapped
2052738,N/A,Unmapped
2052739,167165,Mapped
2052740,N/A,Unmapped
2052744,158708,Mapped
2052745,158709,Mapped
2052746,158710,Mapped
2052747,158711,Mapped
2052748,158712,Mapped
2052749,158713,Mapped
2052750,158714,Mapped
2052751,158715,Mapped
2052752,158716,Mapped
2052753,158717,Mapped
2052754,158718,Mapped
2052755,158719,Mapped
2052756,158720,Mapped
2052757,158721,Mapped
2052758,158707,Mapped
2052773,158698,Mapped
2052774,158700,Mapped
2052775,158703,Mapped
2052778,158723,Mapped
2052779,158724,Mapped
2052780,158756,Mapped
2052781,158805,Mapped
2052783,N/A,Unmapped
2052784,N/A,Unmapped
2052785,N/A,Unmapped
2052786,158773,Mapped
2052787,158774,Mapped
2052788,158775,Mapped
2052810,158768,Mapped
2052811,158769,Mapped
2052812,158770,Mapped
2052813,158771,Mapped
2052842,159174,Mapped
2052843,159183,Mapped
2052844,N/A,Unmapped
2053035,158789,Mapped
2053036,158783,Mapped
2053037,158792,Mapped
2053038,158795,Mapped
2053039,158796,Mapped
2053040,158797,Mapped
2053041,158798,Mapped
2053042,158799,Mapped
2053043,158784,Mapped
2053050,N/A,Unmapped
2053054,N/A,Unmapped
2053056,N/A,Unmapped
2053058,N/A,Unmapped
2053059,N/A,Unmapped
2053065,159901,Mapped
2053080,159690,Mapped
2053081,159693,Mapped
2053083,159695,Mapped
2053089,159701,Mapped
2053090,159702,Mapped
2053092,159704,Mapped
2053093,159705,Mapped
2053094,159186,Mapped
2053095,159706,Mapped
2053101,159712,Mapped
2053102,159713,Mapped
2053103,159714,Mapped
2053105,159716,Mapped
2053136,159179,Mapped
2053150,159181,Mapped
2053157,159201,Mapped
2053535,159805,Mapped
2053536,159806,Mapped
2053537,159807,Mapped
2053538,159517,Mapped
2053539,159209,Mapped
2053540,159210,Mapped
2053541,159364,Mapped
2053542,159430,Mapped
2053543,159392,Mapped
2053547,N/A,Unmapped
2053548,160257,Mapped
2053549,160166,Mapped
2053551,160177,Mapped
2053552,160178,Mapped
2053553,N/A,Unmapped
2053661,161200,Mapped
2053662,161201,Mapped
2053663,161202,Mapped
2053664,N/A,Unmapped
2053665,N/A,Unmapped
2053666,N/A,Unmapped
2053667,N/A,Unmapped
2053668,N/A,Unmapped
2053669,N/A,Unmapped
2053670,N/A,Unmapped
2053671,N/A,Unmapped
2053672,N/A,Unmapped
2053673,N/A,Unmapped
2053677,N/A,Unmapped
2053678,N/A,Unmapped
2053679,N/A,Unmapped
2053680,N/A,Unmapped
2053681,N/A,Unmapped
2053682,N/A,Unmapped
2053683,N/A,Unmapped
2053684,N/A,Unmapped
2053685,N/A,Unmapped
2053686,N/A,Unmapped
2053687,N/A,Unmapped
2053690,N/A,Unmapped
2053691,N/A,Unmapped
2053692,N/A,Unmapped
2053693,N/A,Unmapped
2053694,N/A,Unmapped
2053695,N/A,Unmapped
2053696,N/A,Unmapped
2053697,N/A,Unmapped
2053698,N/A,Unmapped
2053699,N/A,Unmapped
2053700,N/A,Unmapped
2053701,N/A,Unmapped
2053702,N/A,Unmapped
2053703,N/A,Unmapped
2053704,N/A,Unmapped
2053705,N/A,Unmapped
2053706,N/A,Unmapped
2053707,N/A,Unmapped
2053708,N/A,Unmapped
2053709,N/A,Unmapped
2053710,N/A,Unmapped
2053711,N/A,Unmapped
2053712,N/A,Unmapped
2053713,N/A,Unmapped
2053714,N/A,Unmapped
2053715,N/A,Unmapped
2053716,N/A,Unmapped
2053717,N/A,Unmapped
2053718,N/A,Unmapped
2053719,N/A,Unmapped
2053720,N/A,Unmapped
2053721,N/A,Unmapped
2053722,N/A,Unmapped
2053723,N/A,Unmapped
2053724,N/A,Unmapped
2053725,N/A,Unmapped
2053726,N/A,Unmapped
2053727,N/A,Unmapped
2053728,N/A,Unmapped
2053729,N/A,Unmapped
2053730,N/A,Unmapped
2053731,N/A,Unmapped
2053732,N/A,Unmapped
2053733,N/A,Unmapped
2053736,N/A,Unmapped
2053737,N/A,Unmapped
2053738,N/A,Unmapped
2053739,N/A,Unmapped
2053740,N/A,Unmapped
2053741,N/A,Unmapped
2053742,N/A,Unmapped
2053746,N/A,Unmapped
2053747,N/A,Unmapped
2053748,N/A,Unmapped
2053749,N/A,Unmapped
2053750,N/A,Unmapped
2053751,N/A,Unmapped
2053770,161735,Mapped
2053771,161733,Mapped
2053774,161703,Mapped
2053783,162295,Mapped
2053792,165911,Mapped
2053793,165913,Mapped
2053794,165914,Mapped
2053795,165915,Mapped
2053796,165912,Mapped
2053797,165916,Mapped
2053798,161711,Mapped
2053799,161857,Mapped
2053805,N/A,Unmapped
2053806,N/A,Unmapped
2053807,N/A,Unmapped
2053808,N/A,Unmapped
2053809,N/A,Unmapped
2053810,N/A,Unmapped
2053811,N/A,Unmapped
2053812,N/A,Unmapped
2053813,N/A,Unmapped
2053814,N/A,Unmapped
2053815,N/A,Unmapped
2053816,N/A,Unmapped
2053817,N/A,Unmapped
2053818,N/A,Unmapped
2053819,N/A,Unmapped
2053820,N/A,Unmapped
2053821,N/A,Unmapped
2053822,N/A,Unmapped
2053823,N/A,Unmapped
2053824,N/A,Unmapped
2053825,N/A,Unmapped
2053826,N/A,Unmapped
2053829,N/A,Unmapped
2053830,N/A,Unmapped
2053833,N/A,Unmapped
2053834,N/A,Unmapped
2053836,N/A,Unmapped
2053837,N/A,Unmapped
2053842,N/A,Unmapped
2053843,N/A,Unmapped
2053844,N/A,Unmapped
2053850,N/A,Unmapped
2053851,N/A,Unmapped
2053852,N/A,Unmapped
2053855,N/A,Unmapped
2053856,N/A,Unmapped
2053857,N/A,Unmapped
2053858,N/A,Unmapped
2053859,N/A,Unmapped
2053860,N/A,Unmapped
2053861,N/A,Unmapped
2053862,N/A,Unmapped
2053863,N/A,Unmapped
2053864,N/A,Unmapped
2053865,N/A,Unmapped
2053866,N/A,Unmapped
2053869,N/A,Unmapped
2053870,N/A,Unmapped
2053871,N/A,Unmapped
2053872,N/A,Unmapped
2053873,N/A,Unmapped
2053874,N/A,Unmapped
2053875,N/A,Unmapped
2053876,N/A,Unmapped
2053877,N/A,Unmapped
2053878,N/A,Unmapped
2053879,N/A,Unmapped
2053883,N/A,Unmapped
2053884,N/A,Unmapped
2053885,N/A,Unmapped
2053886,N/A,Unmapped
2053887,N/A,Unmapped
2053888,N/A,Unmapped
2053889,N/A,Unmapped
2053890,N/A,Unmapped
2053893,N/A,Unmapped
2053894,N/A,Unmapped
2053895,N/A,Unmapped
2053896,N/A,Unmapped
2053897,N/A,Unmapped
2053898,N/A,Unmapped
2053899,N/A,Unmapped
2053900,N/A,Unmapped
2053901,N/A,Unmapped
2053902,N/A,Unmapped
2053903,161738,Mapped
2054036,159204,Mapped
2054037,N/A,Unmapped
2054038,N/A,Unmapped
2054039,159196,Mapped
2054040,159212,Mapped
2054048,159519,Mapped
2054049,159518,Mapped
2054050,159520,Mapped
2054051,159603,Mapped
2054086,N/A,Unmapped
2054087,159434,Mapped
2054118,159882,Mapped
2054119,159884,Mapped
2054120,159885,Mapped
2054121,159886,Mapped
2054122,159887,Mapped
2054123,159888,Mapped
2054129,160197,Mapped
2054130,160199,Mapped
2054145,159827,Mapped
2054146,159828,Mapped
2054156,159858,Mapped
2054158,159859,Mapped
2054159,159964,Mapped
2054160,159965,Mapped
2054161,159966,Mapped
2054162,159967,Mapped
2054163,159968,Mapped
2054187,159959,Mapped
2054188,159960,Mapped
2054189,N/A,Unmapped
2054190,N/A,Unmapped
2054191,N/A,Unmapped
2054192,N/A,Unmapped
2054193,N/A,Unmapped
2054194,N/A,Unmapped
2054195,N/A,Unmapped
2054196,N/A,Unmapped
2054197,N/A,Unmapped
2054198,N/A,Unmapped
2054199,N/A,Unmapped
2054200,N/A,Unmapped
2054201,N/A,Unmapped
2054215,160191,Mapped
2054216,160269,Mapped
2054217,160270,Mapped
2054218,160267,Mapped
2054219,160290,Mapped
2054220,160287,Mapped
2054221,160294,Mapped
2054222,160300,Mapped
2054224,160305,Mapped
2054225,160299,Mapped
2054226,160289,Mapped
2054227,160301,Mapped
2054228,160286,Mapped
2054231,161470,Mapped
2054232,160344,Mapped
2054233,160339,Mapped
2054234,160343,Mapped
2054235,160345,Mapped
2054236,160346,Mapped
2054237,160347,Mapped
2054238,160348,Mapped
2054239,160349,Mapped
2054240,160350,Mapped
2054245,163924,Mapped
2054247,163925,Mapped
2054258,164018,Mapped
2054260,160337,Mapped
2054262,161183,Mapped
2054264,161203,Mapped
2054265,161204,Mapped
2054268,161380,Mapped
2054269,161381,Mapped
2054270,161383,Mapped
2054271,161382,Mapped
2054282,161395,Mapped
2054283,161410,Mapped
2054284,161393,Mapped
2054285,161394,Mapped
2054286,161396,Mapped
2054287,161372,Mapped
2054288,161373,Mapped
2054289,161375,Mapped
2054290,161376,Mapped
2054291,161370,Mapped
2054292,161371,Mapped
2054293,161362,Mapped
2054294,161363,Mapped
2054295,161364,Mapped
2054296,161365,Mapped
2054297,161366,Mapped
2054299,161616,Mapped
2054305,163189,Mapped
2054306,163177,Mapped
2054307,161655,Mapped
2054308,161651,Mapped
2054309,161654,Mapped
2054310,161653,Mapped
2054313,161666,Mapped
2054316,161662,Mapped
2054318,161664,Mapped
2054321,161668,Mapped
2054322,161671,Mapped
2054324,161665,Mapped
2054329,161875,Mapped
2054331,161876,Mapped
2054461,161756,Mapped
2054462,161716,Mapped
2054463,161717,Mapped
2054464,161718,Mapped
2054465,161719,Mapped
2054466,161720,Mapped
2054467,161721,Mapped
2054479,164152,Mapped
2054481,164154,Mapped
2054490,161737,Mapped
2054491,161762,Mapped
2054492,161815,Mapped
2054493,161809,Mapped
2054499,161812,Mapped
2054531,N/A,Unmapped
2054532,N/A,Unmapped
2054533,N/A,Unmapped
2054534,N/A,Unmapped
2054538,159306,Mapped
2054540,159432,Mapped
2054541,159429,Mapped
2054542,159349,Mapped
2054543,159426,Mapped
2054544,159428,Mapped
2054545,N/A,Unmapped
2054546,N/A,Unmapped
2054547,N/A,Unmapped
2054548,N/A,Unmapped
2054549,N/A,Unmapped
2054550,N/A,Unmapped
2054552,159808,Mapped
2054559,N/A,Unmapped
2054561,159372,Mapped
2054562,159393,Mapped
2054563,159370,Mapped
2054564,159371,Mapped
2054568,N/A,Unmapped
2054569,N/A,Unmapped
2054570,N/A,Unmapped
2054571,N/A,Unmapped
2054572,N/A,Unmapped
2054583,159834,Mapped
2054584,159836,Mapped
2054585,159973,Mapped
2054586,159972,Mapped
2054587,159963,Mapped
2054589,159953,Mapped
2054590,159955,Mapped
2054591,159954,Mapped
2054594,159987,Mapped
2054595,159990,Mapped
2054597,159986,Mapped
2054598,159982,Mapped
2054599,159988,Mapped
2054600,160212,Mapped
2054629,N/A,Unmapped
2054631,161128,Mapped
2054632,161129,Mapped
2054634,161131,Mapped
2054635,161132,Mapped
2054636,161133,Mapped
2054637,161171,Mapped
2054638,161676,Mapped
2054639,161678,Mapped
2054640,161679,Mapped
2054641,161680,Mapped
2054643,161681,Mapped
2054644,161682,Mapped
2054660,160295,Mapped
2054661,160297,Mapped
2054662,160341,Mapped
2054663,161179,Mapped
2054664,161182,Mapped
2054665,N/A,Unmapped
2054666,162687,Mapped
2054667,161359,Mapped
2054668,161358,Mapped
2054670,N/A,Unmapped
2054671,N/A,Unmapped
2054672,N/A,Unmapped
2054673,N/A,Unmapped
2054674,N/A,Unmapped
2054675,N/A,Unmapped
2054676,N/A,Unmapped
2054677,N/A,Unmapped
2054678,N/A,Unmapped
2054679,N/A,Unmapped
2054680,N/A,Unmapped
2054681,N/A,Unmapped
2054682,N/A,Unmapped
2054683,N/A,Unmapped
2054684,N/A,Unmapped
2054685,N/A,Unmapped
2054686,N/A,Unmapped
2054689,N/A,Unmapped
2054690,N/A,Unmapped
2054691,N/A,Unmapped
2054696,N/A,Unmapped
2054697,N/A,Unmapped
2054698,N/A,Unmapped
2054699,N/A,Unmapped
2054700,N/A,Unmapped
2054701,N/A,Unmapped
2054702,N/A,Unmapped
2054703,N/A,Unmapped
2054704,N/A,Unmapped
2054705,N/A,Unmapped
2054706,N/A,Unmapped
2054707,N/A,Unmapped
2054708,N/A,Unmapped
2054709,N/A,Unmapped
2054710,N/A,Unmapped
2054711,N/A,Unmapped
2054712,N/A,Unmapped
2054713,N/A,Unmapped
2054714,N/A,Unmapped
2054715,N/A,Unmapped
2054716,N/A,Unmapped
2054717,N/A,Unmapped
2054718,N/A,Unmapped
2054719,N/A,Unmapped
2054720,N/A,Unmapped
2054721,N/A,Unmapped
2054722,N/A,Unmapped
2054727,N/A,Unmapped
2054728,161406,Mapped
2054729,161409,Mapped
2054730,161407,Mapped
2054731,161412,Mapped
2054732,161408,Mapped
2054761,161650,Mapped
2054762,N/A,Unmapped
2054763,N/A,Unmapped
2054766,N/A,Unmapped
2054767,N/A,Unmapped
2054768,N/A,Unmapped
2054770,N/A,Unmapped
2054771,N/A,Unmapped
2054772,N/A,Unmapped
2054775,161758,Mapped
2054776,162296,Mapped
2054777,162297,Mapped
2054779,162298,Mapped
2054787,N/A,Unmapped
2054790,161764,Mapped
2054791,161765,Mapped
2054792,161766,Mapped
2054793,161761,Mapped
2054794,161736,Mapped
2054798,165485,Mapped
2054799,165489,Mapped
2054800,N/A,Unmapped
2054801,161877,Mapped
2054802,161713,Mapped
2054803,161714,Mapped
2054804,161715,Mapped
2054805,161755,Mapped
2054806,161734,Mapped
2054807,161808,Mapped
2054809,161936,Mapped
2054824,168284,Mapped
2055035,159205,Mapped
2055036,N/A,Unmapped
2055037,N/A,Unmapped
2055038,159202,Mapped
2055039,159378,Mapped
2055042,159346,Mapped
2055043,159347,Mapped
2055044,159381,Mapped
2055046,159351,Mapped
2055047,159352,Mapped
2055049,159353,Mapped
2055050,159431,Mapped
2055074,159413,Mapped
2055075,159363,Mapped
2055077,159368,Mapped
2055078,159508,Mapped
2055079,159509,Mapped
2055080,159584,Mapped
2055081,159588,Mapped
2055088,160091,Mapped
2055089,159409,Mapped
2055090,159410,Mapped
2055091,160228,Mapped
2055092,160230,Mapped
2055094,160089,Mapped
2055096,160090,Mapped
2055097,159435,Mapped
2055098,159436,Mapped
2055099,159437,Mapped
2055101,159390,Mapped
2055102,159421,Mapped
2055103,159397,Mapped
2055104,159395,Mapped
2055107,161337,Mapped
2055112,159890,Mapped
2055115,159894,Mapped
2055116,159893,Mapped
2055119,N/A,Unmapped
2055120,N/A,Unmapped
2055121,160311,Mapped
2055122,160316,Mapped
2055123,160317,Mapped
2055124,160319,Mapped
2055125,160315,Mapped
2055126,160320,Mapped
2055127,160313,Mapped
2055128,160314,Mapped
2055129,160322,Mapped
2055130,160318,Mapped
2055131,160321,Mapped
2055132,160323,Mapped
2055133,160324,Mapped
2055134,160325,Mapped
2055135,160326,Mapped
2055136,166806,Mapped
2055137,159895,Mapped
2055139,159928,Mapped
2055140,159930,Mapped
2055141,159931,Mapped
2055142,159932,Mapped
2055143,159838,Mapped
2055144,159867,Mapped
2055145,159868,Mapped
2055146,159869,Mapped
2055176,N/A,Unmapped
2055177,160255,Mapped
2055178,160256,Mapped
2055180,159971,Mapped
2055181,159951,Mapped
2055182,159974,Mapped
2055190,161080,Mapped
2055192,160165,Mapped
2055193,160161,Mapped
2055194,160162,Mapped
2055195,160163,Mapped
2055196,160164,Mapped
2055201,160291,Mapped
2055202,163393,Mapped
2055203,163394,Mapped
2055204,160283,Mapped
2055205,160284,Mapped
2055206,160285,Mapped
2055207,160336,Mapped
2055208,160335,Mapped
2055209,160342,Mapped
2055210,161168,Mapped
2055211,161175,Mapped
2055212,161170,Mapped
2055214,161169,Mapped
2055215,161173,Mapped
2055217,161176,Mapped
2055218,161174,Mapped
2055219,161184,Mapped
2055220,N/A,Unmapped
2055221,N/A,Unmapped
2055222,N/A,Unmapped
2055223,161582,Mapped
2055228,161587,Mapped
2055229,161588,Mapped
2055231,161590,Mapped
2055235,161594,Mapped
2055236,161595,Mapped
2055237,161199,Mapped
2055239,161401,Mapped
2055240,161402,Mapped
2055241,161361,Mapped
2055242,N/A,Unmapped
2055243,N/A,Unmapped
2055244,N/A,Unmapped
2055245,N/A,Unmapped
2055246,N/A,Unmapped
2055247,N/A,Unmapped
2055248,N/A,Unmapped
2055249,N/A,Unmapped
2055250,N/A,Unmapped
2055251,N/A,Unmapped
2055252,N/A,Unmapped
2055253,N/A,Unmapped
2055254,N/A,Unmapped
2055255,N/A,Unmapped
2055256,N/A,Unmapped
2055257,N/A,Unmapped
2055258,N/A,Unmapped
2055259,N/A,Unmapped
2055260,N/A,Unmapped
2055261,N/A,Unmapped
2055262,N/A,Unmapped
2055263,N/A,Unmapped
2055264,N/A,Unmapped
2055266,161360,Mapped
2055267,161639,Mapped
2055268,161617,Mapped
2055269,161618,Mapped
2055270,161622,Mapped
2055271,161623,Mapped
2055300,N/A,Unmapped
2055301,N/A,Unmapped
2055302,N/A,Unmapped
2055303,N/A,Unmapped
2055304,N/A,Unmapped
2055307,N/A,Unmapped
2055308,N/A,Unmapped
2055309,N/A,Unmapped
2055310,N/A,Unmapped
2055311,N/A,Unmapped
2055312,N/A,Unmapped
2055313,N/A,Unmapped
2055314,N/A,Unmapped
2055315,N/A,Unmapped
2055316,N/A,Unmapped
2055318,N/A,Unmapped
2055319,N/A,Unmapped
2055320,N/A,Unmapped
2055321,N/A,Unmapped
2055322,N/A,Unmapped
2055336,N/A,Unmapped
2055337,N/A,Unmapped
2055338,N/A,Unmapped
2055339,N/A,Unmapped
2055340,N/A,Unmapped
2055341,N/A,Unmapped
2055342,N/A,Unmapped
2055343,N/A,Unmapped
2055344,N/A,Unmapped
2055345,N/A,Unmapped
2055346,N/A,Unmapped
2055347,N/A,Unmapped
2055348,N/A,Unmapped
2055349,N/A,Unmapped
2055350,N/A,Unmapped
2055351,N/A,Unmapped
2055352,N/A,Unmapped
2055353,N/A,Unmapped
2055354,N/A,Unmapped
2055355,N/A,Unmapped
2055356,N/A,Unmapped
2055357,N/A,Unmapped
2055358,N/A,Unmapped
2055359,N/A,Unmapped
2055360,N/A,Unmapped
2055361,N/A,Unmapped
2055362,N/A,Unmapped
2055363,N/A,Unmapped
2055364,N/A,Unmapped
2055365,N/A,Unmapped
2055366,N/A,Unmapped
2055367,N/A,Unmapped
2055368,N/A,Unmapped
2055369,N/A,Unmapped
2055370,N/A,Unmapped
2055371,N/A,Unmapped
2055372,N/A,Unmapped
2055373,N/A,Unmapped
2055374,N/A,Unmapped
2055375,N/A,Unmapped
2055376,N/A,Unmapped
2055377,N/A,Unmapped
2055378,N/A,Unmapped
2055379,N/A,Unmapped
2055380,N/A,Unmapped
2055381,N/A,Unmapped
2055382,N/A,Unmapped
2055383,N/A,Unmapped
2055438,162307,Mapped
2055439,162367,Mapped
2055456,162330,Mapped
2055471,162341,Mapped
2055472,162336,Mapped
2055473,162348,Mapped
2055474,161781,Mapped
2055475,161787,Mapped
2055476,161803,Mapped
2055477,161768,Mapped
2055478,161791,Mapped
2055479,161800,Mapped
2055480,161790,Mapped
2055481,161795,Mapped
2055482,161798,Mapped
2055483,161799,Mapped
2055484,161792,Mapped
2055485,161786,Mapped
2055486,161789,Mapped
2055535,159214,Mapped
2055536,159215,Mapped
2055537,159216,Mapped
2055539,159407,Mapped
2055541,159369,Mapped
2055542,159386,Mapped
2055543,159387,Mapped
2055544,159388,Mapped
2055549,159384,Mapped
2055550,159423,Mapped
2055551,159424,Mapped
2055552,159425,Mapped
2055555,159411,Mapped
2055577,159512,Mapped
2055578,159513,Mapped
2055579,159592,Mapped
2055580,159593,Mapped
2055581,159516,Mapped
2055582,159373,Mapped
2055583,159375,Mapped
2055584,159374,Mapped
2055585,159376,Mapped
2055586,159377,Mapped
2055587,159379,Mapped
2055588,159380,Mapped
2055590,N/A,Unmapped
2055591,N/A,Unmapped
2055592,N/A,Unmapped
2055593,N/A,Unmapped
2055594,N/A,Unmapped
2055595,N/A,Unmapped
2055596,N/A,Unmapped
2055597,159824,Mapped
2055598,159825,Mapped
2055600,159826,Mapped
2055601,159820,Mapped
2055602,159821,Mapped
2055603,159822,Mapped
2055606,159978,Mapped
2055608,159829,Mapped
2055610,159840,Mapped
2055611,159835,Mapped
2055612,159933,Mapped
2055613,159934,Mapped
2055614,159935,Mapped
2055627,159854,Mapped
2055628,159855,Mapped
2055629,159857,Mapped
2055630,159952,Mapped
2055631,159945,Mapped
2055632,159942,Mapped
2055673,161507,Mapped
2055683,161517,Mapped
2055685,161519,Mapped
2055687,161521,Mapped
2055689,159950,Mapped
2055690,159948,Mapped
2055692,159970,Mapped
2055694,161524,Mapped
2055697,159944,Mapped
2055703,N/A,Unmapped
2055704,N/A,Unmapped
2055705,N/A,Unmapped
2055706,159981,Mapped
2055707,159983,Mapped
2055708,N/A,Unmapped
2055709,N/A,Unmapped
2055710,N/A,Unmapped
2055711,160279,Mapped
2055712,161443,Mapped
2055713,160155,Mapped
2055714,160156,Mapped
2055715,160157,Mapped
2055716,160158,Mapped
2055717,160159,Mapped
2055718,160208,Mapped
2055719,161442,Mapped
2055720,161444,Mapped
2055721,160210,Mapped
2055722,160160,Mapped
2055723,160229,Mapped
2055730,161526,Mapped
2055733,161527,Mapped
2055736,161530,Mapped
2055737,161531,Mapped
2055738,161533,Mapped
2055739,160307,Mapped
2055740,160296,Mapped
2055741,160304,Mapped
2055743,160298,Mapped
2055760,161613,Mapped
2055763,161338,Mapped
2055764,161163,Mapped
2055765,161164,Mapped
2055766,161165,Mapped
2055767,161166,Mapped
2055768,161167,Mapped
2055769,161178,Mapped
2055770,161181,Mapped
2055771,161180,Mapped
2055772,161205,Mapped
2055773,167369,Mapped
2055782,161369,Mapped
2055783,N/A,Unmapped
2055784,N/A,Unmapped
2055785,N/A,Unmapped
2055789,N/A,Unmapped
2055790,N/A,Unmapped
2055791,N/A,Unmapped
2055792,N/A,Unmapped
2055793,N/A,Unmapped
2055794,N/A,Unmapped
2055795,N/A,Unmapped
2055796,N/A,Unmapped
2055797,N/A,Unmapped
2055820,N/A,Unmapped
2055821,N/A,Unmapped
2055822,N/A,Unmapped
2055827,N/A,Unmapped
2055828,N/A,Unmapped
2055829,N/A,Unmapped
2055830,N/A,Unmapped
2055831,N/A,Unmapped
2055832,N/A,Unmapped
2055833,N/A,Unmapped
2055834,N/A,Unmapped
2055835,N/A,Unmapped
2055836,N/A,Unmapped
2055837,N/A,Unmapped
2055838,N/A,Unmapped
2055841,N/A,Unmapped
2055873,161632,Mapped
2055874,161628,Mapped
2055875,161633,Mapped
2055876,161634,Mapped
2055878,161627,Mapped
2055879,161629,Mapped
2055880,161635,Mapped
2055881,161630,Mapped
2055882,161631,Mapped
2055883,161649,Mapped
2055884,161656,Mapped
2055885,161657,Mapped
2055886,161646,Mapped
2055887,161751,Mapped
2055891,N/A,Unmapped
2055934,162302,Mapped
2055962,161704,Mapped
2055963,161705,Mapped
2055964,161707,Mapped
2055965,161861,Mapped
2055966,161862,Mapped
2055967,161863,Mapped
2056001,163622,Mapped
2056003,163633,Mapped
2056004,162688,Mapped
2056035,N/A,Unmapped
2056036,N/A,Unmapped
2056038,159414,Mapped
2056039,N/A,Unmapped
2056042,N/A,Unmapped
2056043,N/A,Unmapped
2056063,159422,Mapped
2056066,159383,Mapped
2056067,159385,Mapped
2056068,159391,Mapped
2056069,N/A,Unmapped
2056071,159382,Mapped
2056072,159394,Mapped
2056073,159419,Mapped
2056077,159862,Mapped
2056078,159870,Mapped
2056079,159957,Mapped
2056080,159962,Mapped
2056081,159961,Mapped
2056107,159994,Mapped
2056108,159995,Mapped
2056109,159997,Mapped
2056110,159991,Mapped
2056111,159992,Mapped
2056112,159996,Mapped
2056113,159993,Mapped
2056114,160231,Mapped
2056115,160232,Mapped
2056143,160169,Mapped
2056144,160170,Mapped
2056155,161692,Mapped
2056168,160209,Mapped
2056169,160211,Mapped
2056170,N/A,Unmapped
2056172,160293,Mapped
2056174,160353,Mapped
2056183,161391,Mapped
2056184,161403,Mapped
2056185,161404,Mapped
2056186,161385,Mapped
2056187,161390,Mapped
2056188,161405,Mapped
2056189,161411,Mapped
2056190,161386,Mapped
2056191,161387,Mapped
2056192,161388,Mapped
2056193,161389,Mapped
2056194,161367,Mapped
2056195,161368,Mapped
2056200,N/A,Unmapped
2056201,N/A,Unmapped
2056202,N/A,Unmapped
2056203,N/A,Unmapped
2056204,N/A,Unmapped
2056206,N/A,Unmapped
2056207,N/A,Unmapped
2056208,N/A,Unmapped
2056209,N/A,Unmapped
2056210,N/A,Unmapped
2056211,N/A,Unmapped
2056212,N/A,Unmapped
2056213,N/A,Unmapped
2056214,N/A,Unmapped
2056217,161712,Mapped
2056225,N/A,Unmapped
2056226,N/A,Unmapped
2056227,N/A,Unmapped
2056228,N/A,Unmapped
2056229,N/A,Unmapped
2056230,N/A,Unmapped
2056232,N/A,Unmapped
2056233,N/A,Unmapped
2056235,N/A,Unmapped
2056236,N/A,Unmapped
2056237,161706,Mapped
2056266,N/A,Unmapped
2056269,162574,Mapped
2056270,162575,Mapped
2056271,162510,Mapped
2056272,162509,Mapped
2056273,162511,Mapped
2056274,162532,Mapped
2056275,162516,Mapped
2056277,162521,Mapped
2056278,162525,Mapped
2056535,159406,Mapped
2056536,159348,Mapped
2056540,159910,Mapped
2056541,159389,Mapped
2056546,N/A,Unmapped
2056547,159830,Mapped
2056548,159831,Mapped
2056552,161534,Mapped
2056553,167409,Mapped
2056554,161535,Mapped
2056558,167831,Mapped
2056559,167833,Mapped
2056560,167834,Mapped
2056561,167835,Mapped
2056570,167843,Mapped
2056571,167844,Mapped
2056572,167845,Mapped
2056573,167847,Mapped
2056574,167846,Mapped
2056575,167848,Mapped
2056576,167849,Mapped
2056581,167852,Mapped
2056582,167853,Mapped
2056583,167855,Mapped
2056588,167858,Mapped
2056589,167859,Mapped
2056593,167862,Mapped
2056594,167863,Mapped
2056595,167864,Mapped
2056600,167868,Mapped
2056604,167867,Mapped
2056605,167869,Mapped
2056606,167870,Mapped
2056608,167871,Mapped
2056612,167873,Mapped
2056616,167876,Mapped
2056618,167878,Mapped
2056619,167879,Mapped
2056623,160273,Mapped
2056624,160274,Mapped
2056628,160265,Mapped
2056629,160266,Mapped
2056630,160268,Mapped
2056640,160278,Mapped
2056641,160258,Mapped
2056642,160262,Mapped
2056643,160263,Mapped
2056644,160264,Mapped
2056645,160259,Mapped
2056646,160261,Mapped
2056647,160260,Mapped
2056648,160277,Mapped
2056657,N/A,Unmapped
2056658,160334,Mapped
2056659,160340,Mapped
2056664,161858,Mapped
2056670,161416,Mapped
2056673,167370,Mapped
2056674,167367,Mapped
2056675,167366,Mapped
2056676,N/A,Unmapped
2056677,N/A,Unmapped
2056678,N/A,Unmapped
2056679,N/A,Unmapped
2056680,N/A,Unmapped
2056718,N/A,Unmapped
2056719,N/A,Unmapped
2056724,N/A,Unmapped
2056725,N/A,Unmapped
2056726,N/A,Unmapped
2056727,N/A,Unmapped
2056728,N/A,Unmapped
2056729,N/A,Unmapped
2056730,N/A,Unmapped
2056757,N/A,Unmapped
2056758,N/A,Unmapped
2056759,N/A,Unmapped
2056760,N/A,Unmapped
2056765,161397,Mapped
2056766,161384,Mapped
2056791,161919,Mapped
2056792,161921,Mapped
2056793,161920,Mapped
2056798,166817,Mapped
2056799,166811,Mapped
2056800,166814,Mapped
2056804,166818,Mapped
2056806,166819,Mapped
2056810,167372,Mapped
2056811,161900,Mapped
2056812,161899,Mapped
2056813,161901,Mapped
2056814,161902,Mapped
2056815,161903,Mapped
2056877,161743,Mapped
2056878,161744,Mapped
2056879,161745,Mapped
2056880,161746,Mapped
2056881,161747,Mapped
2056882,161748,Mapped
2056883,161722,Mapped
2056884,161723,Mapped
2056885,161724,Mapped
2056886,161725,Mapped
2056887,161726,Mapped
2056888,161727,Mapped
2056889,161728,Mapped
2056890,161729,Mapped
2056891,161730,Mapped
2056892,161731,Mapped
2056893,161732,Mapped
2056894,161739,Mapped
2056895,161742,Mapped
2056896,161740,Mapped
2056897,161741,Mapped
2056898,161749,Mapped
2056899,161750,Mapped
2056900,161864,Mapped
2056901,161865,Mapped
2056902,161866,Mapped
2056903,161867,Mapped
2056904,161868,Mapped
2056909,162893,Mapped
2056910,162898,Mapped
2056911,162912,Mapped
2056912,162911,Mapped
2056913,161779,Mapped
2056914,161775,Mapped
2056915,161776,Mapped
2056916,161778,Mapped
2056917,161777,Mapped
2056918,161782,Mapped
2056919,161770,Mapped
2056920,161783,Mapped
2056921,161797,Mapped
2056922,161788,Mapped
2056923,161772,Mapped
2056924,161794,Mapped
2056925,161780,Mapped
2056933,161785,Mapped
2056934,161796,Mapped
2056935,161802,Mapped
2056936,161774,Mapped
2056937,161804,Mapped
2056938,161793,Mapped
2056939,161773,Mapped
2056940,161769,Mapped
2056941,161801,Mapped
2056942,161784,Mapped
2056943,161938,Mapped
2056944,161937,Mapped
2057035,N/A,Unmapped
2057036,N/A,Unmapped
2057037,N/A,Unmapped
2057056,N/A,Unmapped
2057057,N/A,Unmapped
2057058,N/A,Unmapped
2057062,N/A,Unmapped
2057063,N/A,Unmapped
2057064,N/A,Unmapped
2057065,N/A,Unmapped
2057066,N/A,Unmapped
2057067,N/A,Unmapped
2057068,N/A,Unmapped
2057069,N/A,Unmapped
2057070,N/A,Unmapped
2057071,N/A,Unmapped
2057072,N/A,Unmapped
2057073,N/A,Unmapped
2057074,N/A,Unmapped
2057075,N/A,Unmapped
2057076,N/A,Unmapped
2057077,N/A,Unmapped
2057078,N/A,Unmapped
2057079,N/A,Unmapped
2057080,N/A,Unmapped
2057081,N/A,Unmapped
2057082,N/A,Unmapped
2057085,N/A,Unmapped
2057086,N/A,Unmapped
2057090,N/A,Unmapped
2057091,N/A,Unmapped
2057094,N/A,Unmapped
2057095,N/A,Unmapped
2057096,N/A,Unmapped
2057097,N/A,Unmapped
2057099,N/A,Unmapped
2057100,N/A,Unmapped
2057101,N/A,Unmapped
2057102,N/A,Unmapped
2057106,N/A,Unmapped
2057107,N/A,Unmapped
2057108,N/A,Unmapped
2057109,N/A,Unmapped
2057113,N/A,Unmapped
2057117,N/A,Unmapped
2057118,N/A,Unmapped
2057120,N/A,Unmapped
2057121,N/A,Unmapped
2057125,N/A,Unmapped
2057126,N/A,Unmapped
2057127,N/A,Unmapped
2057131,N/A,Unmapped
2057132,N/A,Unmapped
2057133,N/A,Unmapped
2057136,N/A,Unmapped
2057137,N/A,Unmapped
2057138,N/A,Unmapped
2057139,N/A,Unmapped
2057140,N/A,Unmapped
2057143,N/A,Unmapped
2057144,N/A,Unmapped
2057145,N/A,Unmapped
2057146,N/A,Unmapped
2057147,N/A,Unmapped
2057148,N/A,Unmapped
2057153,N/A,Unmapped
2057154,N/A,Unmapped
2057158,N/A,Unmapped
2057159,N/A,Unmapped
2057160,N/A,Unmapped
2057161,N/A,Unmapped
2057164,N/A,Unmapped
2057165,N/A,Unmapped
2057166,N/A,Unmapped
2057167,N/A,Unmapped
2057168,N/A,Unmapped
2057169,N/A,Unmapped
2057175,N/A,Unmapped
2057176,N/A,Unmapped
2057177,N/A,Unmapped
2057178,N/A,Unmapped
2057179,N/A,Unmapped
2057183,N/A,Unmapped
2057184,N/A,Unmapped
2057185,N/A,Unmapped
2057189,N/A,Unmapped
2057190,N/A,Unmapped
2057191,N/A,Unmapped
2057192,N/A,Unmapped
2057195,N/A,Unmapped
2057196,N/A,Unmapped
2057197,N/A,Unmapped
2057198,N/A,Unmapped
2057200,N/A,Unmapped
2057201,N/A,Unmapped
2057205,N/A,Unmapped
2057206,N/A,Unmapped
2057209,N/A,Unmapped
2057210,N/A,Unmapped
2057215,N/A,Unmapped
2057216,N/A,Unmapped
2057217,N/A,Unmapped
2057220,N/A,Unmapped
2057222,N/A,Unmapped
2057223,N/A,Unmapped
2057224,N/A,Unmapped
2057225,N/A,Unmapped
2057229,N/A,Unmapped
2057230,N/A,Unmapped
2057231,N/A,Unmapped
2057232,N/A,Unmapped
2057236,N/A,Unmapped
2057237,N/A,Unmapped
2057240,N/A,Unmapped
2057241,N/A,Unmapped
2057246,N/A,Unmapped
2057247,N/A,Unmapped
2057248,N/A,Unmapped
2057252,N/A,Unmapped
2057253,N/A,Unmapped
2057254,N/A,Unmapped
2057261,N/A,Unmapped
2057262,N/A,Unmapped
2057263,N/A,Unmapped
2057264,N/A,Unmapped
2057267,N/A,Unmapped
2057268,N/A,Unmapped
2057269,N/A,Unmapped
2057270,N/A,Unmapped
2057274,N/A,Unmapped
2057276,N/A,Unmapped
2057277,N/A,Unmapped
2057278,N/A,Unmapped
2057279,N/A,Unmapped
2057283,161933,Mapped
2057285,162545,Mapped
2057464,162596,Mapped
2057465,162598,Mapped
2057466,162597,Mapped
2057596,N/A,Unmapped
2057597,N/A,Unmapped
2057598,N/A,Unmapped
2057599,N/A,Unmapped
2057600,161934,Mapped
2057601,161935,Mapped
2057854,165733,Mapped
2057855,165734,Mapped
2057856,165735,Mapped
2057857,162562,Mapped
2057858,162561,Mapped
2057859,162451,Mapped
2057872,162453,Mapped
2057874,162580,Mapped
2057876,162505,Mapped
2057877,162455,Mapped
2057878,N/A,Unmapped
2057879,162442,Mapped
2057880,162443,Mapped
2057881,162415,Mapped
2057882,162413,Mapped
2057883,162588,Mapped
2057884,162537,Mapped
2057885,162590,Mapped
2057908,163272,Mapped
2057923,163688,Mapped
2058070,164391,Mapped
2058071,162526,Mapped
2058072,164393,Mapped
2058350,162556,Mapped
2058360,162506,Mapped
2058365,162875,Mapped
2058373,162910,Mapped
2058374,162906,Mapped
2058375,162914,Mapped
2058376,162896,Mapped
2058490,162542,Mapped
2058492,162456,Mapped
2058493,162457,Mapped
2058494,163389,Mapped
2058495,162971,Mapped
2058642,162540,Mapped
2058691,163689,Mapped
2058692,163690,Mapped
2058693,163691,Mapped
2058694,163692,Mapped
2058695,162907,Mapped
2058696,162890,Mapped
2058697,162869,Mapped
2058698,162868,Mapped
2058699,162915,Mapped
2058700,162903,Mapped
2058701,162902,Mapped
2058702,162909,Mapped
2058703,162919,Mapped
2058704,162897,Mapped
2058705,162905,Mapped
2058706,162916,Mapped
2058707,162882,Mapped
2058708,162918,Mapped
2058709,162867,Mapped
2058710,162904,Mapped
2058734,162577,Mapped
2058895,162551,Mapped
2058896,162528,Mapped
2058938,163182,Mapped
2059301,N/A,Unmapped
2059302,N/A,Unmapped
2059303,N/A,Unmapped
2059304,N/A,Unmapped
2059305,N/A,Unmapped
2059307,N/A,Unmapped
2059314,N/A,Unmapped
2059315,N/A,Unmapped
2059316,N/A,Unmapped
2059317,N/A,Unmapped
2059318,N/A,Unmapped
2059319,N/A,Unmapped
2059320,N/A,Unmapped
2059321,N/A,Unmapped
2059329,163545,Mapped
2059330,163546,Mapped
2059331,163371,Mapped
2059336,163370,Mapped
2059337,163368,Mapped
2059338,163395,Mapped
2059339,163531,Mapped
2059340,163532,Mapped
2059341,163533,Mapped
2059342,163534,Mapped
2059351,165746,Mapped
2059352,N/A,Unmapped
2059353,163750,Mapped
2059354,163883,Mapped
2059355,164110,Mapped
2059356,165752,Mapped
2059357,165751,Mapped
2059358,165559,Mapped
2059359,165562,Mapped
2059360,165560,Mapped
2059361,165561,Mapped
2059362,165563,Mapped
2059364,165564,Mapped
2059366,165565,Mapped
2059368,165566,Mapped
2059369,165567,Mapped
2059374,165571,Mapped
2059376,165573,Mapped
2059377,165574,Mapped
2059378,167411,Mapped
2059381,165576,Mapped
2059382,165577,Mapped
2059385,167412,Mapped
2059387,165578,Mapped
2059388,165579,Mapped
2059389,165580,Mapped
2059392,164491,Mapped
2059393,164492,Mapped
2059394,164487,Mapped
2059395,164489,Mapped
2059493,164519,Mapped
2059514,164879,Mapped
2059522,164958,Mapped
2059570,162595,Mapped
2059572,161980,Mapped
2059573,161966,Mapped
2059574,161974,Mapped
2059575,162299,Mapped
2059576,161958,Mapped
2059577,161946,Mapped
2059578,161947,Mapped
2059579,161951,Mapped
2059580,161953,Mapped
2059581,161948,Mapped
2059583,161959,Mapped
2059584,161960,Mapped
2059585,161961,Mapped
2059586,161962,Mapped
2059587,161963,Mapped
2059588,161964,Mapped
2059589,161967,Mapped
2059590,161968,Mapped
2059591,161969,Mapped
2059592,161970,Mapped
2059593,161971,Mapped
2059595,161979,Mapped
2059600,161975,Mapped
2059602,161956,Mapped
2059603,161943,Mapped
2059654,162539,Mapped
2059663,162458,Mapped
2059664,162459,Mapped
2059674,164887,Mapped
2059675,164888,Mapped
2059676,163294,Mapped
2059684,168286,Mapped
2059882,162552,Mapped
2059883,162566,Mapped
2059886,162637,Mapped
2059887,162638,Mapped
2059888,162639,Mapped
2059889,162640,Mapped
2059890,162641,Mapped
2059891,162636,Mapped
2059907,N/A,Unmapped
2059908,N/A,Unmapped
2059909,N/A,Unmapped
2059910,N/A,Unmapped
2059911,N/A,Unmapped
2059912,N/A,Unmapped
2059913,N/A,Unmapped
2059914,N/A,Unmapped
2059915,N/A,Unmapped
2059916,N/A,Unmapped
2059917,N/A,Unmapped
2059918,N/A,Unmapped
2059922,N/A,Unmapped
2059923,N/A,Unmapped
2059924,N/A,Unmapped
2059925,N/A,Unmapped
2059926,N/A,Unmapped
2059927,N/A,Unmapped
2059928,N/A,Unmapped
2059929,N/A,Unmapped
2059930,N/A,Unmapped
2059931,N/A,Unmapped
2059932,N/A,Unmapped
2059935,N/A,Unmapped
2059936,N/A,Unmapped
2059937,N/A,Unmapped
2059938,N/A,Unmapped
2059939,N/A,Unmapped
2059940,N/A,Unmapped
2059946,N/A,Unmapped
2059947,N/A,Unmapped
2059949,N/A,Unmapped
2059950,N/A,Unmapped
2059951,N/A,Unmapped
2059952,N/A,Unmapped
2059953,N/A,Unmapped
2059954,N/A,Unmapped
2059955,N/A,Unmapped
2059956,N/A,Unmapped
2059957,N/A,Unmapped
2059958,N/A,Unmapped
2059959,N/A,Unmapped
2059960,N/A,Unmapped
2059961,N/A,Unmapped
2059962,N/A,Unmapped
2059963,N/A,Unmapped
2059972,N/A,Unmapped
2059973,N/A,Unmapped
2059974,N/A,Unmapped
2059975,N/A,Unmapped
2059976,N/A,Unmapped
2059979,N/A,Unmapped
2059980,N/A,Unmapped
2059981,N/A,Unmapped
2059982,N/A,Unmapped
2059983,N/A,Unmapped
2059984,N/A,Unmapped
2059985,N/A,Unmapped
2059986,N/A,Unmapped
2059987,N/A,Unmapped
2059989,N/A,Unmapped
2059990,N/A,Unmapped
2059991,N/A,Unmapped
2059992,N/A,Unmapped
2059993,N/A,Unmapped
2059994,N/A,Unmapped
2059995,N/A,Unmapped
2059996,N/A,Unmapped
2059997,N/A,Unmapped
2059998,N/A,Unmapped
2059999,N/A,Unmapped
2060005,N/A,Unmapped
2060006,N/A,Unmapped
2060007,N/A,Unmapped
2060010,N/A,Unmapped
2060013,N/A,Unmapped
2060014,N/A,Unmapped
2060015,N/A,Unmapped
2060016,N/A,Unmapped
2060017,N/A,Unmapped
2060018,N/A,Unmapped
2060019,N/A,Unmapped
2060020,N/A,Unmapped
2060021,N/A,Unmapped
2060022,N/A,Unmapped
2060023,N/A,Unmapped
2060024,N/A,Unmapped
2060025,N/A,Unmapped
2060027,N/A,Unmapped
2060028,N/A,Unmapped
2060029,N/A,Unmapped
2060030,N/A,Unmapped
2060031,N/A,Unmapped
2060032,N/A,Unmapped
2060033,N/A,Unmapped
2060034,N/A,Unmapped
2060050,162512,Mapped
2060051,162507,Mapped
2060161,N/A,Unmapped
2060162,N/A,Unmapped
2060163,N/A,Unmapped
2060164,N/A,Unmapped
2060165,N/A,Unmapped
2060166,N/A,Unmapped
2060167,N/A,Unmapped
2060168,N/A,Unmapped
2060169,N/A,Unmapped
2060171,N/A,Unmapped
2060172,N/A,Unmapped
2060173,N/A,Unmapped
2060175,N/A,Unmapped
2060176,N/A,Unmapped
2060178,N/A,Unmapped
2060180,N/A,Unmapped
2060182,N/A,Unmapped
2060188,N/A,Unmapped
2060190,N/A,Unmapped
2060194,N/A,Unmapped
2060200,N/A,Unmapped
2060202,N/A,Unmapped
2060203,N/A,Unmapped
2060204,N/A,Unmapped
2060205,N/A,Unmapped
2060206,N/A,Unmapped
2060207,N/A,Unmapped
2060210,N/A,Unmapped
2060212,N/A,Unmapped
2060213,N/A,Unmapped
2060214,N/A,Unmapped
2060215,N/A,Unmapped
2060216,N/A,Unmapped
2060217,N/A,Unmapped
2060218,N/A,Unmapped
2060220,N/A,Unmapped
2060221,N/A,Unmapped
2060222,N/A,Unmapped
2060229,N/A,Unmapped
2060231,N/A,Unmapped
2060238,N/A,Unmapped
2060240,N/A,Unmapped
2060241,N/A,Unmapped
2060243,N/A,Unmapped
2060245,N/A,Unmapped
2060246,N/A,Unmapped
2060247,N/A,Unmapped
2060248,N/A,Unmapped
2060249,N/A,Unmapped
2060250,N/A,Unmapped
2060252,N/A,Unmapped
2060253,N/A,Unmapped
2060254,N/A,Unmapped
2060255,N/A,Unmapped
2060257,N/A,Unmapped
2060258,N/A,Unmapped
2060263,N/A,Unmapped
2060266,N/A,Unmapped
2060267,N/A,Unmapped
2060268,N/A,Unmapped
2060269,N/A,Unmapped
2060270,N/A,Unmapped
2060271,N/A,Unmapped
2060272,N/A,Unmapped
2060273,N/A,Unmapped
2060276,N/A,Unmapped
2060277,N/A,Unmapped
2060278,N/A,Unmapped
2060279,N/A,Unmapped
2060280,N/A,Unmapped
2060281,N/A,Unmapped
2060285,N/A,Unmapped
2060286,N/A,Unmapped
2060287,N/A,Unmapped
2060288,N/A,Unmapped
2060291,N/A,Unmapped
2060292,N/A,Unmapped
2060297,N/A,Unmapped
2060298,N/A,Unmapped
2060299,N/A,Unmapped
2060300,N/A,Unmapped
2060301,N/A,Unmapped
2060485,162582,Mapped
2060486,163640,Mapped
2060500,162594,Mapped
2060501,162541,Mapped
2060502,162543,Mapped
2060503,162544,Mapped
2060580,162460,Mapped
2060582,162463,Mapped
2060586,162578,Mapped
2060587,162579,Mapped
2060588,162583,Mapped
2060589,162581,Mapped
2060594,162968,Mapped
2060595,165488,Mapped
2060596,162461,Mapped
2060597,164889,Mapped
2060598,164890,Mapped
2060599,164891,Mapped
2060605,163390,Mapped
2060606,163391,Mapped
2060607,163392,Mapped
2060627,162970,Mapped
2060675,163308,Mapped
2060678,163311,Mapped
2060846,162563,Mapped
2060847,162565,Mapped
2060848,162529,Mapped
2060853,162515,Mapped
2060854,162536,Mapped
2060855,162535,Mapped
2060856,162534,Mapped
2060873,162635,Mapped
2060874,N/A,Unmapped
2060875,N/A,Unmapped
2060876,N/A,Unmapped
2060877,N/A,Unmapped
2060878,N/A,Unmapped
2060879,N/A,Unmapped
2060880,N/A,Unmapped
2060881,N/A,Unmapped
2060882,N/A,Unmapped
2060883,N/A,Unmapped
2060884,N/A,Unmapped
2060885,N/A,Unmapped
2060908,163166,Mapped
2060909,163165,Mapped
2060910,163168,Mapped
2060911,163170,Mapped
2060912,N/A,Unmapped
2060943,163178,Mapped
2060944,163186,Mapped
2060946,N/A,Unmapped
2060947,N/A,Unmapped
2060952,163361,Mapped
2060953,164584,Mapped
2060954,163543,Mapped
2060955,163542,Mapped
2060956,164816,Mapped
2060964,163620,Mapped
2060965,163363,Mapped
2060966,163364,Mapped
2060967,163366,Mapped
2060968,163365,Mapped
2060969,163544,Mapped
2060978,163643,Mapped
2060981,163646,Mapped
2060982,163647,Mapped
2060985,163680,Mapped
2060988,163731,Mapped
2060989,163732,Mapped
2060990,163741,Mapped
2060992,163869,Mapped
2060993,163873,Mapped
2060994,163877,Mapped
2060995,165759,Mapped
2060996,166787,Mapped
2060997,163874,Mapped
2060998,163870,Mapped
2060999,163868,Mapped
2061000,163872,Mapped
2061001,163866,Mapped
2061002,163897,Mapped
2061003,163889,Mapped
2061004,163887,Mapped
2061005,163988,Mapped
2061006,163989,Mapped
2061007,163985,Mapped
2061008,163986,Mapped
2061009,163987,Mapped
2061010,163990,Mapped
2061011,163991,Mapped
2061012,163992,Mapped
2061013,163993,Mapped
2061014,163994,Mapped
2061015,163995,Mapped
2061016,163996,Mapped
2061017,163997,Mapped
2061019,163899,Mapped
2061020,163888,Mapped
2061021,163898,Mapped
2061027,165852,Mapped
2061030,163976,Mapped
2061230,162508,Mapped
2061231,162513,Mapped
2061294,162733,Mapped
2061295,162732,Mapped
2061296,162735,Mapped
2061297,162734,Mapped
2061298,162492,Mapped
2061299,162495,Mapped
2061300,162484,Mapped
2061301,162504,Mapped
2061302,162501,Mapped
2061303,162500,Mapped
2061304,162489,Mapped
2061305,162503,Mapped
2061306,162502,Mapped
2061307,162497,Mapped
2061308,162499,Mapped
2061309,162481,Mapped
2061310,162486,Mapped
2061311,162483,Mapped
2061312,162485,Mapped
2061313,162494,Mapped
2061314,162482,Mapped
2061315,162493,Mapped
2061316,162487,Mapped
2061317,162491,Mapped
2061318,162490,Mapped
2061319,162496,Mapped
2061320,162498,Mapped
2061321,162488,Mapped
2061322,162555,Mapped
2061331,N/A,Unmapped
2061333,N/A,Unmapped
2061334,N/A,Unmapped
2061335,N/A,Unmapped
2061336,N/A,Unmapped
2061337,N/A,Unmapped
2061338,N/A,Unmapped
2061339,N/A,Unmapped
2061340,N/A,Unmapped
2061341,N/A,Unmapped
2061342,N/A,Unmapped
2061343,N/A,Unmapped
2061344,N/A,Unmapped
2061346,N/A,Unmapped
2061347,N/A,Unmapped
2061348,N/A,Unmapped
2061349,N/A,Unmapped
2061350,N/A,Unmapped
2061351,N/A,Unmapped
2061352,N/A,Unmapped
2061353,N/A,Unmapped
2061354,N/A,Unmapped
2061355,N/A,Unmapped
2061356,N/A,Unmapped
2061357,N/A,Unmapped
2061358,N/A,Unmapped
2061359,N/A,Unmapped
2061360,N/A,Unmapped
2061361,N/A,Unmapped
2061362,N/A,Unmapped
2061363,N/A,Unmapped
2061364,N/A,Unmapped
2061365,N/A,Unmapped
2061366,N/A,Unmapped
2061367,N/A,Unmapped
2061368,N/A,Unmapped
2061369,163127,Mapped
2061370,N/A,Unmapped
2061371,N/A,Unmapped
2061372,N/A,Unmapped
2061373,162749,Mapped
2061374,162750,Mapped
2061375,162921,Mapped
2061376,162920,Mapped
2061377,163150,Mapped
2061378,163149,Mapped
2061400,163142,Mapped
2061401,162704,Mapped
2061402,162730,Mapped
2061403,162705,Mapped
2061404,162703,Mapped
2061405,163154,Mapped
2061406,163158,Mapped
2061407,163156,Mapped
2061408,163155,Mapped
2061412,163164,Mapped
2061413,164302,Mapped
2061463,163641,Mapped
2061464,163378,Mapped
2061493,163681,Mapped
2061517,163859,Mapped
2061518,163745,Mapped
2061519,163748,Mapped
2061520,163861,Mapped
2061521,163860,Mapped
2061574,162558,Mapped
2061584,N/A,Unmapped
2061585,N/A,Unmapped
2061586,N/A,Unmapped
2061650,N/A,Unmapped
2061651,N/A,Unmapped
2061652,N/A,Unmapped
2061653,N/A,Unmapped
2061654,N/A,Unmapped
2061655,N/A,Unmapped
2061656,N/A,Unmapped
2061657,N/A,Unmapped
2061658,N/A,Unmapped
2061659,N/A,Unmapped
2061660,N/A,Unmapped
2061661,N/A,Unmapped
2061662,N/A,Unmapped
2061663,N/A,Unmapped
2061666,N/A,Unmapped
2061667,N/A,Unmapped
2061668,N/A,Unmapped
2061669,N/A,Unmapped
2061674,N/A,Unmapped
2061675,N/A,Unmapped
2061676,N/A,Unmapped
2061677,N/A,Unmapped
2061678,N/A,Unmapped
2061679,N/A,Unmapped
2061680,N/A,Unmapped
2061681,N/A,Unmapped
2061682,N/A,Unmapped
2061683,N/A,Unmapped
2061684,N/A,Unmapped
2061685,N/A,Unmapped
2061686,N/A,Unmapped
2061687,N/A,Unmapped
2061688,N/A,Unmapped
2061689,N/A,Unmapped
2061690,N/A,Unmapped
2061691,N/A,Unmapped
2061692,N/A,Unmapped
2061693,N/A,Unmapped
2061694,N/A,Unmapped
2061695,N/A,Unmapped
2061696,N/A,Unmapped
2061697,N/A,Unmapped
2061700,N/A,Unmapped
2061701,N/A,Unmapped
2061702,N/A,Unmapped
2061703,N/A,Unmapped
2061704,N/A,Unmapped
2061705,N/A,Unmapped
2061706,N/A,Unmapped
2061707,N/A,Unmapped
2061708,N/A,Unmapped
2061709,N/A,Unmapped
2061712,N/A,Unmapped
2061713,N/A,Unmapped
2061714,N/A,Unmapped
2061727,N/A,Unmapped
2061734,N/A,Unmapped
2061735,N/A,Unmapped
2061736,N/A,Unmapped
2061739,N/A,Unmapped
2061740,N/A,Unmapped
2061743,N/A,Unmapped
2061744,N/A,Unmapped
2061745,N/A,Unmapped
2061758,N/A,Unmapped
2061765,N/A,Unmapped
2061766,N/A,Unmapped
2061767,N/A,Unmapped
2061770,N/A,Unmapped
2061771,N/A,Unmapped
2061772,N/A,Unmapped
2061773,N/A,Unmapped
2061774,N/A,Unmapped
2061775,N/A,Unmapped
2061776,N/A,Unmapped
2061778,N/A,Unmapped
2061779,N/A,Unmapped
2061780,N/A,Unmapped
2061781,N/A,Unmapped
2061782,N/A,Unmapped
2061783,N/A,Unmapped
2061784,N/A,Unmapped
2061785,N/A,Unmapped
2061786,N/A,Unmapped
2061787,N/A,Unmapped
2061799,N/A,Unmapped
2061800,N/A,Unmapped
2061801,N/A,Unmapped
2061802,N/A,Unmapped
2061803,N/A,Unmapped
2061804,N/A,Unmapped
2061805,N/A,Unmapped
2061817,168315,Mapped
2061818,168316,Mapped
2061819,168317,Mapped
2061820,168318,Mapped
2061821,168319,Mapped
2061825,168323,Mapped
2061826,168324,Mapped
2061827,168325,Mapped
2061828,168327,Mapped
2061829,168326,Mapped
2061830,168328,Mapped
2061831,168330,Mapped
2061832,168329,Mapped
2061833,168331,Mapped
2061834,168332,Mapped
2061835,168333,Mapped
2061840,168339,Mapped
2061841,168340,Mapped
2061842,168341,Mapped
2061844,168342,Mapped
2061846,168343,Mapped
2061847,168344,Mapped
2061855,168352,Mapped
2061856,168353,Mapped
2061857,168354,Mapped
2061858,168355,Mapped
2061859,168356,Mapped
2061863,168362,Mapped
2061864,168360,Mapped
2061865,168361,Mapped
2061866,168363,Mapped
2061867,168364,Mapped
2061868,168365,Mapped
2061869,168366,Mapped
2061870,168367,Mapped
2061871,168368,Mapped
2061876,168372,Mapped
2061878,168374,Mapped
2061879,168375,Mapped
2061881,168376,Mapped
2061882,168377,Mapped
2061883,168378,Mapped
2061884,168379,Mapped
2061885,168380,Mapped
2061890,N/A,Unmapped
2061891,N/A,Unmapped
2061892,N/A,Unmapped
2061893,N/A,Unmapped
2061894,N/A,Unmapped
2061895,N/A,Unmapped
2061896,N/A,Unmapped
2061897,N/A,Unmapped
2061898,162554,Mapped
2061899,162570,Mapped
2061900,162576,Mapped
2061901,162527,Mapped
2061902,162571,Mapped
2061914,162633,Mapped
2061915,162634,Mapped
2061916,162647,Mapped
2061917,163328,Mapped
2061918,N/A,Unmapped
2061919,162658,Mapped
2061920,162652,Mapped
2061921,162657,Mapped
2061922,162662,Mapped
2061923,162654,Mapped
2061924,162651,Mapped
2061925,162659,Mapped
2061926,162653,Mapped
2061927,162656,Mapped
2061931,162650,Mapped
2061932,162649,Mapped
2061933,162663,Mapped
2061934,162655,Mapped
2061935,N/A,Unmapped
2061936,N/A,Unmapped
2061937,N/A,Unmapped
2061941,N/A,Unmapped
2061942,N/A,Unmapped
2061943,N/A,Unmapped
2061949,N/A,Unmapped
2061950,N/A,Unmapped
2061951,N/A,Unmapped
2061952,N/A,Unmapped
2061953,N/A,Unmapped
2061954,N/A,Unmapped
2061955,N/A,Unmapped
2061956,N/A,Unmapped
2061957,N/A,Unmapped
2061958,N/A,Unmapped
2061962,N/A,Unmapped
2061963,N/A,Unmapped
2061964,N/A,Unmapped
2061968,N/A,Unmapped
2061969,N/A,Unmapped
2061970,N/A,Unmapped
2061971,N/A,Unmapped
2061972,N/A,Unmapped
2061973,N/A,Unmapped
2061974,N/A,Unmapped
2061975,N/A,Unmapped
2061976,N/A,Unmapped
2061977,N/A,Unmapped
2061978,N/A,Unmapped
2061979,N/A,Unmapped
2061982,N/A,Unmapped
2061983,N/A,Unmapped
2061984,N/A,Unmapped
2061985,N/A,Unmapped
2061988,N/A,Unmapped
2061989,N/A,Unmapped
2061990,N/A,Unmapped
2061991,N/A,Unmapped
2061992,N/A,Unmapped
2061993,N/A,Unmapped
2061994,N/A,Unmapped
2061995,N/A,Unmapped
2061996,N/A,Unmapped
2061997,N/A,Unmapped
2061998,N/A,Unmapped
2062001,N/A,Unmapped
2062002,N/A,Unmapped
2062003,N/A,Unmapped
2062004,N/A,Unmapped
2062005,N/A,Unmapped
2062006,N/A,Unmapped
2062010,N/A,Unmapped
2062011,N/A,Unmapped
2062012,N/A,Unmapped
2062013,N/A,Unmapped
2062014,N/A,Unmapped
2062015,N/A,Unmapped
2062016,N/A,Unmapped
2062017,N/A,Unmapped
2062018,N/A,Unmapped
2062019,N/A,Unmapped
2062020,N/A,Unmapped
2062021,N/A,Unmapped
2062022,N/A,Unmapped
2062023,N/A,Unmapped
2062024,N/A,Unmapped
2062027,N/A,Unmapped
2062028,N/A,Unmapped
2062031,N/A,Unmapped
2062032,N/A,Unmapped
2062033,N/A,Unmapped
2062034,N/A,Unmapped
2062047,162538,Mapped
2062048,162549,Mapped
2062049,162550,Mapped
2062051,163151,Mapped
2062052,163152,Mapped
2062053,N/A,Unmapped
2062055,N/A,Unmapped
2062056,N/A,Unmapped
2062057,N/A,Unmapped
2062058,N/A,Unmapped
2062059,N/A,Unmapped
2062060,N/A,Unmapped
2062061,N/A,Unmapped
2062062,N/A,Unmapped
2062063,N/A,Unmapped
2062064,N/A,Unmapped
2062065,N/A,Unmapped
2062066,N/A,Unmapped
2062067,N/A,Unmapped
2062068,N/A,Unmapped
2062069,N/A,Unmapped
2062070,N/A,Unmapped
2062071,N/A,Unmapped
2062072,N/A,Unmapped
2062073,N/A,Unmapped
2062074,N/A,Unmapped
2062075,163169,Mapped
2062076,163174,Mapped
2062077,163173,Mapped
2062078,163171,Mapped
2062079,163172,Mapped
2062081,167413,Mapped
2062084,167414,Mapped
2062088,167415,Mapped
2062098,163380,Mapped
2062099,163381,Mapped
2062100,163383,Mapped
2062101,163382,Mapped
2062102,163384,Mapped
2062103,163385,Mapped
2062104,163386,Mapped
2062105,163387,Mapped
2062129,163733,Mapped
2062130,163730,Mapped
2062133,163867,Mapped
2062175,164073,Mapped
2062176,164067,Mapped
2062177,164068,Mapped
2062179,164087,Mapped
2062180,164086,Mapped
2062181,N/A,Unmapped
2062182,164118,Mapped
2062183,164120,Mapped
2062184,164119,Mapped
2062185,164117,Mapped
2062186,164122,Mapped
2062241,164200,Mapped
2062242,164201,Mapped
2062243,164202,Mapped
2062244,164203,Mapped
2062245,164204,Mapped
2062246,164205,Mapped
2062247,164206,Mapped
2062248,164207,Mapped
2062249,164208,Mapped
2062250,164209,Mapped
2062251,164210,Mapped
2062252,164211,Mapped
2062253,164212,Mapped
2062254,164213,Mapped
2062255,164214,Mapped
2062256,164215,Mapped
2062257,164216,Mapped
2062258,164235,Mapped
2062259,164218,Mapped
2062260,164219,Mapped
2062261,164220,Mapped
2062262,164221,Mapped
2062263,164222,Mapped
2062264,164223,Mapped
2062265,164245,Mapped
2062266,N/A,Unmapped
2062267,N/A,Unmapped
2062268,N/A,Unmapped
2062269,164874,Mapped
2062273,164307,Mapped
2062274,164309,Mapped
2062275,164308,Mapped
2062276,164380,Mapped
2062277,165583,Mapped
2062285,165586,Mapped
2062287,165588,Mapped
2062291,165592,Mapped
2062292,165593,Mapped
2062294,165594,Mapped
2062295,165595,Mapped
2062296,165596,Mapped
2062302,166286,Mapped
2062305,164501,Mapped
2062306,164496,Mapped
2062312,N/A,Unmapped
2062313,164800,Mapped
2062314,164600,Mapped
2062315,164802,Mapped
2062316,164594,Mapped
2062317,164586,Mapped
2062318,164587,Mapped
2062319,164595,Mapped
2062320,164599,Mapped
2062321,164597,Mapped
2062322,164596,Mapped
2062323,164598,Mapped
2062324,164601,Mapped
2062325,164602,Mapped
2062326,164603,Mapped
2062327,164607,Mapped
2062328,164604,Mapped
2062329,164623,Mapped
2062332,164638,Mapped
2062335,164649,Mapped
2062336,164650,Mapped
2062337,164651,Mapped
2062338,164652,Mapped
2062339,164653,Mapped
2062340,164654,Mapped
2062341,164666,Mapped
2062343,164721,Mapped
2062344,164710,Mapped
2062357,165651,Mapped
2062358,165652,Mapped
2062359,165653,Mapped
2062361,165655,Mapped
2062362,165656,Mapped
2062363,165657,Mapped
2062368,165662,Mapped
2062370,164989,Mapped
2062371,164991,Mapped
2062372,164691,Mapped
2062373,164694,Mapped
2062374,164693,Mapped
2062375,164690,Mapped
2062376,164695,Mapped
2062377,164689,Mapped
2062379,164732,Mapped
2062380,164731,Mapped
2062381,164727,Mapped
2062451,N/A,Unmapped
2062452,164770,Mapped
2062453,164772,Mapped
2062454,164774,Mapped
2062455,165035,Mapped
2062456,165276,Mapped
2062457,165275,Mapped
2062458,165274,Mapped
2062459,165273,Mapped
2062460,165272,Mapped
2062461,165271,Mapped
2062462,165270,Mapped
2062463,165269,Mapped
2062464,165268,Mapped
2062465,165267,Mapped
2062466,165266,Mapped
2062467,165265,Mapped
2062468,165264,Mapped
2062469,165263,Mapped
2062470,165262,Mapped
2062471,165261,Mapped
2062472,165260,Mapped
2062473,165259,Mapped
2062474,165258,Mapped
2062475,165257,Mapped
2062476,165256,Mapped
2062477,165255,Mapped
2062478,165254,Mapped
2062479,165253,Mapped
2062480,165252,Mapped
2062481,165251,Mapped
2062482,165250,Mapped
2062483,165249,Mapped
2062484,165248,Mapped
2062485,165247,Mapped
2062486,165246,Mapped
2062487,165245,Mapped
2062488,165243,Mapped
2062489,165244,Mapped
2062490,165242,Mapped
2062491,165241,Mapped
2062492,165240,Mapped
2062493,165239,Mapped
2062494,165238,Mapped
2062495,165237,Mapped
2062496,165236,Mapped
2062497,165235,Mapped
2062498,165234,Mapped
2062499,165233,Mapped
2062500,165231,Mapped
2062501,165230,Mapped
2062502,165229,Mapped
2062503,165228,Mapped
2062504,165227,Mapped
2062505,165507,Mapped
2062506,165506,Mapped
2062507,165226,Mapped
2062508,165225,Mapped
2062509,165224,Mapped
2062510,165223,Mapped
2062511,165222,Mapped
2062521,165290,Mapped
2062523,165497,Mapped
2062524,165498,Mapped
2062529,N/A,Unmapped
2062530,N/A,Unmapped
2062531,N/A,Unmapped
2062532,N/A,Unmapped
2062533,N/A,Unmapped
2062534,N/A,Unmapped
2062535,N/A,Unmapped
2062536,N/A,Unmapped
2062537,N/A,Unmapped
2062538,N/A,Unmapped
2062539,N/A,Unmapped
2062540,N/A,Unmapped
2062541,N/A,Unmapped
2062542,N/A,Unmapped
2062543,N/A,Unmapped
2062544,N/A,Unmapped
2062545,N/A,Unmapped
2062546,N/A,Unmapped
2062547,N/A,Unmapped
2062548,N/A,Unmapped
2062549,N/A,Unmapped
2062550,N/A,Unmapped
2062551,N/A,Unmapped
2062552,N/A,Unmapped
2062553,N/A,Unmapped
2062554,N/A,Unmapped
2062555,N/A,Unmapped
2062556,N/A,Unmapped
2062557,N/A,Unmapped
2062558,N/A,Unmapped
2062559,N/A,Unmapped
2062560,N/A,Unmapped
2062561,N/A,Unmapped
2062562,N/A,Unmapped
2062564,N/A,Unmapped
2062566,N/A,Unmapped
2062567,N/A,Unmapped
2062568,N/A,Unmapped
2062571,N/A,Unmapped
2062572,N/A,Unmapped
2062575,N/A,Unmapped
2062576,N/A,Unmapped
2062577,N/A,Unmapped
2062578,N/A,Unmapped
2062579,N/A,Unmapped
2062580,N/A,Unmapped
2062581,N/A,Unmapped
2062582,N/A,Unmapped
2062583,N/A,Unmapped
2062584,N/A,Unmapped
2062585,N/A,Unmapped
2062586,N/A,Unmapped
2062587,N/A,Unmapped
2062588,N/A,Unmapped
2062589,N/A,Unmapped
2062590,N/A,Unmapped
2062591,N/A,Unmapped
2062593,N/A,Unmapped
2062595,N/A,Unmapped
2062596,N/A,Unmapped
2062597,N/A,Unmapped
2062598,N/A,Unmapped
2062599,N/A,Unmapped
2062600,N/A,Unmapped
2062601,N/A,Unmapped
2062602,N/A,Unmapped
2062603,N/A,Unmapped
2062604,N/A,Unmapped
2062605,N/A,Unmapped
2062606,N/A,Unmapped
2062607,N/A,Unmapped
2062608,N/A,Unmapped
2062621,N/A,Unmapped
2062622,N/A,Unmapped
2062623,N/A,Unmapped
2062624,N/A,Unmapped
2062625,N/A,Unmapped
2062626,N/A,Unmapped
2062627,N/A,Unmapped
2062628,N/A,Unmapped
2062629,N/A,Unmapped
2062630,N/A,Unmapped
2062631,N/A,Unmapped
2062632,N/A,Unmapped
2062633,N/A,Unmapped
2062634,N/A,Unmapped
2062635,N/A,Unmapped
2062636,N/A,Unmapped
2062637,N/A,Unmapped
2062638,N/A,Unmapped
2062639,N/A,Unmapped
2062640,N/A,Unmapped
2062650,N/A,Unmapped
2062651,N/A,Unmapped
2062652,N/A,Unmapped
2062653,N/A,Unmapped
2062654,N/A,Unmapped
2062655,N/A,Unmapped
2062656,N/A,Unmapped
2062657,N/A,Unmapped
2062691,N/A,Unmapped
2062694,N/A,Unmapped
2062716,163334,Mapped
2062717,163346,Mapped
2062718,163347,Mapped
2062719,163335,Mapped
2062720,163340,Mapped
2062723,N/A,Unmapped
2062724,N/A,Unmapped
2062725,N/A,Unmapped
2062726,N/A,Unmapped
2062727,163547,Mapped
2062728,163548,Mapped
2062743,163683,Mapped
2062745,163682,Mapped
2062749,163900,Mapped
2062751,N/A,Unmapped
2062752,N/A,Unmapped
2062753,163896,Mapped
2062754,163893,Mapped
2062755,165744,Mapped
2062756,163735,Mapped
2062758,164232,Mapped
2062762,N/A,Unmapped
2062763,163865,Mapped
2062769,163894,Mapped
2062770,163901,Mapped
2062771,164055,Mapped
2062774,164102,Mapped
2062775,164114,Mapped
2062776,164111,Mapped
2062777,164112,Mapped
2062871,164106,Mapped
2062872,164107,Mapped
2062873,164109,Mapped
2062874,164108,Mapped
2062875,164132,Mapped
2062876,164134,Mapped
2062877,164133,Mapped
2062897,164236,Mapped
2062898,164381,Mapped
2062899,164327,Mapped
2062900,164329,Mapped
2062901,164328,Mapped
2062902,164330,Mapped
2062903,164331,Mapped
2062904,164332,Mapped
2062905,164333,Mapped
2062956,164274,Mapped
2062957,164263,Mapped
2062958,164260,Mapped
2062959,164262,Mapped
2062960,164268,Mapped
2062963,164392,Mapped
2062964,N/A,Unmapped
2062965,164406,Mapped
2062968,164419,Mapped
2062969,164418,Mapped
2062970,164420,Mapped
2062971,164416,Mapped
2062973,164813,Mapped
2062974,164994,Mapped
2062975,164417,Mapped
2062976,164432,Mapped
2062977,164424,Mapped
2062978,164428,Mapped
2062979,164430,Mapped
2062982,164429,Mapped
2062983,164433,Mapped
2062985,N/A,Unmapped
2062986,N/A,Unmapped
2062987,164503,Mapped
2062988,164592,Mapped
2062990,164803,Mapped
2062991,164642,Mapped
2062992,164703,Mapped
2062993,164705,Mapped
2062995,164714,Mapped
2062996,164706,Mapped
2062998,165509,Mapped
2062999,165508,Mapped
2063006,165669,Mapped
2063007,165670,Mapped
2063008,165671,Mapped
2063010,165673,Mapped
2063015,165678,Mapped
2063019,164740,Mapped
2063020,164739,Mapped
2063021,164738,Mapped
2063022,164737,Mapped
2063023,164763,Mapped
2063024,164735,Mapped
2063025,164745,Mapped
2063026,164742,Mapped
2063030,167421,Mapped
2063031,167422,Mapped
2063036,N/A,Unmapped
2063037,N/A,Unmapped
2063039,N/A,Unmapped
2063040,N/A,Unmapped
2063043,N/A,Unmapped
2063044,N/A,Unmapped
2063046,N/A,Unmapped
2063048,N/A,Unmapped
2063049,N/A,Unmapped
2063050,N/A,Unmapped
2063051,N/A,Unmapped
2063052,N/A,Unmapped
2063053,N/A,Unmapped
2063054,N/A,Unmapped
2063056,N/A,Unmapped
2063059,N/A,Unmapped
2063060,N/A,Unmapped
2063061,N/A,Unmapped
2063062,N/A,Unmapped
2063063,N/A,Unmapped
2063064,N/A,Unmapped
2063065,N/A,Unmapped
2063067,N/A,Unmapped
2063070,N/A,Unmapped
2063071,N/A,Unmapped
2063075,N/A,Unmapped
2063076,N/A,Unmapped
2063077,N/A,Unmapped
2063078,N/A,Unmapped
2063079,N/A,Unmapped
2063080,N/A,Unmapped
2063081,N/A,Unmapped
2063082,N/A,Unmapped
2063083,N/A,Unmapped
2063084,N/A,Unmapped
2063085,N/A,Unmapped
2063086,N/A,Unmapped
2063087,N/A,Unmapped
2063088,N/A,Unmapped
2063089,N/A,Unmapped
2063093,N/A,Unmapped
2063094,N/A,Unmapped
2063095,N/A,Unmapped
2063096,N/A,Unmapped
2063097,N/A,Unmapped
2063107,N/A,Unmapped
2063108,N/A,Unmapped
2063109,N/A,Unmapped
2063110,N/A,Unmapped
2063111,N/A,Unmapped
2063112,N/A,Unmapped
2063113,N/A,Unmapped
2063119,N/A,Unmapped
2063120,N/A,Unmapped
2063121,N/A,Unmapped
2063122,N/A,Unmapped
2063123,N/A,Unmapped
2063127,N/A,Unmapped
2063128,N/A,Unmapped
2063129,N/A,Unmapped
2063130,N/A,Unmapped
2063131,N/A,Unmapped
2063132,N/A,Unmapped
2063133,N/A,Unmapped
2063134,N/A,Unmapped
2063135,N/A,Unmapped
2063136,N/A,Unmapped
2063137,N/A,Unmapped
2063138,N/A,Unmapped
2063139,N/A,Unmapped
2063140,N/A,Unmapped
2063141,N/A,Unmapped
2063142,N/A,Unmapped
2063143,N/A,Unmapped
2063144,N/A,Unmapped
2063145,N/A,Unmapped
2063146,N/A,Unmapped
2063471,163658,Mapped
2063473,163660,Mapped
2063476,163663,Mapped
2063479,163666,Mapped
2063482,163667,Mapped
2063483,163669,Mapped
2063484,163670,Mapped
2063485,163671,Mapped
2063486,163672,Mapped
2063488,163674,Mapped
2063489,163675,Mapped
2063490,163676,Mapped
2063491,163677,Mapped
2063492,163678,Mapped
2063493,163679,Mapped
2063497,N/A,Unmapped
2063499,N/A,Unmapped
2063500,N/A,Unmapped
2063501,163601,Mapped
2063502,163600,Mapped
2063503,163604,Mapped
2063504,163605,Mapped
2063505,163602,Mapped
2063506,163603,Mapped
2063507,163359,Mapped
2063508,163356,Mapped
2063509,163360,Mapped
2063510,163367,Mapped
2063511,163484,Mapped
2063528,164004,Mapped
2063529,163530,Mapped
2063785,N/A,Unmapped
2063786,N/A,Unmapped
2063787,N/A,Unmapped
2063789,N/A,Unmapped
2063790,N/A,Unmapped
2063791,N/A,Unmapped
2063794,163738,Mapped
2063795,163736,Mapped
2063796,163739,Mapped
2063798,164083,Mapped
2063799,164081,Mapped
2063800,164076,Mapped
2063801,164075,Mapped
2063802,164079,Mapped
2063806,164242,Mapped
2063809,164243,Mapped
2063819,164364,Mapped
2063820,164365,Mapped
2063821,164366,Mapped
2063822,164367,Mapped
2063823,164368,Mapped
2063824,164369,Mapped
2063825,164374,Mapped
2063826,164375,Mapped
2063827,164376,Mapped
2063828,164377,Mapped
2063829,164378,Mapped
2063830,164379,Mapped
2063836,164910,Mapped
2063837,N/A,Unmapped
2063840,164593,Mapped
2063841,164588,Mapped
2063842,164589,Mapped
2063843,164619,Mapped
2063850,164618,Mapped
2063851,164622,Mapped
2063852,164627,Mapped
2063853,164628,Mapped
2063854,164990,Mapped
2063855,164629,Mapped
2063856,164625,Mapped
2063857,164590,Mapped
2063860,N/A,Unmapped
2063861,N/A,Unmapped
2063862,N/A,Unmapped
2063863,N/A,Unmapped
2063864,N/A,Unmapped
2063865,165682,Mapped
2063867,164718,Mapped
2063868,164804,Mapped
2063869,164709,Mapped
2063876,N/A,Unmapped
2063877,164697,Mapped
2063878,164696,Mapped
2063879,168251,Mapped
2063880,168252,Mapped
2063881,167729,Mapped
2063882,167423,Mapped
2063883,167424,Mapped
2063884,167425,Mapped
2063885,168797,Mapped
2063886,168798,Mapped
2063887,167426,Mapped
2063888,167427,Mapped
2063889,167428,Mapped
2063890,167429,Mapped
2063891,167430,Mapped
2063892,164753,Mapped
2063893,164752,Mapped
2063894,164748,Mapped
2063895,164749,Mapped
2063896,164747,Mapped
2063897,164750,Mapped
2063898,164754,Mapped
2063899,165015,Mapped
2063900,165014,Mapped
2063901,165013,Mapped
2063902,165031,Mapped
2063903,165030,Mapped
2063906,N/A,Unmapped
2063908,N/A,Unmapped
2063909,165599,Mapped
2063910,166854,Mapped
2063911,N/A,Unmapped
2063912,165029,Mapped
2063913,N/A,Unmapped
2063916,165600,Mapped
2063920,N/A,Unmapped
2063922,165717,Mapped
2063923,165719,Mapped
2063924,165722,Mapped
2063925,165718,Mapped
2063926,165720,Mapped
2063927,165724,Mapped
2063928,165716,Mapped
2063929,165723,Mapped
2063930,165725,Mapped
2063931,165726,Mapped
2063932,165028,Mapped
2063933,165027,Mapped
2063934,165026,Mapped
2063935,165025,Mapped
2063936,165024,Mapped
2063937,165221,Mapped
2063938,165220,Mapped
2063939,165219,Mapped
2063940,165218,Mapped
2063941,165217,Mapped
2063942,165216,Mapped
2063943,165215,Mapped
2063944,165214,Mapped
2063945,165213,Mapped
2063946,165212,Mapped
2063947,165211,Mapped
2063948,165210,Mapped
2063949,165209,Mapped
2063950,165208,Mapped
2063951,165207,Mapped
2063952,165206,Mapped
2063953,165205,Mapped
2063954,165204,Mapped
2063955,165203,Mapped
2063956,165202,Mapped
2063957,165201,Mapped
2063958,165200,Mapped
2063959,165199,Mapped
2063960,165198,Mapped
2063961,165197,Mapped
2063962,165196,Mapped
2063963,165195,Mapped
2063964,165194,Mapped
2063966,165514,Mapped
2063967,165515,Mapped
2063968,165516,Mapped
2063969,165517,Mapped
2063970,165518,Mapped
2063971,165519,Mapped
2063972,165520,Mapped
2063973,165521,Mapped
2063989,165423,Mapped
2064037,163619,Mapped
2064038,163621,Mapped
2064039,163617,Mapped
2064040,163615,Mapped
2064070,165748,Mapped
2064071,165750,Mapped
2064072,165747,Mapped
2064073,165753,Mapped
2064074,163737,Mapped
2064075,163740,Mapped
2064076,163746,Mapped
2064077,163749,Mapped
2064078,163751,Mapped
2064079,163793,Mapped
2064080,163791,Mapped
2064081,163792,Mapped
2064082,163742,Mapped
2064083,163747,Mapped
2064084,163743,Mapped
2064085,163752,Mapped
2064086,163858,Mapped
2064087,163760,Mapped
2064088,163758,Mapped
2064089,163744,Mapped
2064090,163851,Mapped
2064091,163862,Mapped
2064092,163754,Mapped
2064093,163755,Mapped
2064094,163756,Mapped
2064095,163757,Mapped
2064096,163759,Mapped
2064097,163753,Mapped
2064104,163880,Mapped
2064105,163881,Mapped
2064106,163882,Mapped
2064107,163879,Mapped
2064108,163884,Mapped
2064110,164293,Mapped
2064111,164296,Mapped
2064112,164305,Mapped
2064113,164306,Mapped
2064114,164301,Mapped
2064115,164304,Mapped
2064116,164298,Mapped
2064117,164300,Mapped
2064118,164057,Mapped
2064119,164053,Mapped
2064120,164059,Mapped
2064121,164056,Mapped
2064122,164054,Mapped
2064123,164060,Mapped
2064124,164058,Mapped
2064125,164064,Mapped
2064126,164062,Mapped
2064127,164061,Mapped
2064128,164063,Mapped
2064129,164065,Mapped
2064134,164082,Mapped
2064136,164090,Mapped
2064137,164091,Mapped
2064138,164092,Mapped
2064139,164093,Mapped
2064140,164099,Mapped
2064141,164096,Mapped
2064142,164097,Mapped
2064144,164103,Mapped
2064145,164104,Mapped
2064146,164105,Mapped
2064676,163885,Mapped
2064677,163886,Mapped
2064678,163977,Mapped
2064679,163978,Mapped
2064680,163979,Mapped
2064681,163980,Mapped
2064682,N/A,Unmapped
2064683,163975,Mapped
2064684,163981,Mapped
2064685,163982,Mapped
2064686,163983,Mapped
2064687,163984,Mapped
2064688,164046,Mapped
2064689,164036,Mapped
2064690,164659,Mapped
2064693,164039,Mapped
2064700,164008,Mapped
2064701,164005,Mapped
2064702,164035,Mapped
2064703,164029,Mapped
2064705,164014,Mapped
2064706,164015,Mapped
2064707,164040,Mapped
2064708,164048,Mapped
2064709,164049,Mapped
2064710,164050,Mapped
2064711,164051,Mapped
2064712,164033,Mapped
2064713,164034,Mapped
2064714,164017,Mapped
2064715,164019,Mapped
2064717,167986,Mapped
2064718,167987,Mapped
2064719,164070,Mapped
2064720,164071,Mapped
2064721,164072,Mapped
2064723,164069,Mapped
2064724,164088,Mapped
2064725,164094,Mapped
2064726,164095,Mapped
2064729,164130,Mapped
2064730,164131,Mapped
2064731,164121,Mapped
2064732,164124,Mapped
2064733,164125,Mapped
2064734,N/A,Unmapped
2064736,164248,Mapped
2064737,164246,Mapped
2064738,164241,Mapped
2064739,164244,Mapped
2064740,164249,Mapped
2064741,164247,Mapped
2064743,N/A,Unmapped
2064744,N/A,Unmapped
2064745,N/A,Unmapped
2064746,N/A,Unmapped
2064747,N/A,Unmapped
2064748,N/A,Unmapped
2064750,167037,Mapped
2064753,165767,Mapped
2064754,164805,Mapped
2064755,164806,Mapped
2064756,164807,Mapped
2064757,N/A,Unmapped
2064763,N/A,Unmapped
2064789,164441,Mapped
2064790,164437,Mapped
2064791,164440,Mapped
2064792,165601,Mapped
2064794,164434,Mapped
2064796,165602,Mapped
2064797,165603,Mapped
2064799,165604,Mapped
2064800,165605,Mapped
2064801,165607,Mapped
2064804,165606,Mapped
2064805,166855,Mapped
2064809,165609,Mapped
2064811,165610,Mapped
2064812,166856,Mapped
2064814,165611,Mapped
2064818,165612,Mapped
2064823,164504,Mapped
2064830,164526,Mapped
2064831,164524,Mapped
2064832,164521,Mapped
2064833,164520,Mapped
2064862,164643,Mapped
2064865,164702,Mapped
2064866,164722,Mapped
2064868,164707,Mapped
2064869,164808,Mapped
2064870,164687,Mapped
2064871,164726,Mapped
2064872,164730,Mapped
2064977,165499,Mapped
2064979,165019,Mapped
2064980,165018,Mapped
2064981,165021,Mapped
2064986,N/A,Unmapped
2064987,N/A,Unmapped
2064990,165613,Mapped
2064993,165614,Mapped
2064994,165615,Mapped
2064995,165616,Mapped
2064996,165617,Mapped
2064997,165618,Mapped
2064998,165619,Mapped
2064999,165621,Mapped
2065000,165620,Mapped
2065001,165622,Mapped
2065003,N/A,Unmapped
2065006,N/A,Unmapped
2065007,N/A,Unmapped
2065008,N/A,Unmapped
2065009,165623,Mapped
2065010,165624,Mapped
2065011,N/A,Unmapped
2065012,165625,Mapped
2065014,165626,Mapped
2065015,N/A,Unmapped
2065016,N/A,Unmapped
2065019,166008,Mapped
2065020,166009,Mapped
2065021,166010,Mapped
2065022,166011,Mapped
2065023,166012,Mapped
2065024,166013,Mapped
2065025,166014,Mapped
2065026,166015,Mapped
2065030,164817,Mapped
2065031,166290,Mapped
2065032,165036,Mapped
2065033,165034,Mapped
2065034,165277,Mapped
2065035,164020,Mapped
2065036,164024,Mapped
2065037,164021,Mapped
2065038,164022,Mapped
2065040,165856,Mapped
2065042,165857,Mapped
2065047,165850,Mapped
2065049,164037,Mapped
2065050,164038,Mapped
2065051,164012,Mapped
2065052,164031,Mapped
2065053,164032,Mapped
2065054,164023,Mapped
2065055,164025,Mapped
2065056,164026,Mapped
2065057,164027,Mapped
2065058,164028,Mapped
2065059,164006,Mapped
2065178,N/A,Unmapped
2065179,164101,Mapped
2065192,164113,Mapped
2065516,164224,Mapped
2065745,164338,Mapped
2065746,164339,Mapped
2065747,164194,Mapped
2065748,164341,Mapped
2065749,164342,Mapped
2065750,164343,Mapped
2065751,164344,Mapped
2065752,164345,Mapped
2065753,164347,Mapped
2065754,164348,Mapped
2065755,164350,Mapped
2065756,164346,Mapped
2065757,164349,Mapped
2065758,164351,Mapped
2065759,164352,Mapped
2065760,164357,Mapped
2065761,164353,Mapped
2065762,164354,Mapped
2065763,164355,Mapped
2065764,164195,Mapped
2065765,164225,Mapped
2065766,164227,Mapped
2065767,164228,Mapped
2065768,164229,Mapped
2065769,164196,Mapped
2065770,164197,Mapped
2065771,164198,Mapped
2065772,164199,Mapped
2065776,164238,Mapped
2065778,164261,Mapped
2065779,164259,Mapped
2065780,164258,Mapped
2065782,164272,Mapped
2065783,164269,Mapped
2065784,164397,Mapped
2065793,164930,Mapped
2065797,164934,Mapped
2065798,164935,Mapped
2065799,164936,Mapped
2065803,164410,Mapped
2065804,164412,Mapped
2065805,164414,Mapped
2065807,164941,Mapped
2065808,164942,Mapped
2065809,164943,Mapped
2065810,164944,Mapped
2065811,164945,Mapped
2065812,164946,Mapped
2065819,N/A,Unmapped
2065820,164415,Mapped
2065821,164407,Mapped
2065822,164413,Mapped
2065823,164411,Mapped
2065824,164408,Mapped
2065833,164436,Mapped
2065835,167442,Mapped
2065837,167443,Mapped
2065840,167445,Mapped
2065843,164421,Mapped
2065844,164422,Mapped
2065845,165628,Mapped
2065848,165633,Mapped
2065849,165629,Mapped
2065850,165630,Mapped
2065859,164442,Mapped
2065860,164443,Mapped
2065861,166292,Mapped
2065862,164506,Mapped
2065863,164499,Mapped
2065864,164497,Mapped
2065865,164500,Mapped
2065867,164513,Mapped
2065868,164515,Mapped
2065869,164514,Mapped
2065870,164511,Mapped
2065871,164516,Mapped
2065872,164502,Mapped
2065873,N/A,Unmapped
2065874,164509,Mapped
2065875,164510,Mapped
2065876,164605,Mapped
2065877,164606,Mapped
2065878,164608,Mapped
2065879,164620,Mapped
2065880,164621,Mapped
2065881,164610,Mapped
2065882,164591,Mapped
2065885,165805,Mapped
2065888,165808,Mapped
2065889,165809,Mapped
2065890,165810,Mapped
2065891,165811,Mapped
2065892,165812,Mapped
2065893,165813,Mapped
2065894,165814,Mapped
2065914,164708,Mapped
2065915,164711,Mapped
2065917,164720,Mapped
2065918,164988,Mapped
2065919,164688,Mapped
2065920,164723,Mapped
2065921,164728,Mapped
2065923,166279,Mapped
2065924,164733,Mapped
2065925,164768,Mapped
2065926,164771,Mapped
2065927,167447,Mapped
2065931,167448,Mapped
2065933,167450,Mapped
2065934,167451,Mapped
2065936,167452,Mapped
2065937,167453,Mapped
2065938,167454,Mapped
2065939,167455,Mapped
2065941,167457,Mapped
2065942,167458,Mapped
2065943,167459,Mapped
2066150,164128,Mapped
2066151,164129,Mapped
2066152,164116,Mapped
2066153,164115,Mapped
2066157,164264,Mapped
2066158,164266,Mapped
2066159,164275,Mapped
2066164,164359,Mapped
2066165,164360,Mapped
2066166,164361,Mapped
2066167,164303,Mapped
2066178,164394,Mapped
2066179,164401,Mapped
2066182,164423,Mapped
2066183,164431,Mapped
2066184,166857,Mapped
2066186,166859,Mapped
2066187,166860,Mapped
2066188,166862,Mapped
2066190,167460,Mapped
2066192,164426,Mapped
2066193,164435,Mapped
2066194,164427,Mapped
2066195,164439,Mapped
2066196,164505,Mapped
2066197,164507,Mapped
2066198,164508,Mapped
2066202,164525,Mapped
2066234,164609,Mapped
2066235,164611,Mapped
2066236,164648,Mapped
2066238,165768,Mapped
2066239,165769,Mapped
2066240,165771,Mapped
2066246,164664,Mapped
2066247,164663,Mapped
2066251,168753,Mapped
2066252,168754,Mapped
2066253,168755,Mapped
2066254,168756,Mapped
2066255,168757,Mapped
2066260,168762,Mapped
2066262,168763,Mapped
2066263,168764,Mapped
2066264,168765,Mapped
2066306,164741,Mapped
2066307,164743,Mapped
2066308,164734,Mapped
2066309,164744,Mapped
2066377,164761,Mapped
2066378,165510,Mapped
2066379,165511,Mapped
2066380,164767,Mapped
2066381,164766,Mapped
2066382,164769,Mapped
2066383,165500,Mapped
2066384,165017,Mapped
2066385,165016,Mapped
2066386,165007,Mapped
2066387,165728,Mapped
2066388,165727,Mapped
2066389,165729,Mapped
2066390,165731,Mapped
2066391,165730,Mapped
2066392,165732,Mapped
2066393,165012,Mapped
2066394,165009,Mapped
2066395,165011,Mapped
2066396,165010,Mapped
2066397,165008,Mapped
2066398,166003,Mapped
2066399,166004,Mapped
2066400,166005,Mapped
2066401,166006,Mapped
2066402,166007,Mapped
2066403,165775,Mapped
2066404,165776,Mapped
2066405,164982,Mapped
2066406,164981,Mapped
2066407,164980,Mapped
2066412,164957,Mapped
2066413,164956,Mapped
2066414,164955,Mapped
2066415,164801,Mapped
2066416,164777,Mapped
2066417,164780,Mapped
2066418,164779,Mapped
2066419,164854,Mapped
2066420,164778,Mapped
2066421,164776,Mapped
2066422,164775,Mapped
2066423,164799,Mapped
2066424,164798,Mapped
2066425,164964,Mapped
2066428,164962,Mapped
2066430,164960,Mapped
2066431,165766,Mapped
2066432,165193,Mapped
2066433,165192,Mapped
2066434,165191,Mapped
2066435,165190,Mapped
2066436,165189,Mapped
2066437,165188,Mapped
2066438,165187,Mapped
2066439,165186,Mapped
2066440,165185,Mapped
2066441,165184,Mapped
2066442,165183,Mapped
2066443,165182,Mapped
2066444,165181,Mapped
2066445,165180,Mapped
2066446,165179,Mapped
2066447,165178,Mapped
2066448,165177,Mapped
2066449,165175,Mapped
2066450,165176,Mapped
2066451,165174,Mapped
2066452,165171,Mapped
2066453,165172,Mapped
2066454,165173,Mapped
2066455,165170,Mapped
2066456,165169,Mapped
2066457,165168,Mapped
2066458,165167,Mapped
2066459,165166,Mapped
2066460,167461,Mapped
2066527,165777,Mapped
2066528,165298,Mapped
2066689,N/A,Unmapped
2066690,165997,Mapped
2066691,165998,Mapped
2066692,165999,Mapped
2066693,166000,Mapped
2066694,166001,Mapped
2066695,166002,Mapped
2066696,165522,Mapped
2066697,165523,Mapped
2066698,165524,Mapped
2066699,165525,Mapped
2066700,165526,Mapped
2066701,N/A,Unmapped
2066702,N/A,Unmapped
2066703,N/A,Unmapped
2066704,165165,Mapped
2066705,165505,Mapped
2066706,165504,Mapped
2066707,165164,Mapped
2066708,165163,Mapped
2066709,165162,Mapped
2066710,165161,Mapped
2066711,165160,Mapped
2066712,165159,Mapped
2066713,165158,Mapped
2066714,165157,Mapped
2066715,165156,Mapped
2066716,165155,Mapped
2066717,165154,Mapped
2066718,165153,Mapped
2066719,165152,Mapped
2066720,165151,Mapped
2066721,165150,Mapped
2066722,165149,Mapped
2066723,165148,Mapped
2066724,165147,Mapped
2066725,165146,Mapped
2066726,165145,Mapped
2066727,165144,Mapped
2066728,165143,Mapped
2066729,165142,Mapped
2066730,165141,Mapped
2066731,165232,Mapped
2066732,165286,Mapped
2066733,165284,Mapped
2066740,165795,Mapped
2066741,165796,Mapped
2066742,165409,Mapped
2066743,165486,Mapped
2066744,165484,Mapped
2066745,165495,Mapped
2066746,165494,Mapped
2066747,165493,Mapped
2066748,165492,Mapped
2066749,165491,Mapped
2066750,165490,Mapped
2066752,165994,Mapped
2066758,N/A,Unmapped
2067035,168799,Mapped
2067036,168800,Mapped
2067042,167462,Mapped
2067044,168258,Mapped
2067045,168578,Mapped
2067046,168259,Mapped
2067050,164987,Mapped
2067051,164762,Mapped
2067052,164759,Mapped
2067053,164757,Mapped
2067054,165020,Mapped
2067055,165023,Mapped
2067056,165892,Mapped
2067057,165890,Mapped
2067058,165891,Mapped
2067059,165022,Mapped
2067060,165512,Mapped
2067061,165513,Mapped
2067062,167463,Mapped
2067068,166547,Mapped
2067069,165797,Mapped
2067070,165995,Mapped
2067072,164975,Mapped
2067073,164974,Mapped
2067074,164973,Mapped
2067075,164972,Mapped
2067076,164971,Mapped
2067077,164970,Mapped
2067082,164797,Mapped
2067083,164796,Mapped
2067084,164795,Mapped
2067085,164794,Mapped
2067086,164793,Mapped
2067087,164792,Mapped
2067088,164791,Mapped
2067089,164790,Mapped
2067090,164788,Mapped
2067091,164787,Mapped
2067092,164789,Mapped
2067093,164786,Mapped
2067094,164785,Mapped
2067095,164784,Mapped
2067096,164954,Mapped
2067097,164953,Mapped
2067098,164952,Mapped
2067099,164951,Mapped
2067105,165006,Mapped
2067106,165005,Mapped
2067107,165004,Mapped
2067110,165001,Mapped
2067111,164999,Mapped
2067112,165000,Mapped
2067114,N/A,Unmapped
2067120,166293,Mapped
2067121,166294,Mapped
2067122,166295,Mapped
2067124,166296,Mapped
2067125,166297,Mapped
2067126,166298,Mapped
2067128,166299,Mapped
2067129,166305,Mapped
2067130,166300,Mapped
2067131,166301,Mapped
2067132,166302,Mapped
2067133,166303,Mapped
2067134,166304,Mapped
2067135,166306,Mapped
2067136,166307,Mapped
2067137,166308,Mapped
2067138,166309,Mapped
2067139,166310,Mapped
2067140,166311,Mapped
2067141,166312,Mapped
2067142,166313,Mapped
2067143,166314,Mapped
2067144,166315,Mapped
2067145,166316,Mapped
2067148,165503,Mapped
2067149,165140,Mapped
2067150,165139,Mapped
2067151,165138,Mapped
2067152,165137,Mapped
2067153,165136,Mapped
2067154,165135,Mapped
2067155,165134,Mapped
2067156,165133,Mapped
2067157,165131,Mapped
2067158,165132,Mapped
2067159,165130,Mapped
2067160,165129,Mapped
2067161,165128,Mapped
2067162,165127,Mapped
2067163,165125,Mapped
2067164,165126,Mapped
2067165,165124,Mapped
2067166,165122,Mapped
2067167,165123,Mapped
2067168,165121,Mapped
2067169,165120,Mapped
2067170,165119,Mapped
2067171,165118,Mapped
2067172,165502,Mapped
2067173,165501,Mapped
2067174,165117,Mapped
2067175,165116,Mapped
2067176,167465,Mapped
2067177,167466,Mapped
2067178,167467,Mapped
2067179,167468,Mapped
2067180,167469,Mapped
2067181,167470,Mapped
2067182,167471,Mapped
2067183,167472,Mapped
2067184,167473,Mapped
2067185,167474,Mapped
2067194,N/A,Unmapped
2067197,N/A,Unmapped
2067198,N/A,Unmapped
2067200,N/A,Unmapped
2067202,N/A,Unmapped
2067203,N/A,Unmapped
2067208,N/A,Unmapped
2067210,N/A,Unmapped
2067211,N/A,Unmapped
2067217,165296,Mapped
2067218,N/A,Unmapped
2067219,N/A,Unmapped
2067220,165309,Mapped
2067221,165306,Mapped
2067222,165308,Mapped
2067223,165307,Mapped
2067224,165304,Mapped
2067225,165305,Mapped
2067226,168801,Mapped
2067227,168802,Mapped
2067232,165705,Mapped
2067241,165311,Mapped
2067242,165316,Mapped
2067243,165317,Mapped
2067244,165310,Mapped
2067245,165364,Mapped
2067246,165363,Mapped
2067297,165556,Mapped
2067298,165553,Mapped
2067299,165552,Mapped
2067300,165551,Mapped
2067301,165550,Mapped
2067302,165549,Mapped
2067303,165547,Mapped
2067304,165548,Mapped
2067305,165546,Mapped
2067306,165715,Mapped
2067307,165741,Mapped
2067308,165714,Mapped
2067310,165785,Mapped
2067311,165787,Mapped
2067313,166336,Mapped
2067314,166338,Mapped
2067315,166340,Mapped
2067316,166339,Mapped
2067317,166341,Mapped
2067318,166342,Mapped
2067319,166343,Mapped
2067320,166344,Mapped
2067321,166345,Mapped
2067322,166346,Mapped
2067323,166347,Mapped
2067324,166348,Mapped
2067325,166349,Mapped
2067326,166350,Mapped
2067327,165826,Mapped
2067328,166275,Mapped
2067330,166351,Mapped
2067331,166352,Mapped
2067332,166353,Mapped
2067333,166354,Mapped
2067335,166355,Mapped
2067336,166356,Mapped
2067337,166357,Mapped
2067339,N/A,Unmapped
2067340,N/A,Unmapped
2067348,165875,Mapped
2067349,165874,Mapped
2067350,165873,Mapped
2067352,165871,Mapped
2067353,165870,Mapped
2067354,165910,Mapped
2067355,165908,Mapped
2067356,165907,Mapped
2067357,165909,Mapped
2067358,165906,Mapped
2067359,165904,Mapped
2067361,165905,Mapped
2067362,165903,Mapped
2067363,165902,Mapped
2067364,165900,Mapped
2067366,166548,Mapped
2067367,N/A,Unmapped
2067368,N/A,Unmapped
2067369,N/A,Unmapped
2067370,N/A,Unmapped
2067371,N/A,Unmapped
2067372,N/A,Unmapped
2067376,N/A,Unmapped
2067377,N/A,Unmapped
2067380,N/A,Unmapped
2067381,N/A,Unmapped
2067382,N/A,Unmapped
2067383,N/A,Unmapped
2067384,N/A,Unmapped
2067385,N/A,Unmapped
2067386,N/A,Unmapped
2067387,N/A,Unmapped
2067388,N/A,Unmapped
2067389,N/A,Unmapped
2067390,N/A,Unmapped
2067391,N/A,Unmapped
2067392,N/A,Unmapped
2067393,N/A,Unmapped
2067394,N/A,Unmapped
2067395,N/A,Unmapped
2067396,N/A,Unmapped
2067397,N/A,Unmapped
2067398,N/A,Unmapped
2067399,N/A,Unmapped
2067400,N/A,Unmapped
2067401,165992,Mapped
2067520,166023,Mapped
2067521,166024,Mapped
2067522,166022,Mapped
2067523,167395,Mapped
2067524,166020,Mapped
2067539,165279,Mapped
2067540,165115,Mapped
2067541,165114,Mapped
2067542,165113,Mapped
2067543,165112,Mapped
2067544,165111,Mapped
2067545,165110,Mapped
2067546,165109,Mapped
2067547,165108,Mapped
2067548,165107,Mapped
2067549,165106,Mapped
2067550,165105,Mapped
2067551,165104,Mapped
2067552,165103,Mapped
2067553,165101,Mapped
2067554,165102,Mapped
2067555,165100,Mapped
2067556,165099,Mapped
2067557,165098,Mapped
2067558,165097,Mapped
2067559,165096,Mapped
2067560,165095,Mapped
2067561,165094,Mapped
2067562,165093,Mapped
2067563,165092,Mapped
2067564,165091,Mapped
2067565,165090,Mapped
2067566,165089,Mapped
2067567,165088,Mapped
2067569,165289,Mapped
2067570,165288,Mapped
2067571,165778,Mapped
2067572,165527,Mapped
2067573,165779,Mapped
2067574,N/A,Unmapped
2067575,N/A,Unmapped
2067576,N/A,Unmapped
2067577,N/A,Unmapped
2067592,165788,Mapped
2067595,165790,Mapped
2067599,165452,Mapped
2067600,165451,Mapped
2067601,165450,Mapped
2067602,165449,Mapped
2067603,165448,Mapped
2067604,165447,Mapped
2067605,165446,Mapped
2067606,165445,Mapped
2067607,165444,Mapped
2067608,165443,Mapped
2067609,165442,Mapped
2067610,165441,Mapped
2067611,165440,Mapped
2067612,165487,Mapped
2067613,165542,Mapped
2067898,N/A,Unmapped
2067899,N/A,Unmapped
2067901,167733,Mapped
2067902,N/A,Unmapped
2067905,167940,Mapped
2067906,168261,Mapped
2067907,167734,Mapped
2067908,165710,Mapped
2067909,165721,Mapped
2067910,167735,Mapped
2067911,167736,Mapped
2067912,167741,Mapped
2067913,167737,Mapped
2067918,165736,Mapped
2067920,N/A,Unmapped
2067921,N/A,Unmapped
2067922,165742,Mapped
2067923,168262,Mapped
2067924,N/A,Unmapped
2067925,N/A,Unmapped
2067926,166845,Mapped
2067927,166846,Mapped
2067928,166847,Mapped
2067929,166848,Mapped
2067930,166849,Mapped
2067931,166850,Mapped
2067932,166851,Mapped
2067933,166852,Mapped
2067934,165780,Mapped
2067935,165821,Mapped
2067936,165830,Mapped
2067937,165869,Mapped
2067938,165886,Mapped
2067939,165885,Mapped
2067940,168215,Mapped
2067941,N/A,Unmapped
2067942,N/A,Unmapped
2067943,N/A,Unmapped
2067944,N/A,Unmapped
2067948,165866,Mapped
2067950,167476,Mapped
2067951,167477,Mapped
2067952,167478,Mapped
2067954,167479,Mapped
2067955,167480,Mapped
2067956,167481,Mapped
2067957,165991,Mapped
2067958,166019,Mapped
2067959,165990,Mapped
2067960,165989,Mapped
2067961,165988,Mapped
2068035,165033,Mapped
2068038,165087,Mapped
2068039,165086,Mapped
2068040,165085,Mapped
2068041,165084,Mapped
2068042,165083,Mapped
2068043,165082,Mapped
2068044,165081,Mapped
2068045,165080,Mapped
2068046,165079,Mapped
2068047,165078,Mapped
2068048,165077,Mapped
2068049,165076,Mapped
2068050,165075,Mapped
2068051,165074,Mapped
2068052,165073,Mapped
2068053,165072,Mapped
2068054,165071,Mapped
2068055,165070,Mapped
2068056,165069,Mapped
2068057,165068,Mapped
2068058,165067,Mapped
2068059,165066,Mapped
2068060,165065,Mapped
2068061,165064,Mapped
2068062,165063,Mapped
2068063,165062,Mapped
2068064,165061,Mapped
2068065,165060,Mapped
2068066,165059,Mapped
2068067,165058,Mapped
2068068,165057,Mapped
2068069,165056,Mapped
2068070,165055,Mapped
2068071,165054,Mapped
2068072,165053,Mapped
2068073,165052,Mapped
2068074,165051,Mapped
2068075,165050,Mapped
2068076,165049,Mapped
2068077,165048,Mapped
2068078,165047,Mapped
2068079,165045,Mapped
2068081,165528,Mapped
2068082,165529,Mapped
2068086,N/A,Unmapped
2068087,N/A,Unmapped
2068088,N/A,Unmapped
2068091,N/A,Unmapped
2068093,N/A,Unmapped
2068094,N/A,Unmapped
2068095,N/A,Unmapped
2068100,N/A,Unmapped
2068105,N/A,Unmapped
2068106,N/A,Unmapped
2068110,N/A,Unmapped
2068113,N/A,Unmapped
2068116,N/A,Unmapped
2068120,N/A,Unmapped
2068121,N/A,Unmapped
2068123,N/A,Unmapped
2068125,N/A,Unmapped
2068126,165283,Mapped
2068127,165282,Mapped
2068128,165295,Mapped
2068131,165285,Mapped
2068132,165300,Mapped
2068139,165530,Mapped
2068140,165531,Mapped
2068141,165532,Mapped
2068142,165533,Mapped
2068143,165534,Mapped
2068146,165319,Mapped
2068147,165315,Mapped
2068148,165313,Mapped
2068149,165314,Mapped
2068150,165312,Mapped
2068151,165318,Mapped
2068158,165360,Mapped
2068195,165414,Mapped
2068196,165413,Mapped
2068197,165412,Mapped
2068198,165411,Mapped
2068199,165437,Mapped
2068200,165436,Mapped
2068201,165435,Mapped
2068204,165406,Mapped
2068205,165410,Mapped
2068206,N/A,Unmapped
2068207,N/A,Unmapped
2068446,N/A,Unmapped
2068447,N/A,Unmapped
2068448,N/A,Unmapped
2068449,165749,Mapped
2068450,165756,Mapped
2068451,165834,Mapped
2068452,165832,Mapped
2068453,165833,Mapped
2068454,165827,Mapped
2068455,165822,Mapped
2068456,165835,Mapped
2068457,165824,Mapped
2068458,165823,Mapped
2068462,166358,Mapped
2068463,166359,Mapped
2068464,166360,Mapped
2068465,166361,Mapped
2068466,166362,Mapped
2068467,166363,Mapped
2068468,166364,Mapped
2068469,166366,Mapped
2068470,166365,Mapped
2068471,166367,Mapped
2068472,166368,Mapped
2068473,166369,Mapped
2068474,166544,Mapped
2068475,166370,Mapped
2068476,166371,Mapped
2068477,166373,Mapped
2068478,166372,Mapped
2068536,165359,Mapped
2068537,165358,Mapped
2068538,165357,Mapped
2068567,166265,Mapped
2068568,165402,Mapped
2068574,165439,Mapped
2068575,165438,Mapped
2068576,165421,Mapped
2068578,165424,Mapped
2068579,165422,Mapped
2068580,165434,Mapped
2068581,165433,Mapped
2068582,165432,Mapped
2068583,165431,Mapped
2068584,165430,Mapped
2068585,165429,Mapped
2068586,165428,Mapped
2068587,165427,Mapped
2068588,165426,Mapped
2068589,165425,Mapped
2068597,166277,Mapped
2068598,166278,Mapped
2068609,165798,Mapped
2068610,165799,Mapped
2068662,165545,Mapped
2068663,165544,Mapped
2068664,165543,Mapped
2068665,165541,Mapped
2068666,165540,Mapped
2068667,165539,Mapped
2068668,165537,Mapped
2068669,165538,Mapped
2068670,165536,Mapped
2068671,165535,Mapped
2068693,167649,Mapped
2068696,166323,Mapped
2068697,166324,Mapped
2068698,165713,Mapped
2068701,165711,Mapped
2068702,165708,Mapped
2068705,165899,Mapped
2068706,165897,Mapped
2068707,165895,Mapped
2068714,N/A,Unmapped
2068715,N/A,Unmapped
2068716,N/A,Unmapped
2068717,N/A,Unmapped
2068718,165985,Mapped
2069035,N/A,Unmapped
2069036,N/A,Unmapped
2069039,N/A,Unmapped
2069041,165404,Mapped
2069042,165453,Mapped
2069043,N/A,Unmapped
2069044,N/A,Unmapped
2069045,N/A,Unmapped
2069046,168263,Mapped
2069047,N/A,Unmapped
2069048,N/A,Unmapped
2069049,167938,Mapped
2069050,167941,Mapped
2069051,167738,Mapped
2069055,167739,Mapped
2069056,167740,Mapped
2069059,167743,Mapped
2069066,167744,Mapped
2069067,167745,Mapped
2069068,N/A,Unmapped
2069070,166326,Mapped
2069084,N/A,Unmapped
2069085,N/A,Unmapped
2069086,N/A,Unmapped
2069087,165820,Mapped
2069088,N/A,Unmapped
2069089,N/A,Unmapped
2069090,N/A,Unmapped
2069091,165839,Mapped
2069092,165819,Mapped
2069093,N/A,Unmapped
2069094,N/A,Unmapped
2069095,165838,Mapped
2069096,165840,Mapped
2069097,165837,Mapped
2069098,165836,Mapped
2069099,165865,Mapped
2069547,165706,Mapped
2069548,166406,Mapped
2069549,165793,Mapped
2069550,165792,Mapped
2069551,N/A,Unmapped
2069552,N/A,Unmapped
2069553,N/A,Unmapped
2069554,N/A,Unmapped
2069555,N/A,Unmapped
2069560,N/A,Unmapped
2069566,N/A,Unmapped
2069590,N/A,Unmapped
2069591,165863,Mapped
2069592,165862,Mapped
2069593,165861,Mapped
2069595,165859,Mapped
2069596,165858,Mapped
2069597,165884,Mapped
2069598,165896,Mapped
2069599,165898,Mapped
2070188,N/A,Unmapped
2070191,165855,Mapped
2070192,165882,Mapped
2070193,165880,Mapped
2070194,165879,Mapped
2070195,166247,Mapped
2070196,166251,Mapped
2070197,166252,Mapped
2070198,166253,Mapped
2070199,165881,Mapped
2070200,165878,Mapped
2070201,165877,Mapped
2070203,165853,Mapped
2070204,165854,Mapped
2070205,165984,Mapped
2070206,165983,Mapped
2070207,165982,Mapped
2070208,165981,Mapped
2070209,165980,Mapped
2070210,165979,Mapped
2070211,165978,Mapped
2070212,165977,Mapped
2070213,165976,Mapped
2070214,165975,Mapped
2070215,165974,Mapped
2070216,165973,Mapped
2070217,165972,Mapped
2070218,165971,Mapped
2070219,165970,Mapped
2070220,165969,Mapped
2070221,165968,Mapped
2070222,165967,Mapped
2070233,N/A,Unmapped
2070234,N/A,Unmapped
2070537,166049,Mapped
2070538,166048,Mapped
2070539,166047,Mapped
2070540,166046,Mapped
2070541,166045,Mapped
2070567,166164,Mapped
2070568,166163,Mapped
2070569,166162,Mapped
2070570,166160,Mapped
2070571,166161,Mapped
2070572,166159,Mapped
2070573,166158,Mapped
2070574,166157,Mapped
2070575,166156,Mapped
2070576,166155,Mapped
2070577,166154,Mapped
2070578,166153,Mapped
2070579,166865,Mapped
2070580,N/A,Unmapped
2070583,N/A,Unmapped
2070584,167486,Mapped
2070601,166149,Mapped
2070606,166130,Mapped
2070607,166129,Mapped
2070608,166128,Mapped
2070609,166127,Mapped
2070610,166184,Mapped
2070611,166185,Mapped
2070612,166183,Mapped
2070613,N/A,Unmapped
2070614,N/A,Unmapped
2070615,N/A,Unmapped
2070616,N/A,Unmapped
2070617,166189,Mapped
2070640,N/A,Unmapped
2070641,N/A,Unmapped
2070642,N/A,Unmapped
2070643,N/A,Unmapped
2070644,N/A,Unmapped
2070645,N/A,Unmapped
2070646,N/A,Unmapped
2070652,166407,Mapped
2070655,166568,Mapped
2070656,166567,Mapped
2070657,166566,Mapped
2070658,166565,Mapped
2070659,166564,Mapped
2070660,166563,Mapped
2070661,166562,Mapped
2070663,167061,Mapped
2070664,167062,Mapped
2070667,167063,Mapped
2070669,167064,Mapped
2070671,167065,Mapped
2070672,167066,Mapped
2070674,166555,Mapped
2070675,166560,Mapped
2070676,166553,Mapped
2070677,166558,Mapped
2070678,N/A,Unmapped
2070679,167067,Mapped
2070680,166549,Mapped
2070681,166556,Mapped
2070682,166552,Mapped
2070683,166557,Mapped
2070684,166570,Mapped
2071059,166037,Mapped
2071060,166035,Mapped
2071061,166036,Mapped
2071063,166082,Mapped
2071064,166081,Mapped
2071065,166080,Mapped
2071066,166079,Mapped
2071067,166078,Mapped
2071068,166077,Mapped
2071069,166076,Mapped
2071070,166075,Mapped
2071071,166074,Mapped
2071072,166073,Mapped
2071073,166072,Mapped
2071074,166071,Mapped
2071075,166070,Mapped
2071076,166069,Mapped
2071077,166068,Mapped
2071078,166067,Mapped
2071079,166066,Mapped
2071080,166065,Mapped
2071081,166064,Mapped
2071082,166057,Mapped
2071088,N/A,Unmapped
2071089,166115,Mapped
2071090,166114,Mapped
2071096,N/A,Unmapped
2071099,166152,Mapped
2071100,166151,Mapped
2071101,166150,Mapped
2071102,167489,Mapped
2071104,167490,Mapped
2071109,166867,Mapped
2071120,166178,Mapped
2071121,166177,Mapped
2071122,N/A,Unmapped
2071123,166170,Mapped
2071124,166167,Mapped
2071125,166165,Mapped
2071156,166584,Mapped
2071157,166583,Mapped
2071158,166582,Mapped
2071159,166577,Mapped
2071160,166578,Mapped
2071161,166576,Mapped
2071162,166575,Mapped
2071535,166254,Mapped
2071536,166255,Mapped
2071537,166327,Mapped
2071538,166328,Mapped
2071539,166329,Mapped
2071540,166330,Mapped
2071541,166972,Mapped
2071542,166259,Mapped
2071543,166256,Mapped
2071544,166257,Mapped
2071545,166258,Mapped
2071546,N/A,Unmapped
2071547,166665,Mapped
2071549,N/A,Unmapped
2071550,N/A,Unmapped
2071551,N/A,Unmapped
2071552,N/A,Unmapped
2071553,N/A,Unmapped
2071554,N/A,Unmapped
2071555,N/A,Unmapped
2071567,166145,Mapped
2071568,166176,Mapped
2071569,166180,Mapped
2071570,166831,Mapped
2071571,166828,Mapped
2071572,166833,Mapped
2071573,166836,Mapped
2071574,166827,Mapped
2071575,166829,Mapped
2071576,166832,Mapped
2071577,166834,Mapped
2071578,166175,Mapped
2071579,166174,Mapped
2071580,166173,Mapped
2071581,166179,Mapped
2071597,166219,Mapped
2071598,166217,Mapped
2071599,166218,Mapped
2071600,166216,Mapped
2071601,166215,Mapped
2071602,166214,Mapped
2071603,166213,Mapped
2071604,166212,Mapped
2071605,166211,Mapped
2071606,166210,Mapped
2071607,166209,Mapped
2071608,166208,Mapped
2071610,166205,Mapped
2071611,166204,Mapped
2071612,166202,Mapped
2071613,166200,Mapped
2071614,166203,Mapped
2071615,166199,Mapped
2071616,166193,Mapped
2071617,166197,Mapped
2071618,167492,Mapped
2071619,167493,Mapped
2071620,167495,Mapped
2071621,167494,Mapped
2071622,167605,Mapped
2071623,167606,Mapped
2071624,166581,Mapped
2071625,166579,Mapped
2071626,166580,Mapped
2072035,166260,Mapped
2072039,166062,Mapped
2072040,166086,Mapped
2072041,166085,Mapped
2072044,166056,Mapped
2072045,N/A,Unmapped
2072046,N/A,Unmapped
2072047,N/A,Unmapped
2072048,N/A,Unmapped
2072049,N/A,Unmapped
2072050,N/A,Unmapped
2072056,166126,Mapped
2072057,166125,Mapped
2072058,166124,Mapped
2072059,166123,Mapped
2072060,N/A,Unmapped
2072061,N/A,Unmapped
2072062,N/A,Unmapped
2072063,N/A,Unmapped
2072064,N/A,Unmapped
2072065,N/A,Unmapped
2072066,N/A,Unmapped
2072067,N/A,Unmapped
2072068,166098,Mapped
2072069,166097,Mapped
2072070,166101,Mapped
2072072,166142,Mapped
2072073,166141,Mapped
2072074,166140,Mapped
2072075,166143,Mapped
2072076,166139,Mapped
2072079,167105,Mapped
2072080,166190,Mapped
2072102,166198,Mapped
2072103,166196,Mapped
2072106,166201,Mapped
2072107,166192,Mapped
2072108,166194,Mapped
2072109,166238,Mapped
2072110,166242,Mapped
2072111,166240,Mapped
2072112,166243,Mapped
2072113,166244,Mapped
2072114,N/A,Unmapped
2072117,167715,Mapped
2072118,N/A,Unmapped
2072119,N/A,Unmapped
2072120,N/A,Unmapped
2072537,N/A,Unmapped
2072538,N/A,Unmapped
2072539,N/A,Unmapped
2072540,N/A,Unmapped
2072541,N/A,Unmapped
2072542,166281,Mapped
2072543,166096,Mapped
2072545,N/A,Unmapped
2072546,N/A,Unmapped
2072547,N/A,Unmapped
2072548,166138,Mapped
2072549,166137,Mapped
2072550,166136,Mapped
2072551,166135,Mapped
2072552,166134,Mapped
2072553,166131,Mapped
2072556,166186,Mapped
2072557,166182,Mapped
2072558,166188,Mapped
2072561,166574,Mapped
2072563,166573,Mapped
2072564,166572,Mapped
2073050,166113,Mapped
2073051,166122,Mapped
2073052,166121,Mapped
2073053,166120,Mapped
2073055,166109,Mapped
2073056,166119,Mapped
2073057,166118,Mapped
2073058,166117,Mapped
2073059,166106,Mapped
2073060,166108,Mapped
2073061,166104,Mapped
2073062,166103,Mapped
2073063,166099,Mapped
2073064,166105,Mapped
2073065,166116,Mapped
2073066,166171,Mapped
2073067,166172,Mapped
2073068,166169,Mapped
2073069,166168,Mapped
2073535,N/A,Unmapped
2073536,N/A,Unmapped
2073537,N/A,Unmapped
2073538,166100,Mapped
2073539,N/A,Unmapped
2073540,N/A,Unmapped
2073541,N/A,Unmapped
2073557,166246,Mapped
2073558,166241,Mapped
2073559,166250,Mapped
2073560,166245,Mapped
2073561,166249,Mapped
2074035,166617,Mapped
2074535,166841,Mapped
2074538,N/A,Unmapped
2074539,N/A,Unmapped
2074540,N/A,Unmapped
2074541,N/A,Unmapped
2074542,N/A,Unmapped
2074543,N/A,Unmapped
2074544,N/A,Unmapped
2074545,N/A,Unmapped
2074546,N/A,Unmapped
2074547,N/A,Unmapped
2074548,166630,Mapped
2074551,167496,Mapped
2074552,167497,Mapped
2074553,167498,Mapped
2074554,167499,Mapped
2074555,167500,Mapped
2074556,166659,Mapped
2074591,166812,Mapped
2074592,166804,Mapped
2074593,166808,Mapped
2074594,166805,Mapped
2074595,166809,Mapped
2074718,167591,Mapped
2074719,167592,Mapped
2074720,167593,Mapped
2074721,167594,Mapped
2074722,167595,Mapped
2074723,167596,Mapped
2074724,167597,Mapped
2074725,167598,Mapped
2074726,167599,Mapped
2074727,167600,Mapped
2074728,166984,Mapped
2074729,167003,Mapped
2074730,167004,Mapped
2074731,167000,Mapped
2074739,168288,Mapped
2074740,168287,Mapped
2074741,168289,Mapped
2074742,167951,Mapped
2074743,167952,Mapped
2074744,168290,Mapped
2074745,167953,Mapped
2074746,168291,Mapped
2074747,168292,Mapped
2074748,167954,Mapped
2074749,167956,Mapped
2074750,167955,Mapped
2074751,168293,Mapped
2074752,167957,Mapped
2074753,168294,Mapped
2074754,167958,Mapped
2074755,N/A,Unmapped
2074756,167181,Mapped
2074757,N/A,Unmapped
2074758,N/A,Unmapped
2074759,N/A,Unmapped
2074760,N/A,Unmapped
2074765,167225,Mapped
2074766,167224,Mapped
2074777,168216,Mapped
2074778,168217,Mapped
2074779,168218,Mapped
2074781,N/A,Unmapped
2074820,168270,Mapped
2074821,168271,Mapped
2074822,168272,Mapped
2074823,168273,Mapped
2074824,168274,Mapped
2074825,167618,Mapped
2074826,167622,Mapped
2074828,167666,Mapped
2074866,167665,Mapped
2074867,167664,Mapped
2074868,167662,Mapped
2074869,167663,Mapped
2074870,N/A,Unmapped
2074871,N/A,Unmapped
2074875,N/A,Unmapped
2074894,167785,Mapped
2074895,N/A,Unmapped
2074959,167799,Mapped
2074960,167793,Mapped
2074961,167798,Mapped
2074962,167791,Mapped
2074974,N/A,Unmapped
2075003,167933,Mapped
2075005,167936,Mapped
2075006,167994,Mapped
2075035,166842,Mapped
2075036,167106,Mapped
2075037,167107,Mapped
2075039,N/A,Unmapped
2075040,N/A,Unmapped
2075041,N/A,Unmapped
2075042,N/A,Unmapped
2075048,166896,Mapped
2075049,167052,Mapped
2075050,167051,Mapped
2075051,167053,Mapped
2075052,166649,Mapped
2075053,166648,Mapped
2075054,166641,Mapped
2075055,166639,Mapped
2075056,166635,Mapped
2075057,166645,Mapped
2075060,166642,Mapped
2075061,166652,Mapped
2075062,166651,Mapped
2075064,167746,Mapped
2075065,167747,Mapped
2075066,167748,Mapped
2075070,167749,Mapped
2075071,166634,Mapped
2075091,167723,Mapped
2075097,167781,Mapped
2075098,167782,Mapped
2075099,167728,Mapped
2075100,167726,Mapped
2075101,166660,Mapped
2075102,167727,Mapped
2075103,167783,Mapped
2075104,167501,Mapped
2075105,167502,Mapped
2075106,167503,Mapped
2075107,167990,Mapped
2075108,167943,Mapped
2075109,167945,Mapped
2075110,167947,Mapped
2075111,167948,Mapped
2075112,167949,Mapped
2075113,167950,Mapped
2075114,167991,Mapped
2075115,167504,Mapped
2075116,167505,Mapped
2075117,167506,Mapped
2075118,166664,Mapped
2075123,166776,Mapped
2075124,166770,Mapped
2075125,166778,Mapped
2075126,166771,Mapped
2075127,166820,Mapped
2075137,N/A,Unmapped
2075139,167397,Mapped
2075140,168275,Mapped
2075143,167151,Mapped
2075144,167152,Mapped
2075145,166953,Mapped
2075146,167507,Mapped
2075147,167508,Mapped
2075148,167509,Mapped
2075149,167510,Mapped
2075151,167394,Mapped
2075152,N/A,Unmapped
2075239,N/A,Unmapped
2075284,167756,Mapped
2075285,167757,Mapped
2075286,167758,Mapped
2075287,167127,Mapped
2075288,167759,Mapped
2075289,167760,Mapped
2075290,167761,Mapped
2075291,N/A,Unmapped
2075292,167750,Mapped
2075294,167751,Mapped
2075295,N/A,Unmapped
2075296,167762,Mapped
2075298,167763,Mapped
2075299,N/A,Unmapped
2075300,N/A,Unmapped
2075301,167765,Mapped
2075302,167764,Mapped
2075303,167766,Mapped
2075304,167767,Mapped
2075305,N/A,Unmapped
2075306,167768,Mapped
2075307,167769,Mapped
2075309,N/A,Unmapped
2075310,167770,Mapped
2075316,167191,Mapped
2075317,167193,Mapped
2075318,167192,Mapped
2075319,167183,Mapped
2075320,167211,Mapped
2075321,167223,Mapped
2075322,167208,Mapped
2075323,167205,Mapped
2075324,167213,Mapped
2075325,167209,Mapped
2075326,167204,Mapped
2075327,167207,Mapped
2075328,167210,Mapped
2075329,167206,Mapped
2075330,167222,Mapped
2075331,167221,Mapped
2075332,167202,Mapped
2075333,167220,Mapped
2075351,167590,Mapped
2075352,167392,Mapped
2075358,N/A,Unmapped
2075383,N/A,Unmapped
2075384,N/A,Unmapped
2075389,N/A,Unmapped
2075391,N/A,Unmapped
2075392,N/A,Unmapped
2075398,168276,Mapped
2075399,N/A,Unmapped
2075400,N/A,Unmapped
2075402,N/A,Unmapped
2075409,167639,Mapped
2075410,167621,Mapped
2075411,N/A,Unmapped
2075412,N/A,Unmapped
2075413,168219,Mapped
2075414,168220,Mapped
2075415,168308,Mapped
2075442,167710,Mapped
2075535,166843,Mapped
2075536,166844,Mapped
2075541,N/A,Unmapped
2075542,N/A,Unmapped
2075543,166616,Mapped
2075544,166610,Mapped
2075545,166614,Mapped
2075546,166835,Mapped
2075547,167054,Mapped
2075548,166837,Mapped
2075549,166840,Mapped
2075550,167055,Mapped
2075553,166638,Mapped
2075554,167717,Mapped
2075562,N/A,Unmapped
2075563,N/A,Unmapped
2075566,166644,Mapped
2075567,167542,Mapped
2075568,167543,Mapped
2075572,167115,Mapped
2075573,167116,Mapped
2075574,166633,Mapped
2075575,166632,Mapped
2075576,166636,Mapped
2075577,167544,Mapped
2075578,167545,Mapped
2075579,167546,Mapped
2075580,167547,Mapped
2075581,167548,Mapped
2075582,N/A,Unmapped
2075584,N/A,Unmapped
2075585,166813,Mapped
2075587,N/A,Unmapped
2075588,N/A,Unmapped
2075589,N/A,Unmapped
2075618,167068,Mapped
2075619,167069,Mapped
2075620,167070,Mapped
2075621,167071,Mapped
2075622,167072,Mapped
2075623,167073,Mapped
2075624,167074,Mapped
2075625,167075,Mapped
2075626,167076,Mapped
2075627,167077,Mapped
2075628,167078,Mapped
2075629,167079,Mapped
2075630,167080,Mapped
2075631,167081,Mapped
2075632,167082,Mapped
2075633,167083,Mapped
2075634,167084,Mapped
2075635,166952,Mapped
2075636,166951,Mapped
2075637,166950,Mapped
2075638,166853,Mapped
2075646,167391,Mapped
2075647,167393,Mapped
2075648,167396,Mapped
2075649,167399,Mapped
2075650,167398,Mapped
2075651,167400,Mapped
2075652,167401,Mapped
2075653,167402,Mapped
2075707,167601,Mapped
2075708,167602,Mapped
2075709,167603,Mapped
2075720,N/A,Unmapped
2075805,N/A,Unmapped
2075806,N/A,Unmapped
2075807,N/A,Unmapped
2075809,N/A,Unmapped
2075811,N/A,Unmapped
2075812,N/A,Unmapped
2075813,N/A,Unmapped
2075814,N/A,Unmapped
2075815,N/A,Unmapped
2075816,N/A,Unmapped
2075817,168277,Mapped
2075818,N/A,Unmapped
2075819,168278,Mapped
2075820,168279,Mapped
2075821,N/A,Unmapped
2075830,167632,Mapped
2075831,167634,Mapped
2075832,167638,Mapped
2075833,167619,Mapped
2075867,167617,Mapped
2075868,N/A,Unmapped
2075869,N/A,Unmapped
2075870,167630,Mapped
2075906,167660,Mapped
2075907,167657,Mapped
2075915,167653,Mapped
2075916,167656,Mapped
2075917,167652,Mapped
2075934,167650,Mapped
2075935,167651,Mapped
2075936,167655,Mapped
2075990,167654,Mapped
2076034,167830,Mapped
2076035,166897,Mapped
2076038,167056,Mapped
2076039,167057,Mapped
2076040,166628,Mapped
2076041,167058,Mapped
2076042,167059,Mapped
2076043,166643,Mapped
2076044,166637,Mapped
2076045,166780,Mapped
2076046,166786,Mapped
2076047,166775,Mapped
2076048,166779,Mapped
2076049,167403,Mapped
2076050,166774,Mapped
2076051,166777,Mapped
2076052,166783,Mapped
2076053,166790,Mapped
2076054,166807,Mapped
2076055,166810,Mapped
2076056,166946,Mapped
2076085,166825,Mapped
2076086,166830,Mapped
2076087,166826,Mapped
2076236,167607,Mapped
2076237,167608,Mapped
2076238,167609,Mapped
2076239,167610,Mapped
2076240,167611,Mapped
2076241,167612,Mapped
2076242,N/A,Unmapped
2076243,N/A,Unmapped
2076244,N/A,Unmapped
2076245,166965,Mapped
2076246,166969,Mapped
2076247,166964,Mapped
2076248,166970,Mapped
2076249,166966,Mapped
2076250,166988,Mapped
2076251,166992,Mapped
2076252,166987,Mapped
2076253,166986,Mapped
2076254,166985,Mapped
2076272,N/A,Unmapped
2076273,N/A,Unmapped
2076274,N/A,Unmapped
2076275,N/A,Unmapped
2076276,N/A,Unmapped
2076277,N/A,Unmapped
2076278,N/A,Unmapped
2076279,N/A,Unmapped
2076280,N/A,Unmapped
2076281,N/A,Unmapped
2076282,N/A,Unmapped
2076283,N/A,Unmapped
2076284,N/A,Unmapped
2076285,N/A,Unmapped
2076314,167001,Mapped
2076315,167002,Mapped
2076316,166997,Mapped
2076317,166998,Mapped
2076337,N/A,Unmapped
2076338,N/A,Unmapped
2076339,N/A,Unmapped
2076340,N/A,Unmapped
2076343,167771,Mapped
2076344,N/A,Unmapped
2076345,167772,Mapped
2076346,167773,Mapped
2076347,167774,Mapped
2076348,167775,Mapped
2076349,167126,Mapped
2076350,167776,Mapped
2076351,167777,Mapped
2076352,167778,Mapped
2076353,167779,Mapped
2076354,N/A,Unmapped
2076355,167780,Mapped
2076357,N/A,Unmapped
2076358,N/A,Unmapped
2076363,N/A,Unmapped
2076364,N/A,Unmapped
2076365,N/A,Unmapped
2076366,N/A,Unmapped
2076367,N/A,Unmapped
2076369,167162,Mapped
2076370,167163,Mapped
2076371,167157,Mapped
2076372,167161,Mapped
2076373,N/A,Unmapped
2076374,N/A,Unmapped
2076375,N/A,Unmapped
2076377,N/A,Unmapped
2076378,N/A,Unmapped
2076379,167185,Mapped
2076380,N/A,Unmapped
2076381,N/A,Unmapped
2076382,N/A,Unmapped
2076388,167182,Mapped
2076389,167180,Mapped
2076390,167177,Mapped
2076391,167718,Mapped
2076392,167173,Mapped
2076393,167789,Mapped
2076394,167722,Mapped
2076395,167170,Mapped
2076396,167171,Mapped
2076397,167721,Mapped
2076398,167725,Mapped
2076403,167230,Mapped
2076412,167243,Mapped
2076413,N/A,Unmapped
2076414,N/A,Unmapped
2076416,167242,Mapped
2076417,167241,Mapped
2076427,167247,Mapped
2076432,N/A,Unmapped
2076443,168221,Mapped
2076444,168222,Mapped
2076445,168224,Mapped
2076446,168313,Mapped
2076447,168225,Mapped
2076448,168223,Mapped
2076449,168226,Mapped
2076450,168227,Mapped
2076451,168228,Mapped
2076452,168229,Mapped
2076453,168230,Mapped
2076454,168231,Mapped
2076455,168232,Mapped
2076456,167637,Mapped
2076457,167629,Mapped
2076458,167628,Mapped
2076459,167626,Mapped
2076460,167623,Mapped
2076461,167625,Mapped
2076462,167620,Mapped
2076463,167960,Mapped
2076464,167961,Mapped
2076465,167962,Mapped
2076466,167963,Mapped
2076467,167964,Mapped
2076468,167965,Mapped
2076469,167967,Mapped
2076470,167966,Mapped
2076471,N/A,Unmapped
2076472,N/A,Unmapped
2076473,N/A,Unmapped
2076474,N/A,Unmapped
2076475,N/A,Unmapped
2076476,N/A,Unmapped
2076477,N/A,Unmapped
2076478,N/A,Unmapped
2076479,N/A,Unmapped
2076480,N/A,Unmapped
2076481,N/A,Unmapped
2076482,N/A,Unmapped
2076483,N/A,Unmapped
2076484,N/A,Unmapped
2076502,167659,Mapped
2076503,167647,Mapped
2076504,167708,Mapped
2076505,167705,Mapped
2076506,167704,Mapped
2076507,167706,Mapped
2076508,N/A,Unmapped
2076509,167968,Mapped
2076510,167969,Mapped
2076511,167970,Mapped
2076512,167971,Mapped
2076513,167972,Mapped
2076514,167973,Mapped
2076515,167974,Mapped
2076516,167975,Mapped
2076517,167976,Mapped
2076518,167977,Mapped
2076519,167982,Mapped
2076520,167978,Mapped
2076521,N/A,Unmapped
2076522,N/A,Unmapped
2076523,N/A,Unmapped
2076524,N/A,Unmapped
2076525,N/A,Unmapped
2076526,N/A,Unmapped
2076527,N/A,Unmapped
2076535,N/A,Unmapped
2076536,N/A,Unmapped
2076537,N/A,Unmapped
2076538,N/A,Unmapped
2076539,N/A,Unmapped
2076544,N/A,Unmapped
2076545,N/A,Unmapped
2076546,N/A,Unmapped
2076547,N/A,Unmapped
2076548,N/A,Unmapped
2076549,N/A,Unmapped
2076550,N/A,Unmapped
2076551,N/A,Unmapped
2076552,N/A,Unmapped
2076553,N/A,Unmapped
2076554,N/A,Unmapped
2076555,N/A,Unmapped
2076556,N/A,Unmapped
2076557,N/A,Unmapped
2076558,N/A,Unmapped
2076559,N/A,Unmapped
2076560,N/A,Unmapped
2076562,N/A,Unmapped
2076563,167549,Mapped
2076572,167558,Mapped
2076583,166650,Mapped
2076676,166983,Mapped
2076678,166963,Mapped
2076679,166962,Mapped
2076680,167613,Mapped
2076681,167614,Mapped
2076682,167615,Mapped
2076683,167616,Mapped
2076684,167027,Mapped
2076685,167034,Mapped
2076686,167046,Mapped
2076687,167035,Mapped
2076688,167028,Mapped
2076700,167146,Mapped
2076701,167143,Mapped
2076702,167140,Mapped
2076703,167219,Mapped
2076704,167218,Mapped
2076705,167240,Mapped
2076706,167239,Mapped
2076707,167238,Mapped
2076708,167236,Mapped
2076709,167237,Mapped
2076710,167235,Mapped
2076711,167234,Mapped
2076765,167910,Mapped
2076766,167914,Mapped
2076902,168042,Mapped
2076903,168052,Mapped
2076932,168060,Mapped
2076933,168769,Mapped
2076934,168771,Mapped
2076935,168768,Mapped
2076936,168788,Mapped
2076937,168071,Mapped
2076938,N/A,Unmapped
2076939,168789,Mapped
2077024,168140,Mapped
2077025,168139,Mapped
2077026,168138,Mapped
2077035,166898,Mapped
2077036,166899,Mapped
2077037,166900,Mapped
2077038,166627,Mapped
2077039,166662,Mapped
2077043,166661,Mapped
2077044,167511,Mapped
2077045,167512,Mapped
2077046,167513,Mapped
2077047,167514,Mapped
2077048,167515,Mapped
2077049,167516,Mapped
2077050,167517,Mapped
2077051,167518,Mapped
2077052,167519,Mapped
2077053,166653,Mapped
2077054,166663,Mapped
2077055,167568,Mapped
2077056,167569,Mapped
2077057,167570,Mapped
2077058,167571,Mapped
2077059,167572,Mapped
2077060,167573,Mapped
2077061,167574,Mapped
2077062,167575,Mapped
2077063,167520,Mapped
2077064,167521,Mapped
2077065,167522,Mapped
2077066,167523,Mapped
2077067,167124,Mapped
2077068,167125,Mapped
2077069,166785,Mapped
2077070,166784,Mapped
2077071,166782,Mapped
2077072,166816,Mapped
2077073,166999,Mapped
2077102,166981,Mapped
2077103,166980,Mapped
2077104,166979,Mapped
2077111,167576,Mapped
2077112,167577,Mapped
2077113,167578,Mapped
2077114,167579,Mapped
2077115,167580,Mapped
2077116,167581,Mapped
2077117,167582,Mapped
2077118,167583,Mapped
2077119,167584,Mapped
2077120,167585,Mapped
2077121,167586,Mapped
2077122,167587,Mapped
2077123,167588,Mapped
2077124,167589,Mapped
2077132,167025,Mapped
2077133,167040,Mapped
2077134,167141,Mapped
2077135,167036,Mapped
2077136,167142,Mapped
2077137,167024,Mapped
2077138,167026,Mapped
2077147,167917,Mapped
2077148,167918,Mapped
2077149,167919,Mapped
2077160,167139,Mapped
2077161,167137,Mapped
2077162,167136,Mapped
2077163,167135,Mapped
2077164,167134,Mapped
2077165,167133,Mapped
2077166,167132,Mapped
2077167,167131,Mapped
2077168,167130,Mapped
2077169,167129,Mapped
2077170,167164,Mapped
2077171,167159,Mapped
2077172,167155,Mapped
2077175,167189,Mapped
2077179,N/A,Unmapped
2077180,N/A,Unmapped
2077181,167719,Mapped
2077182,167174,Mapped
2077183,167175,Mapped
2077184,167179,Mapped
2077185,167172,Mapped
2077186,167178,Mapped
2077187,167176,Mapped
2077188,167168,Mapped
2077189,167169,Mapped
2077190,167716,Mapped
2077191,167166,Mapped
2077192,167167,Mapped
2077193,167730,Mapped
2077194,167190,Mapped
2077195,167188,Mapped
2077196,167187,Mapped
2077197,167186,Mapped
2077198,167184,Mapped
2077203,N/A,Unmapped
2077207,167217,Mapped
2077208,167216,Mapped
2077209,167215,Mapped
2077210,167214,Mapped
2077211,167212,Mapped
2077212,167636,Mapped
2077213,167635,Mapped
2077395,N/A,Unmapped
2077396,N/A,Unmapped
2077454,168097,Mapped
2077455,168106,Mapped
2077456,168105,Mapped
2077457,168104,Mapped
2077458,168103,Mapped
2077459,168102,Mapped
2077460,168101,Mapped
2077461,168100,Mapped
2077462,168098,Mapped
2077463,168096,Mapped
2077464,N/A,Unmapped
2077465,N/A,Unmapped
2077466,N/A,Unmapped
2077467,N/A,Unmapped
2077468,N/A,Unmapped
2077469,N/A,Unmapped
2077470,N/A,Unmapped
2077471,N/A,Unmapped
2077472,N/A,Unmapped
2077473,N/A,Unmapped
2077474,N/A,Unmapped
2077475,N/A,Unmapped
2077476,N/A,Unmapped
2077477,N/A,Unmapped
2077478,N/A,Unmapped
2077479,N/A,Unmapped
2077480,N/A,Unmapped
2077536,166791,Mapped
2077537,166789,Mapped
2077538,166788,Mapped
2077540,166954,Mapped
2077568,166949,Mapped
2077569,166948,Mapped
2077570,166947,Mapped
2077573,N/A,Unmapped
2077574,N/A,Unmapped
2077576,168280,Mapped
2077577,167086,Mapped
2077578,167085,Mapped
2077579,167087,Mapped
2077580,167088,Mapped
2077581,167089,Mapped
2077582,167090,Mapped
2077583,167091,Mapped
2077584,167092,Mapped
2077585,167093,Mapped
2077586,167094,Mapped
2077587,167095,Mapped
2077588,167096,Mapped
2077589,167097,Mapped
2077590,167098,Mapped
2077591,167099,Mapped
2077592,167100,Mapped
2077593,167101,Mapped
2077594,167102,Mapped
2077595,167103,Mapped
2077624,166961,Mapped
2077625,166959,Mapped
2077626,166960,Mapped
2077628,N/A,Unmapped
2077629,N/A,Unmapped
2077630,N/A,Unmapped
2077631,N/A,Unmapped
2077663,167128,Mapped
2077677,167156,Mapped
2077678,167158,Mapped
2077694,167233,Mapped
2077695,167246,Mapped
2077696,167245,Mapped
2077697,167244,Mapped
2077699,167646,Mapped
2077700,167645,Mapped
2077701,167644,Mapped
2077702,167643,Mapped
2077703,167642,Mapped
2077704,167624,Mapped
2077705,167627,Mapped
2077706,167633,Mapped
2077709,N/A,Unmapped
2077710,N/A,Unmapped
2077711,N/A,Unmapped
2077715,167980,Mapped
2077716,167648,Mapped
2077722,167784,Mapped
2077780,167794,Mapped
2077781,167801,Mapped
2077782,167795,Mapped
2077783,N/A,Unmapped
2077784,N/A,Unmapped
2077785,N/A,Unmapped
2077786,N/A,Unmapped
2077787,N/A,Unmapped
2077788,N/A,Unmapped
2077789,N/A,Unmapped
2077790,N/A,Unmapped
2077791,N/A,Unmapped
2077792,N/A,Unmapped
2077793,N/A,Unmapped
2077794,N/A,Unmapped
2077795,N/A,Unmapped
2077796,N/A,Unmapped
2077797,N/A,Unmapped
2077798,N/A,Unmapped
2077799,N/A,Unmapped
2077800,167829,Mapped
2077801,N/A,Unmapped
2077802,N/A,Unmapped
2077803,N/A,Unmapped
2077804,N/A,Unmapped
2077805,N/A,Unmapped
2077869,168233,Mapped
2077870,168234,Mapped
2077871,168235,Mapped
2077872,168236,Mapped
2077873,168237,Mapped
2077874,168238,Mapped
2077875,168239,Mapped
2077881,167935,Mapped
2077883,167979,Mapped
2077891,168194,Mapped
2077921,168023,Mapped
2077922,168022,Mapped
2077979,168051,Mapped
2077980,168047,Mapped
2077981,168046,Mapped
2077982,168045,Mapped
2078040,N/A,Unmapped
2078041,N/A,Unmapped
2078042,N/A,Unmapped
2078043,N/A,Unmapped
2078044,167703,Mapped
2078045,167694,Mapped
2078046,167700,Mapped
2078047,167696,Mapped
2078048,167697,Mapped
2078086,167828,Mapped
2078087,167827,Mapped
2078088,167832,Mapped
2078089,167826,Mapped
2078090,167825,Mapped
2078091,167824,Mapped
2078092,167823,Mapped
2078093,167822,Mapped
2078094,167821,Mapped
2078095,167817,Mapped
2078096,167815,Mapped
2078097,N/A,Unmapped
2078098,N/A,Unmapped
2078099,N/A,Unmapped
2078100,N/A,Unmapped
2078101,N/A,Unmapped
2078102,N/A,Unmapped
2078103,167813,Mapped
2078104,167812,Mapped
2078105,N/A,Unmapped
2078106,N/A,Unmapped
2078107,N/A,Unmapped
2078108,N/A,Unmapped
2078109,N/A,Unmapped
2078111,167912,Mapped
2078112,167915,Mapped
2078130,167993,Mapped
2078173,168011,Mapped
2078174,168006,Mapped
2078208,168054,Mapped
2078209,168050,Mapped
2078210,168043,Mapped
2078225,168065,Mapped
2078241,168062,Mapped
2078242,168068,Mapped
2078243,168069,Mapped
2078269,168063,Mapped
2078297,N/A,Unmapped
2078298,168072,Mapped
2078301,168785,Mapped
2078302,168784,Mapped
2078303,168786,Mapped
2078304,168787,Mapped
2078305,N/A,Unmapped
2078306,N/A,Unmapped
2078307,N/A,Unmapped
2078308,N/A,Unmapped
2078344,168826,Mapped
2078345,168827,Mapped
2078346,168091,Mapped
2078347,N/A,Unmapped
2078348,N/A,Unmapped
2078349,N/A,Unmapped
2078350,N/A,Unmapped
2078351,N/A,Unmapped
2078500,168180,Mapped
2078501,168179,Mapped
2078502,168178,Mapped
2078503,168177,Mapped
2078505,168214,Mapped
2078506,168192,Mapped
2078508,168417,Mapped
2078509,168677,Mapped
2078511,168752,Mapped
2078512,168751,Mapped
2078513,168750,Mapped
2078514,168749,Mapped
2078539,167797,Mapped
2078555,167810,Mapped
2078557,167814,Mapped
2078558,167818,Mapped
2078559,167909,Mapped
2078560,167908,Mapped
2078561,167911,Mapped
2078562,167916,Mapped
2078563,167925,Mapped
2078569,N/A,Unmapped
2078570,N/A,Unmapped
2078571,167924,Mapped
2078584,167923,Mapped
2078591,168281,Mapped
2078592,168282,Mapped
2078593,168283,Mapped
2078594,167988,Mapped
2078719,167992,Mapped
2078721,N/A,Unmapped
2078722,N/A,Unmapped
2078723,N/A,Unmapped
2078739,168004,Mapped
2078740,168003,Mapped
2078741,168002,Mapped
2078742,168000,Mapped
2078743,167997,Mapped
2078744,167996,Mapped
2078745,168001,Mapped
2078746,167999,Mapped
2078747,167998,Mapped
2078748,167995,Mapped
2078759,168021,Mapped
2078760,168040,Mapped
2078761,168039,Mapped
2078762,168038,Mapped
2078763,168037,Mapped
2078764,168036,Mapped
2078928,168295,Mapped
2078929,168296,Mapped
2078930,168297,Mapped
2078931,168298,Mapped
2078932,168299,Mapped
2078933,168300,Mapped
2078934,168301,Mapped
2078935,168302,Mapped
2078936,168817,Mapped
2078937,168818,Mapped
2078938,168819,Mapped
2078939,168820,Mapped
2078940,168821,Mapped
2078941,168822,Mapped
2078942,168823,Mapped
2078943,168824,Mapped
2078944,168829,Mapped
2078945,168181,Mapped
2078946,168049,Mapped
2078947,168048,Mapped
2078948,168053,Mapped
2079006,168090,Mapped
2079007,168089,Mapped
2079008,168087,Mapped
2079009,168085,Mapped
2079010,168088,Mapped
2079011,168086,Mapped
2079012,168081,Mapped
2079013,168084,Mapped
2079014,168083,Mapped
2079015,168080,Mapped
2079019,168082,Mapped
2079020,168079,Mapped
2079035,167819,Mapped
2079036,167820,Mapped
2079041,167913,Mapped
2079073,167929,Mapped
2079074,N/A,Unmapped
2079075,N/A,Unmapped
2079076,N/A,Unmapped
2079078,N/A,Unmapped
2079079,N/A,Unmapped
2079080,N/A,Unmapped
2079081,N/A,Unmapped
2079082,N/A,Unmapped
2079083,N/A,Unmapped
2079084,N/A,Unmapped
2079085,N/A,Unmapped
2079086,N/A,Unmapped
2079087,N/A,Unmapped
2079088,N/A,Unmapped
2079089,N/A,Unmapped
2079124,N/A,Unmapped
2079125,168774,Mapped
2079146,N/A,Unmapped
2079147,N/A,Unmapped
2079148,N/A,Unmapped
2079149,N/A,Unmapped
2079150,N/A,Unmapped
2079151,167985,Mapped
2079152,167984,Mapped
2079155,168020,Mapped
2079156,168019,Mapped
2079157,168018,Mapped
2079158,168017,Mapped
2079159,168016,Mapped
2079160,168032,Mapped
2079162,168031,Mapped
2079163,168030,Mapped
2079374,168804,Mapped
2079402,168075,Mapped
2079536,168029,Mapped
2079537,168028,Mapped
2079539,168026,Mapped
2079540,168025,Mapped
2079563,168009,Mapped
2079564,168007,Mapped
2079591,168044,Mapped
2079610,168056,Mapped
2079673,N/A,Unmapped
2079674,N/A,Unmapped
2079675,N/A,Unmapped
2079676,N/A,Unmapped
2079677,N/A,Unmapped
2079678,N/A,Unmapped
2079679,N/A,Unmapped
2079680,N/A,Unmapped
2079681,N/A,Unmapped
2079682,N/A,Unmapped
2079683,168099,Mapped
2079684,N/A,Unmapped
2079685,N/A,Unmapped
2079686,N/A,Unmapped
2079687,N/A,Unmapped
2079688,N/A,Unmapped
2079689,N/A,Unmapped
2079690,N/A,Unmapped
2079691,N/A,Unmapped
2079692,N/A,Unmapped
2079694,168094,Mapped
2079697,168093,Mapped
2079841,168174,Mapped
2079842,168171,Mapped
2079843,168170,Mapped
2079844,168310,Mapped
2079845,168307,Mapped
2079846,168306,Mapped
2079848,168304,Mapped
2079849,168305,Mapped
2079850,168303,Mapped
2079875,168783,Mapped
2079876,168781,Mapped
2079877,168782,Mapped
2080062,168058,Mapped
2080063,168061,Mapped
2080064,168066,Mapped
2080065,168059,Mapped
2080066,168070,Mapped
2080067,168067,Mapped
2080430,N/A,Unmapped
2080458,168148,Mapped
2080459,168146,Mapped
2080460,168149,Mapped
2080462,N/A,Unmapped
2080464,168213,Mapped
2080465,168212,Mapped
2080466,168211,Mapped
2080467,168210,Mapped
2080468,168209,Mapped
2080469,168208,Mapped
2080470,168207,Mapped
2080471,168206,Mapped
2080472,168676,Mapped
2080473,168675,Mapped
2080474,168674,Mapped
2080475,168673,Mapped
2080476,168672,Mapped
2080477,168671,Mapped
2080478,168670,Mapped
2080479,168644,Mapped
2080481,N/A,Unmapped
2080484,168641,Mapped
2080500,168748,Mapped
2080503,168745,Mapped
2080505,168744,Mapped
2080506,168743,Mapped
2080507,168742,Mapped
2080508,168741,Mapped
2080646,168117,Mapped
2080702,168114,Mapped
2080759,168136,Mapped
2080760,168135,Mapped
2080844,168172,Mapped
2080855,168241,Mapped
2080856,168625,Mapped
2080874,168606,Mapped
2080875,168605,Mapped
2080889,168736,Mapped
2080890,168735,Mapped
2080894,168830,Mapped
2080895,168828,Mapped
2081037,168115,Mapped
2081038,N/A,Unmapped
2081039,N/A,Unmapped
2081040,N/A,Unmapped
2081046,168803,Mapped
2081047,168805,Mapped
2081048,168806,Mapped
2081049,168807,Mapped
2081050,168808,Mapped
2081051,168809,Mapped
2081052,168810,Mapped
2081053,168811,Mapped
2081054,168812,Mapped
2081055,168813,Mapped
2081056,168814,Mapped
2081057,168815,Mapped
2081058,168816,Mapped
2081059,168832,Mapped
2081067,168167,Mapped
2081077,168431,Mapped
2081079,168429,Mapped
2081081,168734,Mapped
2081082,168733,Mapped
2081083,168730,Mapped
2081210,168779,Mapped
2081212,168836,Mapped
2081543,168134,Mapped
2081544,168132,Mapped
2081577,168112,Mapped
2081580,168123,Mapped
2081581,168125,Mapped
2081582,N/A,Unmapped
2081583,N/A,Unmapped
2081584,N/A,Unmapped
2081585,168156,Mapped
2081586,168155,Mapped
2081587,168153,Mapped
2081591,168143,Mapped
2081592,168158,Mapped
2081593,168160,Mapped
2081594,168159,Mapped
2081598,168169,Mapped
2081604,N/A,Unmapped
2081605,N/A,Unmapped
2081606,N/A,Unmapped
2081607,N/A,Unmapped
2081608,N/A,Unmapped
2081609,N/A,Unmapped
2081610,N/A,Unmapped
2081611,N/A,Unmapped
2081612,N/A,Unmapped
2081613,N/A,Unmapped
2081614,N/A,Unmapped
2081615,N/A,Unmapped
2081616,N/A,Unmapped
2081617,N/A,Unmapped
2081618,N/A,Unmapped
2081619,N/A,Unmapped
2081627,168728,Mapped
2081628,168732,Mapped
2081629,168724,Mapped
2081630,168731,Mapped
2081632,168727,Mapped
2081633,168726,Mapped
2081634,168725,Mapped
2081636,168721,Mapped
2081637,168729,Mapped
2081638,168720,Mapped
2081670,168776,Mapped
2081671,168770,Mapped
2081672,168777,Mapped
2082052,N/A,Unmapped
2082073,168151,Mapped
2082077,168669,Mapped
2082078,168668,Mapped
2082079,168667,Mapped
2082080,168666,Mapped
2082081,168664,Mapped
2082082,168662,Mapped
2082083,168663,Mapped
2082084,168660,Mapped
2082085,168658,Mapped
2082086,168657,Mapped
2082087,168656,Mapped
2082088,168655,Mapped
2082089,168716,Mapped
2082090,168416,Mapped
2082091,168579,Mapped
2082092,168438,Mapped
2082093,168418,Mapped
2082097,168654,Mapped
2082098,168653,Mapped
2082099,168651,Mapped
2082100,168652,Mapped
2082101,168650,Mapped
2082102,168649,Mapped
2082103,168648,Mapped
2082104,168647,Mapped
2082126,168646,Mapped
2082128,N/A,Unmapped
2082737,N/A,Unmapped
2082738,N/A,Unmapped
2082739,N/A,Unmapped
2082740,N/A,Unmapped
2082745,168835,Mapped
2082746,168834,Mapped
2082747,168833,Mapped
2082765,168825,Mapped
2083074,N/A,Unmapped
2083075,N/A,Unmapped
2084619,N/A,Unmapped
2084620,N/A,Unmapped
2084623,N/A,Unmapped
2084645,N/A,Unmapped
2084711,N/A,Unmapped
2084712,N/A,Unmapped
2084732,N/A,Unmapped
2084733,N/A,Unmapped
2084803,N/A,Unmapped
2084804,N/A,Unmapped
2084805,N/A,Unmapped
2084810,N/A,Unmapped
2084811,N/A,Unmapped
2084812,N/A,Unmapped
2084813,N/A,Unmapped
2084814,N/A,Unmapped
2084856,N/A,Unmapped
2084857,N/A,Unmapped
2084858,N/A,Unmapped
2084859,N/A,Unmapped
2084860,N/A,Unmapped
2084861,N/A,Unmapped
2084862,N/A,Unmapped
2084865,N/A,Unmapped
2084866,N/A,Unmapped
2084867,N/A,Unmapped
2084872,N/A,Unmapped
2084875,N/A,Unmapped
2085086,N/A,Unmapped
2085087,N/A,Unmapped
2085092,N/A,Unmapped
2085093,N/A,Unmapped
2085094,N/A,Unmapped
2085095,N/A,Unmapped
2085096,N/A,Unmapped
2085097,N/A,Unmapped
2085098,N/A,Unmapped
2085099,N/A,Unmapped
2085100,N/A,Unmapped
2085101,N/A,Unmapped
2085102,N/A,Unmapped
2085106,N/A,Unmapped
2085107,N/A,Unmapped
2085109,N/A,Unmapped
2085113,N/A,Unmapped
2085117,N/A,Unmapped
2085120,N/A,Unmapped
2085121,N/A,Unmapped
2085122,N/A,Unmapped
2085123,N/A,Unmapped
2085124,N/A,Unmapped
2085131,N/A,Unmapped
2085132,N/A,Unmapped
2085135,N/A,Unmapped
2085137,N/A,Unmapped
2085138,N/A,Unmapped
2085141,N/A,Unmapped
2085142,N/A,Unmapped
2085588,N/A,Unmapped
2085589,N/A,Unmapped
2085590,N/A,Unmapped
2085591,N/A,Unmapped
2085592,N/A,Unmapped
2085593,N/A,Unmapped
2085594,N/A,Unmapped
2085595,N/A,Unmapped
2085596,N/A,Unmapped
2085597,N/A,Unmapped
2085598,N/A,Unmapped
2085599,N/A,Unmapped
2085600,N/A,Unmapped
2085601,N/A,Unmapped
2085602,N/A,Unmapped
2085603,N/A,Unmapped
2085604,N/A,Unmapped
2085607,N/A,Unmapped
2085609,N/A,Unmapped
2085611,N/A,Unmapped
2085614,N/A,Unmapped
2085650,N/A,Unmapped
2085652,N/A,Unmapped
2085653,N/A,Unmapped
2085654,N/A,Unmapped
2085655,N/A,Unmapped
2085656,N/A,Unmapped
2085658,N/A,Unmapped
2085688,N/A,Unmapped
2085689,N/A,Unmapped
2085729,N/A,Unmapped
2085730,N/A,Unmapped
2085732,N/A,Unmapped
2085733,N/A,Unmapped
2085734,N/A,Unmapped
2085737,N/A,Unmapped
2086094,N/A,Unmapped
2086150,N/A,Unmapped
2086162,N/A,Unmapped
2086163,N/A,Unmapped
2086164,N/A,Unmapped
2086173,N/A,Unmapped
2086183,N/A,Unmapped
2086184,N/A,Unmapped
2086185,N/A,Unmapped
2086186,N/A,Unmapped
2086187,N/A,Unmapped
2086188,N/A,Unmapped
2086189,N/A,Unmapped
2086190,N/A,Unmapped
2086191,N/A,Unmapped
2086193,N/A,Unmapped
2086194,N/A,Unmapped
2086195,N/A,Unmapped
2086196,N/A,Unmapped
2086211,N/A,Unmapped
2086212,N/A,Unmapped
2086213,N/A,Unmapped
2086214,N/A,Unmapped
2086215,N/A,Unmapped
2086216,N/A,Unmapped
2086217,N/A,Unmapped
2086218,N/A,Unmapped
2086219,N/A,Unmapped
2086220,N/A,Unmapped
2086221,N/A,Unmapped
2086222,N/A,Unmapped
2086223,N/A,Unmapped
2086224,N/A,Unmapped
2086225,N/A,Unmapped
2086226,N/A,Unmapped
2086228,N/A,Unmapped
2086229,N/A,Unmapped
2086230,N/A,Unmapped
2086231,N/A,Unmapped
2086619,N/A,Unmapped
2086620,N/A,Unmapped
2086621,N/A,Unmapped
2086622,N/A,Unmapped
2086623,N/A,Unmapped
2086624,N/A,Unmapped
2086625,N/A,Unmapped
2086627,N/A,Unmapped
2086628,N/A,Unmapped
2086629,N/A,Unmapped
2086632,N/A,Unmapped
2086633,N/A,Unmapped
2086634,N/A,Unmapped
2086635,N/A,Unmapped
2086636,N/A,Unmapped
2086637,N/A,Unmapped
2086640,N/A,Unmapped
2086641,N/A,Unmapped
2086642,N/A,Unmapped
2086643,N/A,Unmapped
2086644,N/A,Unmapped
2086645,N/A,Unmapped
2086646,N/A,Unmapped
2086647,N/A,Unmapped
2086648,N/A,Unmapped
2086702,N/A,Unmapped
2086703,N/A,Unmapped
2087035,N/A,Unmapped
2087042,N/A,Unmapped
2087044,N/A,Unmapped
2087045,N/A,Unmapped
2087046,N/A,Unmapped
2087055,N/A,Unmapped
2087083,N/A,Unmapped
2087084,N/A,Unmapped
2087091,N/A,Unmapped
2087092,N/A,Unmapped
2087096,N/A,Unmapped
2087097,N/A,Unmapped
2087535,N/A,Unmapped
2087536,N/A,Unmapped
2087538,N/A,Unmapped
2087539,N/A,Unmapped
2087540,N/A,Unmapped
2087541,N/A,Unmapped
2087542,N/A,Unmapped
2087543,N/A,Unmapped
2087545,N/A,Unmapped
2087548,N/A,Unmapped
2087549,N/A,Unmapped
2087550,N/A,Unmapped
2088307,N/A,Unmapped
2088308,N/A,Unmapped
2088309,N/A,Unmapped
2088310,N/A,Unmapped
2088316,N/A,Unmapped
2088317,N/A,Unmapped
2088318,N/A,Unmapped
2088570,N/A,Unmapped
219042,6527,Mapped
219047,6528,Mapped
220583,5909,Mapped
221387,28978,Mapped
221389,28980,Mapped
221390,28981,Mapped
222109,28869,Mapped
222113,8565,Mapped
222115,8560,Mapped
222119,8630,Mapped
222122,22388,Mapped
222123,13333,Mapped
222124,28870,Mapped
222125,13327,Mapped
222126,28984,Mapped
222196,8433,Mapped
222222,165851,Mapped
222227,8558,Mapped
224018,7795,Mapped
224019,7794,Mapped
227572,8488,Mapped
227577,8487,Mapped
238813,28992,Mapped
241545,7763,Mapped
244751,8570,Mapped
244804,6157,Mapped
245301,8949,Mapped
245302,8948,Mapped
245380,22841,Mapped
245405,22850,Mapped
245455,28997,Mapped
245458,9061,Mapped
245543,22780,Mapped
245677,9235,Mapped
245679,9234,Mapped
245680,9233,Mapped
245681,9236,Mapped
245682,9231,Mapped
245683,9232,Mapped
245698,9256,Mapped
245699,9253,Mapped
245700,9254,Mapped
245931,92247,Mapped
246041,92249,Mapped
254281,N/A,Unmapped
254302,N/A,Unmapped
254382,N/A,Unmapped
254390,N/A,Unmapped
254397,N/A,Unmapped
254403,29000,Mapped
254408,N/A,Unmapped
254410,N/A,Unmapped
254422,N/A,Unmapped
254428,N/A,Unmapped
254444,92246,Mapped
254451,N/A,Unmapped
254462,103658,Mapped
254467,29004,Mapped
254487,N/A,Unmapped
254491,N/A,Unmapped
254502,N/A,Unmapped
254518,N/A,Unmapped
254537,92255,Mapped
254540,92256,Mapped
254543,N/A,Unmapped
254561,N/A,Unmapped
254568,N/A,Unmapped
254576,N/A,Unmapped
254595,N/A,Unmapped
254605,N/A,Unmapped
254611,N/A,Unmapped
254676,N/A,Unmapped
254711,N/A,Unmapped
254729,9247,Mapped
254765,22957,Mapped
254768,22959,Mapped
254793,19541,Mapped
254803,19542,Mapped
254814,3710,Mapped
254822,29017,Mapped
254828,3709,Mapped
254834,8938,Mapped
254839,159288,Mapped
254840,159289,Mapped
254849,3761,Mapped
254867,22829,Mapped
254874,9058,Mapped
254877,9054,Mapped
254878,9055,Mapped
254882,22815,Mapped
254889,9012,Mapped
254896,9019,Mapped
254922,9056,Mapped
254947,9039,Mapped
254956,9017,Mapped
254957,9018,Mapped
254959,159290,Mapped
254984,9059,Mapped
254985,22794,Mapped
254990,9114,Mapped
254991,9116,Mapped
254995,22800,Mapped
254996,207,Mapped
255006,9052,Mapped
255010,22795,Mapped
255011,22796,Mapped
255012,9053,Mapped
255022,22954,Mapped
255059,164682,Mapped
255081,22830,Mapped
255096,22867,Mapped
255138,N/A,Unmapped
255139,N/A,Unmapped
255166,9159,Mapped
255167,9160,Mapped
255175,9161,Mapped
255176,9162,Mapped
255177,9163,Mapped
255178,9164,Mapped
255190,9165,Mapped
255191,N/A,Unmapped
255193,N/A,Unmapped
255201,N/A,Unmapped
255202,N/A,Unmapped
255203,N/A,Unmapped
255217,44,Mapped
255218,1396,Mapped
255222,1397,Mapped
255223,14623,Mapped
255239,1381,Mapped
255246,1400,Mapped
255247,1399,Mapped
255254,1365,Mapped
255258,1373,Mapped
255262,1403,Mapped
255276,1044,Mapped
255285,1404,Mapped
255318,166569,Mapped
255326,158731,Mapped
255334,166571,Mapped
255342,1383,Mapped
255344,1406,Mapped
255347,35,Mapped
255348,1258,Mapped
255349,29021,Mapped
255357,1374,Mapped
255454,8,Mapped
255458,22120,Mapped
255474,8298,Mapped
255478,8159,Mapped
255540,8299,Mapped
255541,8300,Mapped
255543,7310,Mapped
255544,7313,Mapped
255545,7314,Mapped
255546,7315,Mapped
255549,7316,Mapped
255550,7312,Mapped
255678,7359,Mapped
255679,160,Mapped
255844,7575,Mapped
255938,7629,Mapped
255969,8168,Mapped
255976,22022,Mapped
255977,22023,Mapped
255993,8150,Mapped
256008,8001,Mapped
256010,8002,Mapped
256035,7791,Mapped
256039,7764,Mapped
256050,166,Mapped
256052,7636,Mapped
256053,7637,Mapped
256058,7641,Mapped
256060,7642,Mapped
256155,8306,Mapped
256208,7876,Mapped
256210,7877,Mapped
256254,21806,Mapped
256269,7941,Mapped
256289,21990,Mapped
256311,21989,Mapped
256504,8078,Mapped
256511,8079,Mapped
256515,7811,Mapped
256520,8157,Mapped
256521,8151,Mapped
256523,8156,Mapped
256524,22222,Mapped
256527,8201,Mapped
256535,8198,Mapped
256556,22223,Mapped
256564,7670,Mapped
256571,8110,Mapped
256580,8119,Mapped
256637,7759,Mapped
256640,7694,Mapped
256666,21960,Mapped
256668,21959,Mapped
256669,21958,Mapped
256676,8294,Mapped
256720,8206,Mapped
256723,22213,Mapped
256732,7913,Mapped
256746,22137,Mapped
256748,8213,Mapped
256749,8214,Mapped
256760,8215,Mapped
256834,21769,Mapped
256902,7647,Mapped
256903,7674,Mapped
256915,22142,Mapped
258510,29027,Mapped
258671,29028,Mapped
258783,14850,Mapped
258794,14884,Mapped
259029,12920,Mapped
259228,12910,Mapped
259312,12902,Mapped
259516,5242,Mapped
259524,29032,Mapped
259525,29033,Mapped
259559,14880,Mapped
260281,N/A,Unmapped
260343,N/A,Unmapped
260346,N/A,Unmapped
260348,N/A,Unmapped
260349,N/A,Unmapped
260351,N/A,Unmapped
260352,N/A,Unmapped
260371,N/A,Unmapped
260373,N/A,Unmapped
260394,N/A,Unmapped
260395,N/A,Unmapped
260397,N/A,Unmapped
260406,N/A,Unmapped
260409,N/A,Unmapped
260418,N/A,Unmapped
260426,N/A,Unmapped
260430,N/A,Unmapped
260431,N/A,Unmapped
260435,N/A,Unmapped
260445,N/A,Unmapped
260461,5821,Mapped
260475,29036,Mapped
260480,18797,Mapped
260489,5828,Mapped
260492,5829,Mapped
260497,5830,Mapped
260515,5831,Mapped
260518,5832,Mapped
260538,5835,Mapped
260539,5836,Mapped
260540,159267,Mapped
260543,29037,Mapped
260559,5840,Mapped
260573,N/A,Unmapped
260574,5841,Mapped
260579,5844,Mapped
260589,19061,Mapped
260593,5849,Mapped
260596,159269,Mapped
260602,5848,Mapped
260607,N/A,Unmapped
260612,5850,Mapped
260618,5851,Mapped
260619,18838,Mapped
260621,5853,Mapped
260626,5854,Mapped
260627,18824,Mapped
260630,5856,Mapped
260640,19065,Mapped
260641,5857,Mapped
260654,18859,Mapped
260662,5689,Mapped
260675,5673,Mapped
260676,19055,Mapped
260678,5681,Mapped
260685,5676,Mapped
260686,5682,Mapped
260687,5697,Mapped
260692,5696,Mapped
260695,5694,Mapped
260698,5683,Mapped
260699,5699,Mapped
260702,5685,Mapped
260704,5692,Mapped
260706,5677,Mapped
260709,5679,Mapped
260711,5688,Mapped
260713,5693,Mapped
260717,5678,Mapped
260718,5680,Mapped
260725,19068,Mapped
260727,5861,Mapped
260774,5862,Mapped
260779,N/A,Unmapped
260783,5863,Mapped
260784,5864,Mapped
260789,18905,Mapped
260795,19022,Mapped
260796,18868,Mapped
260798,18791,Mapped
260799,19023,Mapped
260800,157928,Mapped
260812,71806,Mapped
260813,54349,Mapped
260814,N/A,Unmapped
260818,5867,Mapped
260821,18931,Mapped
260822,N/A,Unmapped
260834,132746,Mapped
260840,N/A,Unmapped
260900,N/A,Unmapped
260922,111,Mapped
260958,5722,Mapped
260963,N/A,Unmapped
260965,5724,Mapped
260985,29043,Mapped
260991,103323,Mapped
260993,29044,Mapped
261029,N/A,Unmapped
261030,18952,Mapped
261044,5872,Mapped
261046,5873,Mapped
261047,5874,Mapped
261068,5875,Mapped
261071,N/A,Unmapped
261074,5876,Mapped
261124,5877,Mapped
261125,29050,Mapped
261130,5878,Mapped
261140,5881,Mapped
261152,N/A,Unmapped
261158,19064,Mapped
261162,N/A,Unmapped
261169,N/A,Unmapped
261172,N/A,Unmapped
261177,5882,Mapped
261179,18894,Mapped
261187,5883,Mapped
261238,5884,Mapped
261241,29052,Mapped
261255,N/A,Unmapped
261265,N/A,Unmapped
261275,131494,Mapped
261284,5890,Mapped
261296,5891,Mapped
261298,29053,Mapped
261302,N/A,Unmapped
261328,18924,Mapped
261331,18790,Mapped
261336,18970,Mapped
261343,5904,Mapped
261350,5906,Mapped
261354,19087,Mapped
261357,18796,Mapped
261626,17915,Mapped
261794,N/A,Unmapped
261822,N/A,Unmapped
261831,N/A,Unmapped
261975,N/A,Unmapped
262003,164667,Mapped
263101,300,Mapped
263103,328,Mapped
263111,281,Mapped
263114,284,Mapped
263117,313,Mapped
263124,12,Mapped
263126,287,Mapped
263127,288,Mapped
263128,286,Mapped
263133,326,Mapped
263135,299,Mapped
263137,301,Mapped
263138,302,Mapped
263139,29061,Mapped
263140,329,Mapped
263141,330,Mapped
263142,29062,Mapped
263144,17657,Mapped
263150,306,Mapped
263155,334,Mapped
263159,381,Mapped
263160,382,Mapped
263173,21736,Mapped
263181,21721,Mapped
263187,21659,Mapped
263191,17515,Mapped
263196,380,Mapped
263198,378,Mapped
263202,61883,Mapped
263216,391,Mapped
263220,394,Mapped
263227,395,Mapped
263228,498,Mapped
263231,494,Mapped
263234,29064,Mapped
263238,29065,Mapped
263246,17662,Mapped
263282,383,Mapped
263310,61885,Mapped
263311,413,Mapped
263312,411,Mapped
263316,55880,Mapped
263323,416,Mapped
263326,419,Mapped
263327,29068,Mapped
263345,397,Mapped
263346,399,Mapped
263349,61886,Mapped
263350,29070,Mapped
263356,428,Mapped
263357,426,Mapped
263362,61888,Mapped
263369,429,Mapped
263372,431,Mapped
263375,61889,Mapped
263414,377,Mapped
263424,17566,Mapped
263427,434,Mapped
263433,435,Mapped
263440,29071,Mapped
263465,21729,Mapped
263471,29072,Mapped
263481,11291,Mapped
263486,11215,Mapped
263528,29073,Mapped
263541,11320,Mapped
263552,11325,Mapped
263556,N/A,Unmapped
263568,11327,Mapped
263580,11324,Mapped
263582,11323,Mapped
263585,11284,Mapped
263608,11243,Mapped
263609,11244,Mapped
263611,11236,Mapped
263612,11246,Mapped
263658,11305,Mapped
263665,11341,Mapped
263680,17670,Mapped
263682,24692,Mapped
263687,11389,Mapped
263698,25421,Mapped
263699,11397,Mapped
263712,100524,Mapped
263714,11422,Mapped
263715,24868,Mapped
263716,11427,Mapped
263719,24823,Mapped
263720,24824,Mapped
263722,24689,Mapped
263724,24685,Mapped
263727,24691,Mapped
263728,45098,Mapped
263732,24683,Mapped
263733,24687,Mapped
263750,29080,Mapped
263751,29081,Mapped
263754,29082,Mapped
263773,21590,Mapped
263775,21595,Mapped
263777,21561,Mapped
263787,11405,Mapped
263792,12399,Mapped
263796,106330,Mapped
263802,29083,Mapped
263804,17503,Mapped
263813,21727,Mapped
263836,21529,Mapped
263841,29086,Mapped
263847,29088,Mapped
263852,29090,Mapped
263862,21632,Mapped
263865,57994,Mapped
263868,21728,Mapped
263880,21704,Mapped
263883,29098,Mapped
263887,29099,Mapped
263888,21628,Mapped
263891,21722,Mapped
263895,60356,Mapped
263900,21568,Mapped
263904,21718,Mapped
263911,21641,Mapped
263923,29105,Mapped
263924,29106,Mapped
263926,21661,Mapped
263927,21658,Mapped
263928,21660,Mapped
263929,29108,Mapped
263930,75591,Mapped
263945,21521,Mapped
263956,21562,Mapped
264003,862,Mapped
264058,270,Mapped
264059,12070,Mapped
264061,12072,Mapped
264065,12073,Mapped
264087,12053,Mapped
264089,12078,Mapped
264090,12079,Mapped
264091,12080,Mapped
264099,11360,Mapped
264109,11379,Mapped
264112,25045,Mapped
264129,21606,Mapped
264130,21605,Mapped
264149,12569,Mapped
264150,21663,Mapped
264152,21662,Mapped
264179,29111,Mapped
264190,29112,Mapped
264191,21614,Mapped
264207,25435,Mapped
264212,12672,Mapped
264213,12674,Mapped
264230,12123,Mapped
264234,12127,Mapped
264240,12130,Mapped
264241,12129,Mapped
264245,60358,Mapped
264247,29116,Mapped
264250,12126,Mapped
264251,12696,Mapped
264257,29118,Mapped
264258,29119,Mapped
264259,12131,Mapped
264260,12698,Mapped
264263,21577,Mapped
264264,29120,Mapped
264266,21578,Mapped
264267,12133,Mapped
264268,12132,Mapped
264278,57995,Mapped
264280,29122,Mapped
264287,12699,Mapped
264291,97944,Mapped
264295,21575,Mapped
264321,16206,Mapped
264340,1435,Mapped
264343,13591,Mapped
264368,1424,Mapped
264380,1439,Mapped
264381,16466,Mapped
264391,1456,Mapped
264409,1440,Mapped
264410,16467,Mapped
264425,16480,Mapped
264445,3430,Mapped
264452,2308,Mapped
264465,62143,Mapped
264540,1573,Mapped
264573,1574,Mapped
264577,1598,Mapped
264578,16419,Mapped
264583,16110,Mapped
264584,1621,Mapped
264585,1622,Mapped
264587,1576,Mapped
264594,1628,Mapped
264598,1629,Mapped
264603,1626,Mapped
264648,16738,Mapped
264649,1634,Mapped
264651,16095,Mapped
264687,2686,Mapped
264700,3256,Mapped
264701,3257,Mapped
264744,1886,Mapped
264746,1887,Mapped
264751,1645,Mapped
264756,1641,Mapped
264757,15370,Mapped
264758,1644,Mapped
264763,1647,Mapped
264767,1638,Mapped
264768,1639,Mapped
264809,1758,Mapped
264810,1750,Mapped
264812,1782,Mapped
264813,1784,Mapped
264814,1781,Mapped
264821,1746,Mapped
264825,1753,Mapped
264905,15383,Mapped
264949,15547,Mapped
264954,70,Mapped
264981,2419,Mapped
264982,2380,Mapped
264983,2294,Mapped
264984,2295,Mapped
265008,16075,Mapped
265015,16301,Mapped
265024,1671,Mapped
265028,1686,Mapped
265032,1699,Mapped
265044,1702,Mapped
265047,1701,Mapped
265054,17004,Mapped
265062,16999,Mapped
265064,29129,Mapped
265083,16964,Mapped
265085,1700,Mapped
265103,1734,Mapped
265105,1730,Mapped
265113,1735,Mapped
265114,1736,Mapped
265130,15713,Mapped
265139,15706,Mapped
265205,2420,Mapped
265210,2296,Mapped
265211,16313,Mapped
265213,2298,Mapped
265220,16215,Mapped
265221,2520,Mapped
265230,15549,Mapped
265263,15398,Mapped
265265,1853,Mapped
265337,1867,Mapped
265360,1884,Mapped
265372,93082,Mapped
265379,3577,Mapped
265380,3578,Mapped
265389,12260,Mapped
265411,16286,Mapped
265441,15540,Mapped
265449,83590,Mapped
265452,2713,Mapped
265453,2714,Mapped
265463,2743,Mapped
265466,2742,Mapped
265467,2740,Mapped
265469,12276,Mapped
265472,12277,Mapped
265484,59,Mapped
265529,2400,Mapped
265531,2401,Mapped
265532,15434,Mapped
265549,2371,Mapped
265550,2300,Mapped
265553,2423,Mapped
265554,2372,Mapped
265556,2302,Mapped
265565,4386,Mapped
265601,2198,Mapped
265602,2200,Mapped
265689,16594,Mapped
265694,4416,Mapped
265695,4417,Mapped
265701,2457,Mapped
265703,2459,Mapped
265704,2458,Mapped
265705,11639,Mapped
265707,11627,Mapped
265714,2481,Mapped
265717,2482,Mapped
265718,2484,Mapped
265719,2483,Mapped
265753,29131,Mapped
265758,2374,Mapped
265760,2305,Mapped
265764,2304,Mapped
265765,2422,Mapped
265783,15554,Mapped
265789,2291,Mapped
265795,2368,Mapped
265797,2369,Mapped
265810,2334,Mapped
265812,2450,Mapped
265813,17024,Mapped
265825,2340,Mapped
265831,2384,Mapped
265892,15671,Mapped
265906,16424,Mapped
265912,3312,Mapped
265913,3311,Mapped
265915,3308,Mapped
265932,16371,Mapped
265933,16377,Mapped
265942,2688,Mapped
265991,15674,Mapped
265993,15666,Mapped
265994,15667,Mapped
266004,2309,Mapped
266029,4271,Mapped
266031,4273,Mapped
266032,4272,Mapped
266036,4289,Mapped
266037,4279,Mapped
266038,4288,Mapped
266039,4287,Mapped
266040,4286,Mapped
266042,16588,Mapped
266069,3502,Mapped
266071,3512,Mapped
266072,3513,Mapped
266073,16162,Mapped
266074,3504,Mapped
266075,3505,Mapped
266076,3506,Mapped
266077,3511,Mapped
266080,3509,Mapped
266081,3510,Mapped
266082,16165,Mapped
266092,16157,Mapped
266112,17562,Mapped
266137,3408,Mapped
266141,3353,Mapped
266179,3360,Mapped
266192,3295,Mapped
266196,16039,Mapped
266205,2381,Mapped
266210,2314,Mapped
266318,2691,Mapped
266319,2692,Mapped
266320,4260,Mapped
266324,2744,Mapped
266331,17147,Mapped
266341,2746,Mapped
266343,4247,Mapped
266360,15486,Mapped
266363,2310,Mapped
266365,2317,Mapped
266456,4360,Mapped
266576,4349,Mapped
266578,4350,Mapped
266620,15389,Mapped
266642,16183,Mapped
266664,4375,Mapped
266665,4376,Mapped
266687,16361,Mapped
266726,2428,Mapped
266808,58,Mapped
266909,15544,Mapped
266947,2497,Mapped
266948,2496,Mapped
266968,12552,Mapped
266976,16507,Mapped
266979,4248,Mapped
267012,2696,Mapped
267013,2697,Mapped
267079,29149,Mapped
267080,16216,Mapped
267085,2488,Mapped
267106,2388,Mapped
267107,2318,Mapped
267112,29150,Mapped
267216,16318,Mapped
267217,2431,Mapped
267221,2321,Mapped
267236,3345,Mapped
267239,3351,Mapped
267241,15373,Mapped
267243,3350,Mapped
267253,3284,Mapped
267271,16973,Mapped
267296,12574,Mapped
267310,16272,Mapped
267312,16273,Mapped
267313,16274,Mapped
267328,3372,Mapped
267331,15888,Mapped
267345,3381,Mapped
267413,3402,Mapped
267437,3296,Mapped
267454,2322,Mapped
267477,16574,Mapped
267480,16575,Mapped
267502,2204,Mapped
267505,2209,Mapped
267507,2208,Mapped
267510,2207,Mapped
267513,2698,Mapped
267553,2324,Mapped
267557,2325,Mapped
267558,2327,Mapped
267564,2432,Mapped
267569,2394,Mapped
267577,2447,Mapped
267579,17023,Mapped
267582,3436,Mapped
267587,3434,Mapped
267590,2748,Mapped
267592,2717,Mapped
267594,15550,Mapped
267601,2747,Mapped
267615,2434,Mapped
267616,2329,Mapped
267617,2331,Mapped
267620,2397,Mapped
267624,2396,Mapped
267626,2330,Mapped
267627,2433,Mapped
267628,2306,Mapped
267629,2448,Mapped
267639,3515,Mapped
267640,16151,Mapped
267658,3467,Mapped
267662,3521,Mapped
267674,3518,Mapped
267676,3524,Mapped
267682,3501,Mapped
267686,3519,Mapped
267704,3462,Mapped
267712,3545,Mapped
267720,3546,Mapped
267724,3464,Mapped
267739,3538,Mapped
267756,16451,Mapped
267767,3547,Mapped
267772,3549,Mapped
267776,3491,Mapped
267779,15490,Mapped
267785,3548,Mapped
267802,3556,Mapped
267803,122903,Mapped
267804,108796,Mapped
267815,155723,Mapped
267817,3516,Mapped
267819,3517,Mapped
267821,3522,Mapped
267823,3527,Mapped
267850,3453,Mapped
267857,16156,Mapped
267872,16056,Mapped
267873,16057,Mapped
267899,16586,Mapped
267924,3420,Mapped
267947,3429,Mapped
267953,3440,Mapped
267955,3438,Mapped
267957,3442,Mapped
267967,3534,Mapped
267972,15972,Mapped
267985,3999,Mapped
268022,55104,Mapped
268023,29151,Mapped
268024,4428,Mapped
268025,19470,Mapped
268043,3615,Mapped
268084,53255,Mapped
268105,19444,Mapped
268106,19445,Mapped
268116,60361,Mapped
268142,19165,Mapped
268159,19604,Mapped
268161,29154,Mapped
268167,19606,Mapped
268169,19605,Mapped
268212,3795,Mapped
268220,19441,Mapped
268244,3788,Mapped
268247,19352,Mapped
268267,3789,Mapped
268269,19338,Mapped
268340,3837,Mapped
268344,3840,Mapped
268346,3839,Mapped
268349,19447,Mapped
268353,19448,Mapped
268354,19454,Mapped
268363,19216,Mapped
268364,3800,Mapped
268367,55106,Mapped
268585,3673,Mapped
268609,19378,Mapped
268612,3646,Mapped
268844,3679,Mapped
268847,19295,Mapped
268855,3680,Mapped
268862,3684,Mapped
268921,19296,Mapped
268966,3703,Mapped
268972,3704,Mapped
268975,3734,Mapped
269006,19626,Mapped
269009,3711,Mapped
269021,19183,Mapped
269026,3712,Mapped
269030,19184,Mapped
269033,19190,Mapped
269035,19189,Mapped
269087,3729,Mapped
269094,3733,Mapped
269096,3732,Mapped
269152,4431,Mapped
269159,4441,Mapped
269160,4442,Mapped
269292,3928,Mapped
269296,154316,Mapped
269303,3929,Mapped
269305,3931,Mapped
269307,3963,Mapped
269313,3933,Mapped
269323,19407,Mapped
269339,3949,Mapped
269350,3937,Mapped
269405,4035,Mapped
269410,4034,Mapped
269419,3981,Mapped
269446,3870,Mapped
269447,3869,Mapped
269469,19436,Mapped
269474,4074,Mapped
269489,3872,Mapped
269554,4179,Mapped
269555,4180,Mapped
269572,4175,Mapped
269577,4174,Mapped
269582,19103,Mapped
269583,19105,Mapped
269584,19104,Mapped
269587,19129,Mapped
269593,19199,Mapped
269600,4006,Mapped
269606,3863,Mapped
269718,3820,Mapped
269719,19453,Mapped
269741,3821,Mapped
269800,3835,Mapped
269833,19442,Mapped
269836,19440,Mapped
269837,29157,Mapped
269847,19438,Mapped
269848,19439,Mapped
269881,19485,Mapped
269917,19600,Mapped
269928,104087,Mapped
269956,104085,Mapped
269958,104077,Mapped
270012,1525,Mapped
270167,1547,Mapped
270168,1542,Mapped
270169,1978,Mapped
270174,1541,Mapped
270180,1980,Mapped
270195,1554,Mapped
270196,1553,Mapped
270209,65544,Mapped
270230,1981,Mapped
270241,1988,Mapped
270264,5819,Mapped
270273,161644,Mapped
270275,1990,Mapped
270310,2582,Mapped
270336,15687,Mapped
270343,1631,Mapped
270353,1845,Mapped
270356,14584,Mapped
270357,14585,Mapped
270358,1960,Mapped
270365,1658,Mapped
270431,1996,Mapped
270437,1997,Mapped
270439,1998,Mapped
270443,95317,Mapped
270444,14333,Mapped
270462,3829,Mapped
270478,2141,Mapped
270479,2084,Mapped
270480,2000,Mapped
270482,14535,Mapped
270488,2562,Mapped
270490,2583,Mapped
270491,2584,Mapped
270506,24128,Mapped
270508,10478,Mapped
270513,2001,Mapped
270615,3739,Mapped
270617,3738,Mapped
270625,2004,Mapped
270638,2007,Mapped
270645,3767,Mapped
270660,16259,Mapped
270664,2011,Mapped
270666,2010,Mapped
270719,16287,Mapped
270722,16289,Mapped
270723,16288,Mapped
270799,3995,Mapped
270800,3997,Mapped
270801,3983,Mapped
270844,2017,Mapped
270860,4421,Mapped
270872,2019,Mapped
270897,3176,Mapped
270898,3177,Mapped
270909,3600,Mapped
270939,2613,Mapped
270956,3994,Mapped
270957,3985,Mapped
271013,29167,Mapped
271062,4216,Mapped
271083,4254,Mapped
271085,4253,Mapped
271086,4255,Mapped
271089,15593,Mapped
271094,15802,Mapped
271103,20526,Mapped
271145,2091,Mapped
271172,2636,Mapped
271173,2634,Mapped
271178,2639,Mapped
271192,2023,Mapped
271204,2085,Mapped
271205,2142,Mapped
271210,2684,Mapped
271320,153339,Mapped
271327,2768,Mapped
271503,2809,Mapped
271515,14288,Mapped
271524,2819,Mapped
271527,29171,Mapped
271528,2836,Mapped
271533,2867,Mapped
271558,2869,Mapped
271559,2868,Mapped
271564,18273,Mapped
271565,18272,Mapped
271566,2885,Mapped
271567,2884,Mapped
271568,18271,Mapped
271570,2917,Mapped
271571,2918,Mapped
271578,14334,Mapped
271617,75209,Mapped
271640,14481,Mapped
271656,2033,Mapped
271657,2032,Mapped
271733,3114,Mapped
271734,3113,Mapped
271819,3201,Mapped
271840,2037,Mapped
271856,151461,Mapped
271857,14582,Mapped
271861,2039,Mapped
271879,2044,Mapped
271880,2042,Mapped
271882,2048,Mapped
271884,2049,Mapped
271886,2047,Mapped
271905,29181,Mapped
271938,2590,Mapped
271939,2591,Mapped
271954,2952,Mapped
271999,1973,Mapped
272001,3191,Mapped
272002,3207,Mapped
272033,3208,Mapped
272034,3209,Mapped
272041,2051,Mapped
272053,1985,Mapped
272058,16536,Mapped
272150,2822,Mapped
272175,2844,Mapped
272178,4423,Mapped
272179,16267,Mapped
272183,16279,Mapped
272184,16260,Mapped
272187,16281,Mapped
272189,16282,Mapped
272191,2849,Mapped
272192,16283,Mapped
272196,2845,Mapped
272243,14367,Mapped
272244,93086,Mapped
272245,2877,Mapped
272246,2878,Mapped
272247,14319,Mapped
272248,2875,Mapped
272249,14318,Mapped
272250,14317,Mapped
272254,2881,Mapped
272283,2900,Mapped
272285,2902,Mapped
272343,2915,Mapped
272424,2810,Mapped
272432,29186,Mapped
272451,1559,Mapped
272452,1560,Mapped
272553,2070,Mapped
272592,2088,Mapped
272599,2090,Mapped
272600,2148,Mapped
272601,2149,Mapped
272680,2593,Mapped
272681,2594,Mapped
272685,1958,Mapped
272695,14297,Mapped
272712,4410,Mapped
272715,9107,Mapped
272720,104082,Mapped
272721,104089,Mapped
272723,4422,Mapped
272743,23789,Mapped
272744,8849,Mapped
272747,8892,Mapped
272748,8880,Mapped
272751,8881,Mapped
272767,53999,Mapped
272773,10029,Mapped
272877,8847,Mapped
272962,9385,Mapped
273000,44461,Mapped
273007,55111,Mapped
273156,55112,Mapped
273264,9504,Mapped
273266,9503,Mapped
273329,9517,Mapped
273332,8673,Mapped
273564,9524,Mapped
273578,196,Mapped
273608,216,Mapped
273660,9522,Mapped
273765,18381,Mapped
273831,9426,Mapped
273837,9459,Mapped
273876,10113,Mapped
273880,10126,Mapped
273911,23556,Mapped
273931,29199,Mapped
273966,23207,Mapped
273967,23208,Mapped
274082,23202,Mapped
274174,44473,Mapped
274176,13701,Mapped
274267,9718,Mapped
274268,9717,Mapped
274269,9716,Mapped
274334,9759,Mapped
274369,9789,Mapped
274426,23462,Mapped
274427,9811,Mapped
274443,9808,Mapped
274585,24101,Mapped
274669,9881,Mapped
274694,29205,Mapped
274708,9888,Mapped
274729,23925,Mapped
274808,9931,Mapped
274910,9852,Mapped
274935,9918,Mapped
274937,9917,Mapped
274982,23068,Mapped
274985,29206,Mapped
275077,23267,Mapped
275080,23783,Mapped
275378,8089,Mapped
275388,11549,Mapped
275413,221,Mapped
275418,9637,Mapped
275420,9640,Mapped
275476,9606,Mapped
275477,23002,Mapped
275610,47724,Mapped
275627,23961,Mapped
275762,8851,Mapped
275763,8850,Mapped
276004,55114,Mapped
276005,44464,Mapped
276012,44463,Mapped
276014,8895,Mapped
276089,29230,Mapped
276090,29231,Mapped
276091,29232,Mapped
276111,44467,Mapped
276150,53947,Mapped
276152,163895,Mapped
276523,44474,Mapped
276532,13549,Mapped
276554,10172,Mapped
276746,18382,Mapped
276921,186,Mapped
276942,8547,Mapped
276957,187,Mapped
277031,22428,Mapped
277042,22425,Mapped
277105,8432,Mapped
277107,12176,Mapped
277122,12203,Mapped
277334,6052,Mapped
277335,6051,Mapped
277566,8163,Mapped
277770,29261,Mapped
277808,116124,Mapped
278354,6253,Mapped
278440,166815,Mapped
278601,12732,Mapped
279173,19714,Mapped
279234,19726,Mapped
281375,13057,Mapped
282897,29337,Mapped
283070,29339,Mapped
283895,5069,Mapped
288010,24137,Mapped
288027,10500,Mapped
288314,4938,Mapped
288316,81177,Mapped
288407,4824,Mapped
288428,13151,Mapped
288429,12226,Mapped
288430,13150,Mapped
288431,5105,Mapped
288432,5104,Mapped
288436,4596,Mapped
288437,4598,Mapped
288438,4601,Mapped
288439,12227,Mapped
288440,4600,Mapped
288441,4597,Mapped
288454,46684,Mapped
288455,4884,Mapped
288505,12234,Mapped
288566,12436,Mapped
288567,5422,Mapped
288603,12237,Mapped
288762,4613,Mapped
288763,4625,Mapped
288764,21183,Mapped
288766,21181,Mapped
288767,13256,Mapped
288768,13255,Mapped
288916,4515,Mapped
288957,12246,Mapped
289100,4812,Mapped
289102,4754,Mapped
289130,13130,Mapped
289142,5376,Mapped
289164,4886,Mapped
289165,12228,Mapped
289301,21345,Mapped
289345,5463,Mapped
289448,4534,Mapped
289599,4902,Mapped
289819,29383,Mapped
289826,5442,Mapped
289832,5335,Mapped
289883,44414,Mapped
289884,4949,Mapped
289928,29386,Mapped
289976,13213,Mapped
289978,5338,Mapped
289998,5443,Mapped
289999,5466,Mapped
290009,5288,Mapped
290015,12707,Mapped
290022,5363,Mapped
290024,5365,Mapped
290037,5340,Mapped
290061,5348,Mapped
290120,4546,Mapped
290129,21279,Mapped
291713,5388,Mapped
291736,5402,Mapped
291774,21392,Mapped
291785,4725,Mapped
291960,21199,Mapped
292259,135039,Mapped
292269,5404,Mapped
292275,4591,Mapped
292276,4592,Mapped
292281,4807,Mapped
292282,4809,Mapped
292496,4727,Mapped
292499,4795,Mapped
292545,5296,Mapped
292546,13207,Mapped
292837,5351,Mapped
292884,4749,Mapped
292885,12570,Mapped
292888,12571,Mapped
292915,13312,Mapped
292992,4817,Mapped
293115,4922,Mapped
293117,4920,Mapped
293252,4690,Mapped
293258,4688,Mapped
293262,4692,Mapped
293264,4694,Mapped
293267,4696,Mapped
293934,4841,Mapped
294172,11919,Mapped
294174,12002,Mapped
294177,24723,Mapped
294178,24724,Mapped
294179,24725,Mapped
294193,24927,Mapped
294201,11885,Mapped
294214,11868,Mapped
294218,24978,Mapped
294230,24791,Mapped
294231,24787,Mapped
294238,24794,Mapped
294239,24790,Mapped
294240,24792,Mapped
294246,56734,Mapped
294251,11886,Mapped
294272,24960,Mapped
294273,11888,Mapped
294274,11949,Mapped
294275,11997,Mapped
294276,12022,Mapped
294277,11948,Mapped
294279,12023,Mapped
294282,11889,Mapped
294283,24981,Mapped
294284,24982,Mapped
294286,24979,Mapped
294304,25088,Mapped
294306,25089,Mapped
294307,25084,Mapped
294309,25086,Mapped
294310,25085,Mapped
294313,25168,Mapped
294318,25162,Mapped
294319,25165,Mapped
294320,25163,Mapped
294336,25352,Mapped
294337,25351,Mapped
294339,25350,Mapped
294340,24716,Mapped
294341,12025,Mapped
294349,25030,Mapped
294352,25031,Mapped
294363,11871,Mapped
294364,11873,Mapped
294368,12113,Mapped
294369,12114,Mapped
294372,11896,Mapped
294373,11998,Mapped
294376,12015,Mapped
294377,24892,Mapped
294385,12027,Mapped
294386,12095,Mapped
294388,11895,Mapped
294389,156310,Mapped
294394,24873,Mapped
294398,11898,Mapped
294399,11999,Mapped
294400,12029,Mapped
294420,11900,Mapped
294421,25167,Mapped
294422,12030,Mapped
294444,29421,Mapped
294447,45711,Mapped
294448,24767,Mapped
294488,11865,Mapped
294489,11875,Mapped
294490,11944,Mapped
294491,11941,Mapped
294494,25133,Mapped
294500,25134,Mapped
294502,25136,Mapped
294508,25004,Mapped
294515,25349,Mapped
294519,24619,Mapped
294522,24620,Mapped
294557,25075,Mapped
294558,25077,Mapped
294559,29422,Mapped
294563,25426,Mapped
294565,29423,Mapped
294568,11907,Mapped
294569,25434,Mapped
294570,12009,Mapped
294571,11906,Mapped
294572,25433,Mapped
294573,25429,Mapped
294582,11968,Mapped
294584,11908,Mapped
294585,11960,Mapped
294586,25272,Mapped
294587,25271,Mapped
294588,11961,Mapped
294589,12000,Mapped
294590,12098,Mapped
294592,24602,Mapped
294593,24603,Mapped
294594,24604,Mapped
294595,24601,Mapped
294596,24758,Mapped
294597,24605,Mapped
294598,24757,Mapped
294600,24607,Mapped
294601,24606,Mapped
294602,24759,Mapped
294621,25160,Mapped
294624,25156,Mapped
294625,25151,Mapped
294630,25154,Mapped
294633,29424,Mapped
294634,25159,Mapped
294638,25161,Mapped
294669,25094,Mapped
294680,25353,Mapped
294688,24965,Mapped
294707,11923,Mapped
294708,25061,Mapped
294710,25068,Mapped
294731,11917,Mapped
294732,12003,Mapped
294733,12100,Mapped
294734,11877,Mapped
294735,24964,Mapped
294736,24958,Mapped
294737,24959,Mapped
294740,60369,Mapped
294741,24955,Mapped
294742,24954,Mapped
294751,11866,Mapped
294752,12110,Mapped
294755,12017,Mapped
294756,11918,Mapped
294757,12001,Mapped
294758,12036,Mapped
294759,12101,Mapped
294768,11921,Mapped
294770,11994,Mapped
294771,11881,Mapped
294775,12116,Mapped
294777,24590,Mapped
294778,24596,Mapped
294779,24595,Mapped
294780,24594,Mapped
294781,24593,Mapped
294782,11882,Mapped
294785,45709,Mapped
294799,29429,Mapped
294806,11933,Mapped
294807,12004,Mapped
294809,12042,Mapped
294814,12105,Mapped
294815,24880,Mapped
294822,25043,Mapped
294825,25044,Mapped
294840,12109,Mapped
294841,11925,Mapped
294843,11926,Mapped
294844,11976,Mapped
294845,25003,Mapped
294846,12039,Mapped
294847,25006,Mapped
294848,25005,Mapped
294849,25008,Mapped
294851,11927,Mapped
294852,12040,Mapped
294853,12018,Mapped
294854,60370,Mapped
294856,60371,Mapped
294857,60372,Mapped
294858,60373,Mapped
294860,60374,Mapped
294865,24870,Mapped
294866,55115,Mapped
294868,24869,Mapped
294912,12019,Mapped
294916,11995,Mapped
294931,29430,Mapped
294932,29431,Mapped
294940,24693,Mapped
294942,29432,Mapped
294944,24675,Mapped
294953,11980,Mapped
294954,12044,Mapped
294955,11935,Mapped
294957,11936,Mapped
294958,11981,Mapped
294959,12043,Mapped
294960,25281,Mapped
294961,12107,Mapped
294965,25282,Mapped
294970,103818,Mapped
294974,24814,Mapped
294975,24817,Mapped
294977,24811,Mapped
294978,24812,Mapped
294979,24815,Mapped
294984,149841,Mapped
295101,1016,Mapped
295127,N/A,Unmapped
295146,N/A,Unmapped
295255,93088,Mapped
295257,93089,Mapped
295258,97108,Mapped
295260,96386,Mapped
295324,72516,Mapped
295325,74519,Mapped
295326,72517,Mapped
295327,74520,Mapped
295419,N/A,Unmapped
295579,9181,Mapped
295591,22911,Mapped
295592,9200,Mapped
295608,9202,Mapped
295668,9209,Mapped
295824,8947,Mapped
295848,9042,Mapped
295916,N/A,Unmapped
295937,9092,Mapped
295951,9045,Mapped
295964,N/A,Unmapped
295965,N/A,Unmapped
296060,9276,Mapped
296094,9306,Mapped
296101,N/A,Unmapped
296102,9310,Mapped
296182,N/A,Unmapped
296186,N/A,Unmapped
296190,N/A,Unmapped
296224,N/A,Unmapped
296230,N/A,Unmapped
296234,N/A,Unmapped
296237,N/A,Unmapped
296441,N/A,Unmapped
296634,5815,Mapped
296640,5823,Mapped
296675,5845,Mapped
296681,5753,Mapped
296767,18887,Mapped
297340,N/A,Unmapped
297342,N/A,Unmapped
297358,11053,Mapped
297359,11054,Mapped
297362,121759,Mapped
297365,18652,Mapped
297379,N/A,Unmapped
297400,N/A,Unmapped
297401,10858,Mapped
297402,N/A,Unmapped
297407,10816,Mapped
297408,10815,Mapped
297417,N/A,Unmapped
297419,N/A,Unmapped
297420,N/A,Unmapped
297427,N/A,Unmapped
297432,N/A,Unmapped
297433,N/A,Unmapped
297453,10825,Mapped
297455,10823,Mapped
297485,11056,Mapped
297486,11057,Mapped
298007,N/A,Unmapped
298017,11128,Mapped
298019,11139,Mapped
298020,N/A,Unmapped
298042,11084,Mapped
298047,18650,Mapped
298050,18592,Mapped
298071,N/A,Unmapped
298072,N/A,Unmapped
298073,N/A,Unmapped
298074,N/A,Unmapped
298075,N/A,Unmapped
298080,N/A,Unmapped
298086,11059,Mapped
298134,11191,Mapped
298135,11193,Mapped
298136,11194,Mapped
298143,N/A,Unmapped
298149,N/A,Unmapped
298161,11179,Mapped
298165,11201,Mapped
298167,104066,Mapped
298182,11183,Mapped
298184,11210,Mapped
298185,18596,Mapped
298194,29443,Mapped
298196,6125,Mapped
298242,29444,Mapped
298243,29445,Mapped
298244,29446,Mapped
298282,6582,Mapped
298430,6532,Mapped
298465,6274,Mapped
298496,N/A,Unmapped
299025,6073,Mapped
299027,18200,Mapped
299029,6049,Mapped
299528,12820,Mapped
299564,18229,Mapped
299565,6129,Mapped
299566,6128,Mapped
299575,6130,Mapped
299587,149419,Mapped
299600,29453,Mapped
299879,6135,Mapped
299905,6119,Mapped
299950,138,Mapped
300041,6159,Mapped
300121,18144,Mapped
300122,18145,Mapped
300346,29455,Mapped
300347,29456,Mapped
300607,6116,Mapped
300765,6530,Mapped
300766,6526,Mapped
300770,18210,Mapped
300778,6531,Mapped
300894,6305,Mapped
300895,6275,Mapped
300951,6143,Mapped
300997,6244,Mapped
301007,6242,Mapped
301009,12806,Mapped
301050,6145,Mapped
301052,6144,Mapped
301053,132941,Mapped
301100,6147,Mapped
301381,6148,Mapped
301486,6245,Mapped
301505,6152,Mapped
301510,6153,Mapped
301523,6154,Mapped
301541,6126,Mapped
301649,6158,Mapped
302031,6566,Mapped
302033,6164,Mapped
302037,12818,Mapped
302038,12819,Mapped
302331,11189,Mapped
302348,2735,Mapped
302349,2745,Mapped
302351,1495,Mapped
302353,1496,Mapped
302355,1497,Mapped
302356,1498,Mapped
302385,14465,Mapped
302458,3178,Mapped
302462,3239,Mapped
302474,3179,Mapped
302475,3180,Mapped
302479,3240,Mapped
302487001,6962,Mapped
302499,6636,Mapped
302509,6644,Mapped
302511,6649,Mapped
302513,6648,Mapped
302515,6650,Mapped
302516,6651,Mapped
302541001,1171,Mapped
302541002,1173,Mapped
302541005,1170,Mapped
302608,165757,Mapped
302653,1215,Mapped
302665,34,Mapped
302667,56741,Mapped
302668,88147,Mapped
302670,88148,Mapped
302671,88149,Mapped
302672,6663,Mapped
302673,6657,Mapped
302674,6659,Mapped
302675,6660,Mapped
302676,6662,Mapped
302679,6677,Mapped
302680,6678,Mapped
302682,6679,Mapped
302683,6682,Mapped
302687,6674,Mapped
302689,6680,Mapped
302699004,595,Mapped
302750001,6769,Mapped
302750003,6768,Mapped
302750006,6766,Mapped
302764,6787,Mapped
302766,6692,Mapped
302768,6695,Mapped
302773,6697,Mapped
302776,6699,Mapped
302780,6690,Mapped
302784002,6779,Mapped
302784004,6781,Mapped
302784005,6777,Mapped
302796,6722,Mapped
302825,6819,Mapped
302831,6820,Mapped
302891,4263,Mapped
302904,149,Mapped
302905,6844,Mapped
302907,56742,Mapped
302908,6845,Mapped
302915,6857,Mapped
302916,6858,Mapped
302925,6860,Mapped
302938,6863,Mapped
302946,6868,Mapped
302948,6869,Mapped
302949,6870,Mapped
302950,6871,Mapped
302966,6880,Mapped
302977,6884,Mapped
302978,6885,Mapped
302979,6886,Mapped
303032,6915,Mapped
303038,6919,Mapped
303040,6921,Mapped
303052,2818,Mapped
303062,N/A,Unmapped
303066003,868,Mapped
303067009,888,Mapped
303145,8985,Mapped
303154,3182,Mapped
303155,3181,Mapped
303156,N/A,Unmapped
303157,3241,Mapped
303161,N/A,Unmapped
303168,N/A,Unmapped
303169,3183,Mapped
303173,3245,Mapped
303198,40,Mapped
303273,147924,Mapped
303326,N/A,Unmapped
303359,10603,Mapped
303360,10602,Mapped
303362,10605,Mapped
303368,10795,Mapped
303374,11098,Mapped
303375,11099,Mapped
303376,10931,Mapped
303378,24465,Mapped
303384,11103,Mapped
303385,11102,Mapped
303404,10609,Mapped
303405,24455,Mapped
303415,11119,Mapped
303416,11118,Mapped
303437,N/A,Unmapped
303438,N/A,Unmapped
303445,N/A,Unmapped
303457,N/A,Unmapped
303464,N/A,Unmapped
303475,10759,Mapped
303476,10696,Mapped
303477,N/A,Unmapped
303497,N/A,Unmapped
303524,N/A,Unmapped
303532,N/A,Unmapped
303547,10719,Mapped
303550,10772,Mapped
303560,24474,Mapped
303561,10770,Mapped
303562,10771,Mapped
303563,N/A,Unmapped
303589,10730,Mapped
303590,N/A,Unmapped
303592,10777,Mapped
303600,10775,Mapped
303619,N/A,Unmapped
303648,29484,Mapped
303649,2821,Mapped
303650,2926,Mapped
303652,2948,Mapped
303661,11166,Mapped
303686003,7184,Mapped
303686004,7174,Mapped
303686007,7166,Mapped
303769001,7173,Mapped
303769002,7178,Mapped
303769003,7186,Mapped
303773002,86616,Mapped
303773004,57677,Mapped
303773005,57678,Mapped
303829,3932,Mapped
303840,14368,Mapped
303844,14339,Mapped
303845,95319,Mapped
303905,95048,Mapped
304448,24558,Mapped
322832,N/A,Unmapped
322833,N/A,Unmapped
322834,N/A,Unmapped
322835,N/A,Unmapped
322836,N/A,Unmapped
322852,N/A,Unmapped
322853,N/A,Unmapped
322854,N/A,Unmapped
322855,N/A,Unmapped
322856,N/A,Unmapped
322857,N/A,Unmapped
322858,N/A,Unmapped
324246,N/A,Unmapped
324247,N/A,Unmapped
324248,N/A,Unmapped
324249,N/A,Unmapped
324250,N/A,Unmapped
324251,N/A,Unmapped
324252,N/A,Unmapped
324253,N/A,Unmapped
324254,N/A,Unmapped
324255,N/A,Unmapped
324256,N/A,Unmapped
324257,N/A,Unmapped
324434,N/A,Unmapped
324435,N/A,Unmapped
324436,N/A,Unmapped
324442,N/A,Unmapped
324447,N/A,Unmapped
324448,N/A,Unmapped
324450,N/A,Unmapped
324727,24585,Mapped
329520,6529,Mapped
329650,N/A,Unmapped
330635,150,Mapped
330665,6625,Mapped
352624,18626,Mapped
354234,47699,Mapped
354299,5903,Mapped
354403,16511,Mapped
354726,2498,Mapped
354739,2655,Mapped
354740,2656,Mapped
354756,2499,Mapped
354889,2660,Mapped
354980,2390,Mapped
355138,386,Mapped
355152,29490,Mapped
355161,432,Mapped
355233,21731,Mapped
355450,60376,Mapped
355453,55116,Mapped
355983,4424,Mapped
362389,9456,Mapped
363087,9639,Mapped
363126,N/A,Unmapped
367113,22546,Mapped
367114,69069,Mapped
367681,12235,Mapped
367682,12236,Mapped
367727,4641,Mapped
367825,13156,Mapped
368007,21362,Mapped
368017,5290,Mapped
369080,12657,Mapped
369087,12093,Mapped
369088,24980,Mapped
369117,24983,Mapped
370263,8161,Mapped
370278,7681,Mapped
370388,8009,Mapped
374564,19346,Mapped
374566,19343,Mapped
374568,98022,Mapped
375056,22984,Mapped
375057,22983,Mapped
375198,29528,Mapped
375465,3655,Mapped
375468,3659,Mapped
375469,61568,Mapped
375470,3658,Mapped
375471,61569,Mapped
375474,3657,Mapped
376628,11979,Mapped
376688,16058,Mapped
377904,N/A,Unmapped
377926,N/A,Unmapped
378359,N/A,Unmapped
379391,134731,Mapped
379392,134727,Mapped
380009,8581,Mapped
380010,8580,Mapped
380209,22547,Mapped
380210,22548,Mapped
380590,4972,Mapped
380681,11913,Mapped
380682,25130,Mapped
380683,25131,Mapped
380684,11963,Mapped
380699,15387,Mapped
380701,16121,Mapped
381240,8096,Mapped
381447,24666,Mapped
381448,24665,Mapped
382413,N/A,Unmapped
382618,4262,Mapped
382619,25432,Mapped
382628,N/A,Unmapped
382993,5690,Mapped
385520,24909,Mapped
385521,24910,Mapped
385522,12020,Mapped
385523,1432,Mapped
388056,29591,Mapped
388303,72371,Mapped
388868,14397,Mapped
388869,29595,Mapped
388871,14398,Mapped
388873,14399,Mapped
389058,14396,Mapped
389060,29598,Mapped
389062,2153,Mapped
389594,45716,Mapped
389628,16403,Mapped
390167,11970,Mapped
390168,24727,Mapped
390169,24720,Mapped
390300,74,Mapped
390629,11969,Mapped
391267,60381,Mapped
391446,24962,Mapped
391878,4125,Mapped
391879,4126,Mapped
392086,18463,Mapped
394383,10749,Mapped
394385,10754,Mapped
394875,21655,Mapped
395281,8222,Mapped
395768,11952,Mapped
395904,12575,Mapped
396591,24930,Mapped
396615,15884,Mapped
396734,8153,Mapped
396735,8154,Mapped
396825,12037,Mapped
397502,6248,Mapped
397602,29606,Mapped
397603,24674,Mapped
397811,161860,Mapped
397907,1811,Mapped
398137,50121,Mapped
398286,24559,Mapped
398716,76,Mapped
399705,118029,Mapped
399706,385,Mapped
399764,12803,Mapped
399781,6752,Mapped
399789,25012,Mapped
399790,25014,Mapped
4001,72511,Mapped
400682,9257,Mapped
400962,3493,Mapped
400963,3492,Mapped
401354,4682,Mapped
401506,310,Mapped
401507,280,Mapped
401510,308,Mapped
401511,10,Mapped
401517,4574,Mapped
401519,4570,Mapped
401520,12527,Mapped
401535,22161,Mapped
401544,2087,Mapped
401552,2860,Mapped
402128,9279,Mapped
402129,9274,Mapped
402277,18853,Mapped
402460,8548,Mapped
402725,2631,Mapped
402982,2722,Mapped
403870,8169,Mapped
404059,N/A,Unmapped
404388,15597,Mapped
405532,2158,Mapped
405648,3423,Mapped
406629,14480,Mapped
407150,25286,Mapped
407151,11937,Mapped
407203,4382,Mapped
407609,6658,Mapped
407611001,7067,Mapped
407611002,7060,Mapped
407611003,7055,Mapped
407611004,7059,Mapped
407611005,7066,Mapped
407611006,7062,Mapped
407611007,7056,Mapped
407611008,7065,Mapped
407615,11967,Mapped
407662,10176,Mapped
407915,15935,Mapped
407942,8891,Mapped
408053,16963,Mapped
408065,2020,Mapped
408093,134726,Mapped
408180,24650,Mapped
408343,7738,Mapped
415482,6222,Mapped
415483,116299,Mapped
415484,6141,Mapped
425256,2025,Mapped
425962,8980,Mapped
426070,8679,Mapped
426434,N/A,Unmapped
426437,N/A,Unmapped
431060,533,Mapped
434178,29655,Mapped
434394,N/A,Unmapped
434488,13190,Mapped
434498,13261,Mapped
434503,13253,Mapped
434505,20973,Mapped
434534,13304,Mapped
434535,13302,Mapped
434559,532,Mapped
434561,29656,Mapped
435519,46560,Mapped
435994,7816,Mapped
436586,21734,Mapped
436775,11959,Mapped
436776,25431,Mapped
436869,N/A,Unmapped
437042,N/A,Unmapped
437680,3961,Mapped
437681,3962,Mapped
437682,3948,Mapped
438964,1290,Mapped
438965,1291,Mapped
438968,1029,Mapped
438985,14596,Mapped
438994,17145,Mapped
439174,2288,Mapped
439176,2286,Mapped
439177,2287,Mapped
439182,52,Mapped
439183,3352,Mapped
439186,17051,Mapped
439750,10446,Mapped
440447,16278,Mapped
440630,10629,Mapped
440631,10626,Mapped
440888,6867,Mapped
440930,1017,Mapped
441133,13101,Mapped
441995,102844,Mapped
443032,3817,Mapped
443052,16852,Mapped
443053,16853,Mapped
443481,N/A,Unmapped
444639,N/A,Unmapped
444905,N/A,Unmapped
444906,N/A,Unmapped
444952,3555,Mapped
445297,22897,Mapped
445742,60383,Mapped
445854,4036,Mapped
445864,2567,Mapped
445866,3864,Mapped
446084,7300,Mapped
446092,18860,Mapped
448193,12047,Mapped
448194,12048,Mapped
448205,9074,Mapped
448568,56752,Mapped
448569,16509,Mapped
448577,148668,Mapped
448578,10713,Mapped
448579,166769,Mapped
448612,443,Mapped
448680,25155,Mapped
449148,5816,Mapped
449858,9616,Mapped
449947,11287,Mapped
450727,25288,Mapped
450728,25287,Mapped
450730,12005,Mapped
450839,45725,Mapped
450850,13246,Mapped
451384,N/A,Unmapped
451423,5695,Mapped
451424,18865,Mapped
451425,5698,Mapped
451658,6624,Mapped
451841,4402,Mapped
451843,16614,Mapped
451844,16846,Mapped
451845,1451,Mapped
451961,1452,Mapped
452680,1526,Mapped
452691,783,Mapped
452692,787,Mapped
452693,782,Mapped
452694,781,Mapped
452715,768,Mapped
453000,6161,Mapped
453121,6920,Mapped
454266,29687,Mapped
454267,15795,Mapped
454292,4007,Mapped
454577,3674,Mapped
454725,8262,Mapped
454984,12008,Mapped
455046,18186,Mapped
455194,2693,Mapped
455195,12443,Mapped
455426,29694,Mapped
455427,29695,Mapped
455679,15571,Mapped
456155,9464,Mapped
456484,15537,Mapped
457358,11902,Mapped
457360,24768,Mapped
457361,24770,Mapped
457740,10736,Mapped
458139,45726,Mapped
458337,5362,Mapped
458338,21396,Mapped
458340,21398,Mapped
458399,29704,Mapped
458439,N/A,Unmapped
458882,6139,Mapped
458884,164764,Mapped
458885,164765,Mapped
458907,19443,Mapped
458908,19437,Mapped
458918001,6762,Mapped
458918003,6763,Mapped
458919,6721,Mapped
458923,6015,Mapped
458924,149420,Mapped
458925,149421,Mapped
459019,2403,Mapped
459021,15439,Mapped
460191,3803,Mapped
460814,1030,Mapped
460815,14614,Mapped
461166,11087,Mapped
461490,5070,Mapped
461680,4409,Mapped
461681,4408,Mapped
461683,19479,Mapped
461695,3666,Mapped
461908,4566,Mapped
461909,4564,Mapped
461910,4573,Mapped
461918,12525,Mapped
461919,4567,Mapped
462227,4156,Mapped
462302,N/A,Unmapped
462386,11050,Mapped
462814,1471,Mapped
462816,16867,Mapped
463116,3535,Mapped
463117,153235,Mapped
466237,6810,Mapped
466366,29716,Mapped
466367,29717,Mapped
466502,489,Mapped
466524,30,Mapped
466603,11945,Mapped
466604,11884,Mapped
466617,19415,Mapped
467063,304,Mapped
467175,6013,Mapped
467180,6014,Mapped
467186,1066,Mapped
467187,1061,Mapped
467208,21741,Mapped
467440,25049,Mapped
469896,N/A,Unmapped
469999,12119,Mapped
470500,11880,Mapped
470736,3320,Mapped
471030,11993,Mapped
471031,25276,Mapped
471492,158741,Mapped
471494,10437,Mapped
472202,10707,Mapped
473714,8982,Mapped
473754,7311,Mapped
473788,4418,Mapped
473790,11955,Mapped
473966,1480,Mapped
475516,25202,Mapped
476486,12695,Mapped
476510,24730,Mapped
476511,24731,Mapped
476512,24729,Mapped
476513,24732,Mapped
476514,24733,Mapped
476693,8709,Mapped
476737,8702,Mapped
476738,8715,Mapped
476739,25172,Mapped
476741,25175,Mapped
476742,25173,Mapped
476743,25174,Mapped
476747,18627,Mapped
477134,N/A,Unmapped
478615,4005,Mapped
479002,24878,Mapped
479003,24591,Mapped
479004,24592,Mapped
480016,154315,Mapped
480017,16423,Mapped
480018,56761,Mapped
480019,61576,Mapped
480022,56763,Mapped
480023,56764,Mapped
480024,55124,Mapped
480025,55125,Mapped
480026,25489,Mapped
480028,56765,Mapped
480522,1768,Mapped
480540,8243,Mapped
480655,11242,Mapped
480771,9120,Mapped
480772,9123,Mapped
482500,2690,Mapped
484008,15384,Mapped
485502,99441,Mapped
485503,99592,Mapped
485504,99414,Mapped
485506,112885,Mapped
485525,24690,Mapped
486058,3939,Mapped
486059,3960,Mapped
487500,148752,Mapped
488207,12518,Mapped
488282,N/A,Unmapped
488283,N/A,Unmapped
488288,24457,Mapped
488493,4531,Mapped
489035,16514,Mapped
490540,25203,Mapped
490652,8717,Mapped
490653,15886,Mapped
491215,307,Mapped
491216,336,Mapped
492537,6440,Mapped
493501,10751,Mapped
493503,20507,Mapped
493510002,7063,Mapped
493510003,7068,Mapped
493510006,7057,Mapped
493510007,7058,Mapped
493510008,7061,Mapped
493601,N/A,Unmapped
493695,9420,Mapped
494848,13268,Mapped
494849,5471,Mapped
494949,140,Mapped
495543,3537,Mapped
495544,15971,Mapped
495564,10425,Mapped
495724,4728,Mapped
495770,21180,Mapped
495780,5295,Mapped
495803,4678,Mapped
496540,5344,Mapped
496547,21428,Mapped
498006,24829,Mapped
498007,24827,Mapped
498008,24830,Mapped
498024002,165755,Mapped
498031005,683,Mapped
498031006,681,Mapped
498032001,632,Mapped
498032002,634,Mapped
498032003,637,Mapped
498032004,639,Mapped
498032005,641,Mapped
498032007,631,Mapped
498032009,625,Mapped
498032011,626,Mapped
498032012,629,Mapped
498032017,638,Mapped
498033001,891,Mapped
498033002,890,Mapped
498034001,1224,Mapped
498034006,1203,Mapped
498034007,118149,Mapped
498034008,118144,Mapped
498035002,1214,Mapped
498035006,1201,Mapped
498035011,1216,Mapped
498035017,1199,Mapped
498045001,6798,Mapped
498045003,6791,Mapped
498045004,6790,Mapped
498045005,6786,Mapped
498049001,7995,Mapped
498049002,21856,Mapped
498054002,8244,Mapped
498054003,21988,Mapped
498054004,8241,Mapped
498055001,6945,Mapped
498055002,6949,Mapped
498056003,753,Mapped
498070003,16362,Mapped
498071001,3945,Mapped
498071002,3946,Mapped
498071003,3944,Mapped
498074002,4066,Mapped
498074003,4062,Mapped
498075001,4087,Mapped
498075002,4084,Mapped
498075003,4086,Mapped
498075004,4085,Mapped
498079001,4194,Mapped
498079005,80,Mapped
498087005,10262,Mapped
498103002,8722,Mapped
498103003,8724,Mapped
498103005,8721,Mapped
498103011,8720,Mapped
498106001,16293,Mapped
498106003,16294,Mapped
498106004,16285,Mapped
498106006,16262,Mapped
498119005,95324,Mapped
498123002,15552,Mapped
498123003,3286,Mapped
498124001,2738,Mapped
498124003,2739,Mapped
498125001,2737,Mapped
498125003,2736,Mapped
498139001,16597,Mapped
498139002,4351,Mapped
498169002,20409,Mapped
498169003,1332,Mapped
498169012,20410,Mapped
498178002,23922,Mapped
498178003,9916,Mapped
498195001,8888,Mapped
498195002,8887,Mapped
498195003,8886,Mapped
498195004,8885,Mapped
498201001,899,Mapped
498201002,898,Mapped
498201003,897,Mapped
498201005,896,Mapped
498208002,1620,Mapped
498208003,1619,Mapped
498208004,1618,Mapped
498212004,9792,Mapped
498216003,6831,Mapped
498216004,6834,Mapped
498217002,6833,Mapped
498217003,6828,Mapped
498218003,19351,Mapped
498221007,48756,Mapped
498221008,9768,Mapped
498222005,9762,Mapped
498222010,48757,Mapped
498225001,3376,Mapped
498225005,3375,Mapped
498229002,17444,Mapped
498229003,861,Mapped
498229006,860,Mapped
498229007,863,Mapped
498230001,23834,Mapped
498230007,10299,Mapped
498230008,10303,Mapped
498230009,10302,Mapped
498232004,9355,Mapped
498243002,15319,Mapped
498243008,13898,Mapped
498243012,22049,Mapped
498244001,879,Mapped
498244002,882,Mapped
498244003,881,Mapped
498244004,872,Mapped
498244005,871,Mapped
498255001,10309,Mapped
498255002,10307,Mapped
498262001,1596,Mapped
498262003,1593,Mapped
498313002,23301,Mapped
498313014,25805,Mapped
498332005,21953,Mapped
498332007,21951,Mapped
498332009,45751,Mapped
498366002,858,Mapped
498366005,854,Mapped
498366006,889,Mapped
498373005,9332,Mapped
498381001,25807,Mapped
498381003,25808,Mapped
498388001,8077,Mapped
498388002,8080,Mapped
498445001,21949,Mapped
498445002,45752,Mapped
498447003,7757,Mapped
498461002,6809,Mapped
498461004,6814,Mapped
498482001,24041,Mapped
498482003,9624,Mapped
498497001,1326,Mapped
498624,46593,Mapped
498673,4822,Mapped
498741,9047,Mapped
499266,21995,Mapped
499438,18384,Mapped
499645,1431,Mapped
500543,11929,Mapped
500585,23293,Mapped
500746,6045,Mapped
500747,6047,Mapped
501527001,19361,Mapped
501527002,19362,Mapped
501542002,875,Mapped
501542003,873,Mapped
501546,12054,Mapped
501555,1809,Mapped
501606001,770,Mapped
501606002,772,Mapped
501606003,771,Mapped
501607003,766,Mapped
501607004,765,Mapped
501625007,10371,Mapped
501625013,10370,Mapped
501626006,9402,Mapped
501626010,9404,Mapped
501658002,1791,Mapped
501658003,1786,Mapped
501664004,4358,Mapped
501664005,4353,Mapped
501664006,4357,Mapped
501665002,25810,Mapped
501665004,25811,Mapped
501665006,15822,Mapped
501665008,25812,Mapped
501665009,15819,Mapped
501665010,137981,Mapped
501665011,15821,Mapped
501702,20523,Mapped
501703,20524,Mapped
501719002,1790,Mapped
501719003,1787,Mapped
501721002,4356,Mapped
501721004,4355,Mapped
501729001,3671,Mapped
501729002,3672,Mapped
501740007,23303,Mapped
501740021,25817,Mapped
501740028,96393,Mapped
501899,N/A,Unmapped
502304,55131,Mapped
503392,4440,Mapped
503779,7797,Mapped
503900,29783,Mapped
503903,9199,Mapped
503914,29784,Mapped
503943,2637,Mapped
503949,3435,Mapped
503950,3439,Mapped
503951,3441,Mapped
504361,12894,Mapped
504703,6236,Mapped
504704,6234,Mapped
504706,6232,Mapped
504707,6235,Mapped
505556,N/A,Unmapped
505559,N/A,Unmapped
505739,81108,Mapped
505834,N/A,Unmapped
506184,55139,Mapped
506429,4261,Mapped
506430,4264,Mapped
506435,2640,Mapped
506462,16483,Mapped
506470,16420,Mapped
506484,2685,Mapped
506485,16587,Mapped
506554,N/A,Unmapped
506606,6655,Mapped
506614,18649,Mapped
506640,58014,Mapped
506645,116091,Mapped
506647,12814,Mapped
506677,20509,Mapped
506695,N/A,Unmapped
506862,N/A,Unmapped
506863,5870,Mapped
506887,N/A,Unmapped
507054,5843,Mapped
507056,5838,Mapped
507219,N/A,Unmapped
507246,N/A,Unmapped
507250,N/A,Unmapped
507259,N/A,Unmapped
507265,N/A,Unmapped
507301,N/A,Unmapped
507330,29809,Mapped
507347,9428,Mapped
507353,80259,Mapped
507359,77367,Mapped
507360,77368,Mapped
507381,81109,Mapped
507387,2015,Mapped
507483,56776,Mapped
507518,56778,Mapped
507523,29812,Mapped
507533,56779,Mapped
507568,81110,Mapped
507641,11204,Mapped
508153,153322,Mapped
508655,N/A,Unmapped
508721,81181,Mapped
509025,18836,Mapped
509096,29814,Mapped
509374,65540,Mapped
509477,10930,Mapped
511055,29815,Mapped
511105,N/A,Unmapped
511120,N/A,Unmapped
511152,62662,Mapped
511153,77371,Mapped
511362,72372,Mapped
511368,72373,Mapped
511443,2699,Mapped
511477,24686,Mapped
511480,11883,Mapped
511490,24721,Mapped
511492,24961,Mapped
511816,N/A,Unmapped
513899,3508,Mapped
514012,2751,Mapped
514013,2752,Mapped
514186,N/A,Unmapped
514187,N/A,Unmapped
514189,N/A,Unmapped
514190,N/A,Unmapped
514473,N/A,Unmapped
514474,N/A,Unmapped
514475,N/A,Unmapped
514476,N/A,Unmapped
514478,N/A,Unmapped
514479,N/A,Unmapped
514480,N/A,Unmapped
514481,N/A,Unmapped
514482,N/A,Unmapped
514484,N/A,Unmapped
514485,N/A,Unmapped
514488,N/A,Unmapped
514489,N/A,Unmapped
514504,N/A,Unmapped
514505,N/A,Unmapped
514506,N/A,Unmapped
514508,N/A,Unmapped
514509,N/A,Unmapped
514510,N/A,Unmapped
514512,N/A,Unmapped
514513,N/A,Unmapped
514514,N/A,Unmapped
514550,N/A,Unmapped
514559,N/A,Unmapped
516597,86931,Mapped
516622,29828,Mapped
516625,56780,Mapped
516679,506,Mapped
516693,16028,Mapped
517502,N/A,Unmapped
517503,N/A,Unmapped
517504,N/A,Unmapped
517505,N/A,Unmapped
517507,N/A,Unmapped
517508,N/A,Unmapped
517509,N/A,Unmapped
517534,N/A,Unmapped
517537,N/A,Unmapped
517554,N/A,Unmapped
517555,N/A,Unmapped
517556,N/A,Unmapped
517558,N/A,Unmapped
517561,N/A,Unmapped
517641,19459,Mapped
518097,6233,Mapped
518797,25157,Mapped
519156,116016,Mapped
519159,N/A,Unmapped
519160,N/A,Unmapped
519161,N/A,Unmapped
519162,N/A,Unmapped
519163,N/A,Unmapped
519164,N/A,Unmapped
519167,N/A,Unmapped
519168,N/A,Unmapped
519169,N/A,Unmapped
520429,N/A,Unmapped
520480,6221,Mapped
522002,5691,Mapped
522011,10579,Mapped
522013,10578,Mapped
523198,885,Mapped
523230001,1188,Mapped
523230008,1189,Mapped
523230009,1190,Mapped
523230010,1175,Mapped
523230011,1183,Mapped
523230012,1186,Mapped
523230013,1181,Mapped
523230015,1180,Mapped
523230017,1179,Mapped
523230026,1177,Mapped
524092,1043,Mapped
524168,17275,Mapped
524606,25055,Mapped
526515,5756,Mapped
526520,110,Mapped
526521,29832,Mapped
526522,18877,Mapped
526523,18878,Mapped
526658,2441,Mapped
527531,11205,Mapped
529083,29836,Mapped
529084,29837,Mapped
529113,3332,Mapped
529187,21431,Mapped
529195,1472,Mapped
529210,N/A,Unmapped
529222,19499,Mapped
529305,65196,Mapped
529347,88155,Mapped
529482,10240,Mapped
529913,5044,Mapped
529922,5950,Mapped
529923,116,Mapped
530000,21560,Mapped
530194,N/A,Unmapped
530220,N/A,Unmapped
530720,15371,Mapped
530757,17351,Mapped
531214,6418,Mapped
531319,9478,Mapped
531412,55148,Mapped
531413,3425,Mapped
531680,23848,Mapped
531723,5645,Mapped
531724,5646,Mapped
531725,5647,Mapped
531736,23637,Mapped
531744,24776,Mapped
531745,24775,Mapped
531747,29850,Mapped
531784,2157,Mapped
532187,N/A,Unmapped
532577,1502,Mapped
532580,1515,Mapped
533671,60386,Mapped
533672,11977,Mapped
533724,75211,Mapped
533776,8559,Mapped
534787,29852,Mapped
534788,N/A,Unmapped
534793,29854,Mapped
534794,29855,Mapped
534797,29856,Mapped
534898,11932,Mapped
535046,8044,Mapped
535472,N/A,Unmapped
535474,12032,Mapped
535475,25278,Mapped
536014002,44477,Mapped
536014007,23794,Mapped
537049,4132,Mapped
537050,3950,Mapped
538401,71727,Mapped
538465,8973,Mapped
540110,2847,Mapped
540116,14435,Mapped
540542,N/A,Unmapped
540717,214,Mapped
540734,N/A,Unmapped
541053,154307,Mapped
541323,9421,Mapped
541386,29860,Mapped
541387,N/A,Unmapped
541388,N/A,Unmapped
541389,N/A,Unmapped
541393,N/A,Unmapped
541672,11973,Mapped
542023,9062,Mapped
542631001,23323,Mapped
542822,16316,Mapped
542823,2377,Mapped
543100,22159,Mapped
543124,161087,Mapped
543840,N/A,Unmapped
543842,N/A,Unmapped
543847,N/A,Unmapped
543849,N/A,Unmapped
543938,N/A,Unmapped
543942,N/A,Unmapped
543943,N/A,Unmapped
543944,N/A,Unmapped
543947,N/A,Unmapped
543950,N/A,Unmapped
543952,N/A,Unmapped
543953,N/A,Unmapped
543954,N/A,Unmapped
543968,N/A,Unmapped
544083,N/A,Unmapped
544084,N/A,Unmapped
544085,N/A,Unmapped
544086,N/A,Unmapped
544089,N/A,Unmapped
544090,N/A,Unmapped
544091,N/A,Unmapped
544092,N/A,Unmapped
544097,N/A,Unmapped
544098,N/A,Unmapped
544099,N/A,Unmapped
544131,N/A,Unmapped
544132,N/A,Unmapped
544134,N/A,Unmapped
544135,N/A,Unmapped
544136,N/A,Unmapped
544137,N/A,Unmapped
544138,N/A,Unmapped
544140,N/A,Unmapped
544141,N/A,Unmapped
544142,N/A,Unmapped
544143,N/A,Unmapped
544145,N/A,Unmapped
544146,N/A,Unmapped
544147,N/A,Unmapped
544148,N/A,Unmapped
544364,29875,Mapped
545168,19364,Mapped
545240,29881,Mapped
545241,29882,Mapped
545243,19076,Mapped
545247,29884,Mapped
545250,19073,Mapped
545253,19075,Mapped
545256,19079,Mapped
545258,29888,Mapped
545259,19080,Mapped
545397,4065,Mapped
545674,976,Mapped
545675,14747,Mapped
545716,10003,Mapped
546162,6916,Mapped
546515,15887,Mapped
547506,17919,Mapped
547509,17916,Mapped
547511,70755,Mapped
547513,70756,Mapped
548513,12035,Mapped
549191,5896,Mapped
549367,25144,Mapped
549368,25146,Mapped
549369,25304,Mapped
549370,25305,Mapped
549412,29893,Mapped
550818,11088,Mapped
550822,10982,Mapped
550825,10804,Mapped
551055,5239,Mapped
551104,6861,Mapped
551223,77,Mapped
552049001,6759,Mapped
552049003,54203,Mapped
552049005,6758,Mapped
555240,N/A,Unmapped
555241,N/A,Unmapped
555242,N/A,Unmapped
556528,11954,Mapped
556529,24926,Mapped
557506,29904,Mapped
557562,29905,Mapped
558142,88477,Mapped
558151,44471,Mapped
559004,12033,Mapped
559006,50587,Mapped
559008,29907,Mapped
560006,45733,Mapped
561569,1476,Mapped
561719,N/A,Unmapped
561720,N/A,Unmapped
561721,N/A,Unmapped
561723,N/A,Unmapped
561724,N/A,Unmapped
561726,N/A,Unmapped
561727,N/A,Unmapped
561728,N/A,Unmapped
561729,N/A,Unmapped
561730,N/A,Unmapped
561732,N/A,Unmapped
561733,N/A,Unmapped
561734,N/A,Unmapped
561735,N/A,Unmapped
561736,N/A,Unmapped
561826,N/A,Unmapped
562019,158233,Mapped
563589,11942,Mapped
563666,199,Mapped
565027,8195,Mapped
565028,8204,Mapped
565031,17048,Mapped
565032,3427,Mapped
565034,17034,Mapped
565097,164472,Mapped
565098,3533,Mapped
565525,24887,Mapped
565526,24886,Mapped
565527,24885,Mapped
566597,1045,Mapped
566604,21997,Mapped
568747,86932,Mapped
568750,5947,Mapped
570013,16047,Mapped
571583,17445,Mapped
571791,4686,Mapped
571796,29919,Mapped
571797,29920,Mapped
572003,10465,Mapped
572071,3579,Mapped
572166,3927,Mapped
572222,108998,Mapped
573065,10466,Mapped
573231,25188,Mapped
573232,25189,Mapped
573233,25190,Mapped
573439,8146,Mapped
573547,4437,Mapped
573548,4436,Mapped
573549,4435,Mapped
574103,3314,Mapped
574125,18884,Mapped
574126,18883,Mapped
574132,5754,Mapped
575087,16869,Mapped
575088,1466,Mapped
575117001,7039,Mapped
575117004,7041,Mapped
575117005,7042,Mapped
575118,N/A,Unmapped
575665,29930,Mapped
576018,23895,Mapped
576083,14298,Mapped
577058,14845,Mapped
577060,29932,Mapped
577062,14973,Mapped
577080,21352,Mapped
577101,29933,Mapped
577104,4775,Mapped
577105,12551,Mapped
577645,3771,Mapped
578110,21039,Mapped
578333,23248,Mapped
579227,12006,Mapped
579229,25169,Mapped
579233,16425,Mapped
579279,18475,Mapped
579528,5922,Mapped
580517,10734,Mapped
580595,972,Mapped
581240,1067,Mapped
581241,1062,Mapped
581242,1056,Mapped
581243,1057,Mapped
581336,6438,Mapped
581337,6441,Mapped
581355,1033,Mapped
581356,14746,Mapped
582160,11966,Mapped
582828,46,Mapped
582841001,9354,Mapped
582906,29941,Mapped
582981007,8873,Mapped
582981009,8874,Mapped
583006,1416,Mapped
583007,1417,Mapped
583062,22392,Mapped
583566,15987,Mapped
583567,3494,Mapped
585049,21525,Mapped
585050,21526,Mapped
585052,108777,Mapped
585195,3626,Mapped
585196,3625,Mapped
585197,3624,Mapped
585211,24699,Mapped
585445,1516,Mapped
585446,1514,Mapped
585448,1510,Mapped
585449,1511,Mapped
585450,1508,Mapped
585452,1507,Mapped
585453,1513,Mapped
585456,3184,Mapped
585457,14580,Mapped
586308,3216,Mapped
586311,3210,Mapped
586312,3595,Mapped
586314,3594,Mapped
586509,29943,Mapped
587513,29949,Mapped
588796,25302,Mapped
588797,25303,Mapped
588798,25307,Mapped
588801,25147,Mapped
588802,100365,Mapped
588805,29951,Mapped
588815,60389,Mapped
588940,3503,Mapped
588941,3536,Mapped
588973,N/A,Unmapped
588983,8234,Mapped
590812,29954,Mapped
590994,3394,Mapped
591044,2846,Mapped
591208,19107,Mapped
591210,19108,Mapped
592100,3373,Mapped
592102002,3382,Mapped
592634,60390,Mapped
593165,6683,Mapped
593377,8941,Mapped
593379,8437,Mapped
594046001,643,Mapped
595550,2718,Mapped
596012,6240,Mapped
596728,6918,Mapped
597023,6872,Mapped
597043,56790,Mapped
597086,7319,Mapped
599050,401,Mapped
599072,1395,Mapped
599104,1465,Mapped
599578,5201,Mapped
599633,13244,Mapped
599634,4887,Mapped
599648,29962,Mapped
599696,17077,Mapped
599717,87652,Mapped
599750,2817,Mapped
599940,N/A,Unmapped
599953,9510,Mapped
599964,5444,Mapped
599984,4838,Mapped
600061,3745,Mapped
600161,134728,Mapped
600162,134734,Mapped
600169,29966,Mapped
602050,3500,Mapped
602154,24933,Mapped
602155,11879,Mapped
602253,12400,Mapped
602271,9198,Mapped
602522,1966,Mapped
602524,1967,Mapped
602530,17106,Mapped
603052,22274,Mapped
603075,5405,Mapped
603076,5297,Mapped
603082,4654,Mapped
603142,3741,Mapped
603155,9112,Mapped
603156,9111,Mapped
603157,9113,Mapped
603175,17081,Mapped
603176,17080,Mapped
603177,17082,Mapped
603178,17083,Mapped
603179,17085,Mapped
603180,17086,Mapped
603181,17087,Mapped
603182,17084,Mapped
603183,17088,Mapped
603184,17090,Mapped
604029,5152,Mapped
606375,N/A,Unmapped
606376,N/A,Unmapped
606377,N/A,Unmapped
606379,N/A,Unmapped
606380,N/A,Unmapped
606381,N/A,Unmapped
606464,8011,Mapped
606465,8018,Mapped
606466,8019,Mapped
606467,8014,Mapped
609075,83811,Mapped
609208,N/A,Unmapped
610554,11055,Mapped
610556,11052,Mapped
613499,16527,Mapped
613500,4265,Mapped
613533,12914,Mapped
614536,1394,Mapped
614712,8491,Mapped
614713,8485,Mapped
614740,5927,Mapped
614741,5926,Mapped
615753,12016,Mapped
615843,3871,Mapped
615850,29988,Mapped
618009,25283,Mapped
619245,15771,Mapped
619428,3319,Mapped
619520,153767,Mapped
619521,10977,Mapped
619632,3947,Mapped
619729,29997,Mapped
619808,29998,Mapped
619942,7466,Mapped
619943,50590,Mapped
619944,8729,Mapped
619958,16312,Mapped
619974,25319,Mapped
619976,25314,Mapped
619977,25316,Mapped
619978,25315,Mapped
619980,25317,Mapped
620511,1586,Mapped
620520,55153,Mapped
620521,44448,Mapped
620522,7801,Mapped
621099,24884,Mapped
621868,5368,Mapped
622008,9261,Mapped
623340,25430,Mapped
623341,11914,Mapped
623436,1798,Mapped
626199,30008,Mapped
627080,30009,Mapped
628035,17219,Mapped
628079,3574,Mapped
628080,16120,Mapped
628081004,3826,Mapped
628269,3187,Mapped
628420,1874,Mapped
628490,6457,Mapped
628491,6459,Mapped
630511,3132,Mapped
630512,14361,Mapped
630542,18934,Mapped
630739,4946,Mapped
632650,22214,Mapped
632926,11216,Mapped
633120,19417,Mapped
635352,327,Mapped
635486,2653,Mapped
638867,30016,Mapped
638868,30017,Mapped
639065,11331,Mapped
639569,23891,Mapped
639575,23526,Mapped
640944,12112,Mapped
640945,273,Mapped
640948,11373,Mapped
641129,1393,Mapped
642206,5780,Mapped
642420,30029,Mapped
642579,25318,Mapped
642690,30031,Mapped
642691,30032,Mapped
643064,30044,Mapped
643275,127949,Mapped
643550,19480,Mapped
643627001,9715,Mapped
644212,56796,Mapped
644216,15737,Mapped
644218,61610,Mapped
644222,15740,Mapped
645169,8099,Mapped
647710,25290,Mapped
647805,10239,Mapped
647807,44483,Mapped
649211,23070,Mapped
652589,5061,Mapped
652614,5062,Mapped
653024,25204,Mapped
653025,11890,Mapped
653026,12024,Mapped
655611,12097,Mapped
655824,3678,Mapped
656026,10245,Mapped
656130,18146,Mapped
656558,15798,Mapped
657118,30054,Mapped
657123,5996,Mapped
657190,8719,Mapped
657191,8718,Mapped
657521,543,Mapped
657524,545,Mapped
657525,541,Mapped
657526,542,Mapped
657528,544,Mapped
657529,540,Mapped
657530,546,Mapped
657607,16266,Mapped
657608,30055,Mapped
657609,16264,Mapped
659580001,7470,Mapped
659580003,7455,Mapped
659581,7458,Mapped
660121,N/A,Unmapped
660564002,112895,Mapped
660608001,25835,Mapped
668733,N/A,Unmapped
668736,N/A,Unmapped
668738,N/A,Unmapped
668741,N/A,Unmapped
668744,N/A,Unmapped
668745,N/A,Unmapped
668747,N/A,Unmapped
668749,N/A,Unmapped
668750,N/A,Unmapped
668752,N/A,Unmapped
668754,N/A,Unmapped
668755,N/A,Unmapped
668757,N/A,Unmapped
669052,11214,Mapped
669211,19451,Mapped
669386,4340,Mapped
669387,4342,Mapped
669388,4338,Mapped
669389,4336,Mapped
669596,2996,Mapped
669597,2995,Mapped
669606,N/A,Unmapped
669783,11817,Mapped
669785,22050,Mapped
669786,22051,Mapped
669787,22052,Mapped
669788,22053,Mapped
670063,16309,Mapped
670064,2375,Mapped
670065,2389,Mapped
670075,4020,Mapped
670076,4019,Mapped
670077,4021,Mapped
670082,18840,Mapped
670108,23268,Mapped
670775,11904,Mapped
670780,18854,Mapped
671150,515,Mapped
671151,516,Mapped
671184,3819,Mapped
671215,9406,Mapped
671256,30068,Mapped
671258,24890,Mapped
671259,11892,Mapped
671272,N/A,Unmapped
671317,44426,Mapped
671620,4226,Mapped
671621,4227,Mapped
671623,4223,Mapped
671624,4221,Mapped
672421,11364,Mapped
672627,N/A,Unmapped
673125,7724,Mapped
674275,5834,Mapped
674830,14330,Mapped
675310,56800,Mapped
675367,8193,Mapped
675392,2694,Mapped
676289,2328,Mapped
676290,16365,Mapped
676547,74050,Mapped
676610,16621,Mapped
676643,19563,Mapped
676652002,45753,Mapped
676652004,25838,Mapped
676652007,25839,Mapped
676652008,22068,Mapped
676794,N/A,Unmapped
676799,6908,Mapped
676818,16468,Mapped
677970,18953,Mapped
678075,4359,Mapped
678140,N/A,Unmapped
678173,4858,Mapped
678348,3346,Mapped
678353,24989,Mapped
678355,24991,Mapped
678357,24984,Mapped
678358,24987,Mapped
678359,24990,Mapped
681078,1810,Mapped
682072,22899,Mapped
682073,22898,Mapped
683055,11357,Mapped
684091,55156,Mapped
684093,55157,Mapped
684140,9224,Mapped
684141,9223,Mapped
684142,9225,Mapped
685145,24740,Mapped
688177,49009,Mapped
689211002,463,Mapped
689212,30091,Mapped
689842,24656,Mapped
690024,137455,Mapped
690169,4245,Mapped
690181,1938,Mapped
690207,30092,Mapped
690842,16902,Mapped
690986,7909,Mapped
691432,N/A,Unmapped
692597,10212,Mapped
692598,10213,Mapped
692599,10217,Mapped
693191,12893,Mapped
693193,14977,Mapped
693194,30094,Mapped
693195,30095,Mapped
693256,8677,Mapped
693278,45720,Mapped
693279,9732,Mapped
693528,16428,Mapped
693529,16426,Mapped
693558,N/A,Unmapped
693559,N/A,Unmapped
693819,3356,Mapped
693820,3357,Mapped
693821,3358,Mapped
693826,3461,Mapped
693913,2534,Mapped
695683,5757,Mapped
696546,25058,Mapped
701488,5395,Mapped
701667,8566,Mapped
701668,188,Mapped
701847,11931,Mapped
701883,8450,Mapped
701887,12118,Mapped
701888,11876,Mapped
701890,24828,Mapped
701891,24831,Mapped
702141,8242,Mapped
702491,7695,Mapped
703285,11947,Mapped
704562009,118234,Mapped
705141,30100,Mapped
705223,10470,Mapped
705348,N/A,Unmapped
705996,8728,Mapped
705997,56803,Mapped
705998,56804,Mapped
706007,N/A,Unmapped
706561,2237,Mapped
706570002,20352,Mapped
706570003,1143,Mapped
706570006,20353,Mapped
706588,5393,Mapped
707082001,7172,Mapped
707082002,7177,Mapped
707082003,7185,Mapped
707107,4541,Mapped
707189,12068,Mapped
707675,16370,Mapped
708581,98122,Mapped
708710,19504,Mapped
710048,N/A,Unmapped
710049,N/A,Unmapped
710050,N/A,Unmapped
710051,N/A,Unmapped
710368,13247,Mapped
711664,21566,Mapped
711666,503,Mapped
712099,11217,Mapped
712115,11237,Mapped
712615,N/A,Unmapped
713372,N/A,Unmapped
713376,N/A,Unmapped
713789,500,Mapped
713790,30131,Mapped
713795,504,Mapped
714036,N/A,Unmapped
714112,19481,Mapped
716545,12238,Mapped
716658,30132,Mapped
716659,5925,Mapped
717535,11082,Mapped
717547,6715,Mapped
717548,6724,Mapped
719135,N/A,Unmapped
720650,11984,Mapped
724048,N/A,Unmapped
724057,N/A,Unmapped
724066,N/A,Unmapped
725050,6071,Mapped
725051,6072,Mapped
728541001,7162,Mapped
728541002,7175,Mapped
728541003,7183,Mapped
728541004,7182,Mapped
728541005,7179,Mapped
728541006,134714,Mapped
728565,18937,Mapped
729574,4215,Mapped
730615,968,Mapped
730617,21202,Mapped
730674,3611,Mapped
730789,11062,Mapped
731377,N/A,Unmapped
731379,N/A,Unmapped
731601,455,Mapped
731602,456,Mapped
731920,30146,Mapped
731937,13021,Mapped
732040,1864,Mapped
733049,24598,Mapped
733050,24599,Mapped
733052,25082,Mapped
733053,25083,Mapped
734535,30151,Mapped
734540,18715,Mapped
735536,83819,Mapped
735537,1868,Mapped
735538,1866,Mapped
738091,931,Mapped
738092,929,Mapped
738093,928,Mapped
738094,927,Mapped
738096,579,Mapped
738106,1812,Mapped
738181,6252,Mapped
738182,6058,Mapped
738580,18147,Mapped
742540,11891,Mapped
745568,25191,Mapped
746035,15400,Mapped
748081,15979,Mapped
749042,6911,Mapped
749580,19217,Mapped
749608,65153,Mapped
750119001,25849,Mapped
750612,17036,Mapped
750759,22949,Mapped
750897,7760,Mapped
751123,2565,Mapped
751535,3451,Mapped
751536,15857,Mapped
751537,4381,Mapped
751560,146697,Mapped
751671,24741,Mapped
751811,3724,Mapped
751815,3722,Mapped
751817,3721,Mapped
751820,3723,Mapped
751823,2516,Mapped
751897,2654,Mapped
751922,12665,Mapped
751923,30170,Mapped
751924,12666,Mapped
751925,12668,Mapped
751926,11946,Mapped
752088,17021,Mapped
752093,3388,Mapped
752841,30174,Mapped
753554,3333,Mapped
753555,3347,Mapped
754548,25231,Mapped
754549,25230,Mapped
754550,25229,Mapped
754552,45712,Mapped
754553,25401,Mapped
754577,3841,Mapped
756133,24771,Mapped
756177001,9895,Mapped
758059,25399,Mapped
758060,25400,Mapped
758061,11957,Mapped
760070,12066,Mapped
760652,14976,Mapped
760654,30175,Mapped
761083,4173,Mapped
761535,2695,Mapped
762339,9494,Mapped
762340,9493,Mapped
763261001,25852,Mapped
763261002,25853,Mapped
763596003,9879,Mapped
763652,21548,Mapped
763654,30177,Mapped
763665,24932,Mapped
764300,1286,Mapped
764535,8905,Mapped
764536,8903,Mapped
764537,23201,Mapped
765125,11229,Mapped
765126,11228,Mapped
765127,11248,Mapped
766306,148754,Mapped
766307,18376,Mapped
766308,5592,Mapped
766309,21678,Mapped
766310,12091,Mapped
766649,5827,Mapped
766662,11978,Mapped
768100,3199,Mapped
768101,2889,Mapped
768135,3793,Mapped
780201,9026,Mapped
780236,19207,Mapped
780237,3747,Mapped
780238,3748,Mapped
780278,7331,Mapped
780279,159,Mapped
780292,7297,Mapped
780299,2761,Mapped
780388,N/A,Unmapped
780636,N/A,Unmapped
781174,1475,Mapped
782143,15672,Mapped
782154,9919,Mapped
782184,21633,Mapped
784284,15673,Mapped
784309,12659,Mapped
784311,12660,Mapped
784315,12661,Mapped
784316,12663,Mapped
784553,30195,Mapped
784773,7673,Mapped
784819001,95049,Mapped
784819002,7113,Mapped
784819003,7116,Mapped
784819005,57681,Mapped
785054,3831,Mapped
785079003,14537,Mapped
785079004,2586,Mapped
786046,71054,Mapped
886537,6740,Mapped
886614,6731,Mapped
886615,6732,Mapped
886715,9607,Mapped
886716,10058,Mapped
886717,44423,Mapped
886724,234,Mapped
887049,11909,Mapped
887549,132942,Mapped
887653,4015,Mapped
887654,4016,Mapped
887656,4014,Mapped
887802,N/A,Unmapped
887803,N/A,Unmapped
887830,N/A,Unmapped
887846,3387,Mapped
887847,3386,Mapped
887954,75,Mapped
888169,164683,Mapped
888538,3613,Mapped
888563,19728,Mapped
888565,30229,Mapped
888621,30238,Mapped
888642,4363,Mapped
888643,4362,Mapped
888644,4333,Mapped
888645,4364,Mapped
889171002,10271,Mapped
889171004,10272,Mapped
889172001,10269,Mapped
889203,122092,Mapped
889209,3583,Mapped
889220,21527,Mapped
889252,7953,Mapped
889345,5608,Mapped
889346,104,Mapped
889354,9853,Mapped
889445,6016,Mapped
889535,156336,Mapped
889537,88159,Mapped
889538,88160,Mapped
889550,N/A,Unmapped
889612,21541,Mapped
889613,30246,Mapped
889773,N/A,Unmapped
889774,24272,Mapped
890919,21744,Mapped
890920,21746,Mapped
890947,19603,Mapped
890950,3661,Mapped
890985,30247,Mapped
891058,6121,Mapped
891059,12315,Mapped
891081001,7229,Mapped
891081002,157,Mapped
891081003,100521,Mapped
891084001,6839,Mapped
891084002,6840,Mapped
891084003,6841,Mapped
891084004,6842,Mapped
891084005,166974,Mapped
891084006,6838,Mapped
891084008,166978,Mapped
891085001,6973,Mapped
891085003,6972,Mapped
891088001,6799,Mapped
891089001,6813,Mapped
891089003,6811,Mapped
891090001,6815,Mapped
891110,30248,Mapped
891112,58027,Mapped
891115,25113,Mapped
891116,24820,Mapped
891117,24819,Mapped
891129,25013,Mapped
892750,12258,Mapped
893076,14346,Mapped
893077,30253,Mapped
893079,95321,Mapped
893161003,675,Mapped
893161004,671,Mapped
893161005,665,Mapped
893161006,666,Mapped
893161008,670,Mapped
893161010,669,Mapped
893161013,672,Mapped
893161014,673,Mapped
895078,11186,Mapped
896080,9487,Mapped
896563,93094,Mapped
896739,17097,Mapped
897764,7646,Mapped
897920,12063,Mapped
899541,N/A,Unmapped
899612,30265,Mapped
900576,N/A,Unmapped
901095,3968,Mapped
901582,15773,Mapped
901589,1799,Mapped
901591,15889,Mapped
901597001,25862,Mapped
901597004,23743,Mapped
901597006,23744,Mapped
901597011,23747,Mapped
901597012,23748,Mapped
901597015,23745,Mapped
901597017,23749,Mapped
901597018,25540,Mapped
901597020,23751,Mapped
901597021,23752,Mapped
901597023,23746,Mapped
901597026,23753,Mapped
901597027,23754,Mapped
901648,N/A,Unmapped
901649,11164,Mapped
901650,10703,Mapped
902039,98333,Mapped
903054,17661,Mapped
903055,17649,Mapped
905617,108421,Mapped
906579,30282,Mapped
907674,12378,Mapped
907684,7957,Mapped
908909,17370,Mapped
909032,10768,Mapped
909033,10769,Mapped
909568,8568,Mapped
909889,1757,Mapped
910368,1509,Mapped
910611,99534,Mapped
911376001,4241,Mapped
911376002,4242,Mapped
911376003,4238,Mapped
911376004,4239,Mapped
911594,5790,Mapped
911596,18844,Mapped
911610,9579,Mapped
911631,9702,Mapped
911694,9122,Mapped
911768,30301,Mapped
911769,30302,Mapped
911891,15027,Mapped
911893,30303,Mapped
911900,16903,Mapped
911901,2514,Mapped
911919,7360,Mapped
912230,25046,Mapped
912246,5900,Mapped
912250,8987,Mapped
912256,11225,Mapped
912260001,6789,Mapped
912262,24834,Mapped
912263,24836,Mapped
912264,24835,Mapped
912265,24837,Mapped
912266,11426,Mapped
912367,3836,Mapped
912369,55162,Mapped
914035,8309,Mapped
914037,8307,Mapped
914059,30315,Mapped
914239,12706,Mapped
914485,85431,Mapped
914745,13193,Mapped
914756,5378,Mapped
914764,5459,Mapped
914765,5458,Mapped
914852,21336,Mapped
914880,5441,Mapped
914884,5445,Mapped
914887,21289,Mapped
914888,21290,Mapped
914897,5446,Mapped
914898,5447,Mapped
914911,5143,Mapped
914947,12522,Mapped
914948,4937,Mapped
915063,1474,Mapped
915064,1473,Mapped
915065,1457,Mapped
915066,16640,Mapped
915067,16641,Mapped
915264001,7102,Mapped
915274,4617,Mapped
915276,146698,Mapped
915308,23482,Mapped
915470,46722,Mapped
915471,13324,Mapped
915493,20936,Mapped
915495,20934,Mapped
915496,20933,Mapped
915497,5214,Mapped
915498,12313,Mapped
915550002,50415,Mapped
915852,7820,Mapped
915863,5359,Mapped
915897,N/A,Unmapped
915898,N/A,Unmapped
915953,5480,Mapped
916215,9213,Mapped
916224,5330,Mapped
916594,7411,Mapped
916601,30330,Mapped
916602,30331,Mapped
916633,80228,Mapped
916640,5304,Mapped
917151,7356,Mapped
917152,7357,Mapped
917166,4075,Mapped
917167,4077,Mapped
917169,4076,Mapped
917651,5375,Mapped
917660,5415,Mapped
917661,5416,Mapped
918061,2892,Mapped
918062,2893,Mapped
918065,2890,Mapped
918067,3212,Mapped
918551,11366,Mapped
918652,2214,Mapped
918653,2404,Mapped
919254,16210,Mapped
919255,16209,Mapped
919323,497,Mapped
919633,13020,Mapped
920004,6460,Mapped
920059,6718,Mapped
920700005,25548,Mapped
920715,5687,Mapped
920716,5686,Mapped
921042,55163,Mapped
921169,98150,Mapped
921173,5293,Mapped
921174,5292,Mapped
921228002,1801,Mapped
921228003,1802,Mapped
921304,13702,Mapped
921308,9863,Mapped
921309,9862,Mapped
921322,8040,Mapped
922274,19588,Mapped
922279,1961,Mapped
922280,1963,Mapped
922281,1959,Mapped
922362,153346,Mapped
922493,966,Mapped
923316,15751,Mapped
923317,15752,Mapped
923319,30377,Mapped
924079,15890,Mapped
924644,16607,Mapped
925064,9868,Mapped
925137,8532,Mapped
925138,8542,Mapped
925141,8533,Mapped
925142,8537,Mapped
925145,8535,Mapped
925149,8534,Mapped
925156,30380,Mapped
925157,30381,Mapped
925158,30382,Mapped
925169,30383,Mapped
925247,3202,Mapped
925248,3206,Mapped
925249,3204,Mapped
925250,3203,Mapped
926043,11221,Mapped
926044,11220,Mapped
926045,11222,Mapped
926577,30384,Mapped
928074,N/A,Unmapped
928078,N/A,Unmapped
928214,N/A,Unmapped
928220,N/A,Unmapped
928560,959,Mapped
928762,30396,Mapped
929623,15316,Mapped
930051,7630,Mapped
930053,12662,Mapped
930054,N/A,Unmapped
930055,N/A,Unmapped
930056,N/A,Unmapped
930057,N/A,Unmapped
930059,N/A,Unmapped
930061,N/A,Unmapped
930063,N/A,Unmapped
930064,N/A,Unmapped
930553,16528,Mapped
931539,16530,Mapped
932242,167946,Mapped
932863,30404,Mapped
932896,6564,Mapped
932945005,9528,Mapped
932945009,9529,Mapped
932945014,9532,Mapped
932945015,23309,Mapped
932945016,9530,Mapped
932945022,9533,Mapped
932945023,23310,Mapped
932945024,23404,Mapped
932945025,23300,Mapped
932945028,9534,Mapped
932945029,23311,Mapped
932945030,23405,Mapped
932945032,9536,Mapped
932945033,9535,Mapped
932945037,9531,Mapped
932945042,23312,Mapped
932945043,23307,Mapped
933120,11079,Mapped
933260,12895,Mapped
933261,5235,Mapped
933262,14981,Mapped
933268,14979,Mapped
933570,8039,Mapped
933579001,8083,Mapped
933579002,8084,Mapped
933769,19934,Mapped
933771,19936,Mapped
933793,9596,Mapped
933815,14980,Mapped
933817,14974,Mapped
933818,12913,Mapped
933826,4970,Mapped
933828,21713,Mapped
934053,44447,Mapped
934161,11295,Mapped
934175,8473,Mapped
934176,8472,Mapped
934178,8476,Mapped
934179,8477,Mapped
934180,8478,Mapped
934321,22789,Mapped
934323,1911,Mapped
934324,1912,Mapped
934325,1915,Mapped
934326,1910,Mapped
934327,1914,Mapped
934328,22785,Mapped
934329,22786,Mapped
934330,22787,Mapped
934352,18448,Mapped
934357,93096,Mapped
934400,30416,Mapped
934415,8578,Mapped
934670,9996,Mapped
934731,18935,Mapped
935470,19292,Mapped
935535,5611,Mapped
935870003,159285,Mapped
935878,14987,Mapped
935907,21571,Mapped
936563,24642,Mapped
936622005,24007,Mapped
936622010,25551,Mapped
936626,12021,Mapped
937037,167405,Mapped
937041,3885,Mapped
937045,3881,Mapped
937578,9615,Mapped
937712,55165,Mapped
937722,55166,Mapped
938581,16331,Mapped
938584,15663,Mapped
938587,2519,Mapped
939095,2843,Mapped
939753,18363,Mapped
940058,8335,Mapped
940726,11203,Mapped
940735,1594,Mapped
940744,N/A,Unmapped
940745,N/A,Unmapped
940747,N/A,Unmapped
940753,N/A,Unmapped
940754,N/A,Unmapped
940755,N/A,Unmapped
940756,N/A,Unmapped
940757,N/A,Unmapped
941099,14595,Mapped
941100,14594,Mapped
941101,2941,Mapped
941102,2945,Mapped
941103,2940,Mapped
941104,2861,Mapped
941105,2942,Mapped
941106,2943,Mapped
941107,2944,Mapped
941124,4060,Mapped
941126,4059,Mapped
941128,19212,Mapped
941129,4058,Mapped
941130,4056,Mapped
941137,19211,Mapped
941140,2851,Mapped
941143,2850,Mapped
941154,11987,Mapped
941155,12031,Mapped
941156,11986,Mapped
941556,3770,Mapped
941593,8017,Mapped
941681,15964,Mapped
941746,21645,Mapped
941888,15675,Mapped
941890,N/A,Unmapped
941894,30433,Mapped
942062,8341,Mapped
942784,108988,Mapped
942838,6552,Mapped
942839,6551,Mapped
942892,8115,Mapped
943165,3675,Mapped
944119,13013,Mapped
945566,30439,Mapped
945612,8939,Mapped
946563,13206,Mapped
946607,11234,Mapped
946675,19181,Mapped
946807,60401,Mapped
947036,10238,Mapped
947062,12075,Mapped
947063,12074,Mapped
947290,883,Mapped
947585,N/A,Unmapped
947590,N/A,Unmapped
947593,N/A,Unmapped
947596,N/A,Unmapped
947704,N/A,Unmapped
948146,15809,Mapped
948148,15808,Mapped
948149,3447,Mapped
948156,15810,Mapped
948159,15812,Mapped
948160,15815,Mapped
948162,15816,Mapped
948285,23071,Mapped
948288,10114,Mapped
948321,8261,Mapped
948503001,6925,Mapped
948503003,6926,Mapped
948503004,45785,Mapped
948587,30454,Mapped
948659,1490,Mapped
948660,1491,Mapped
948661,16631,Mapped
948662,3431,Mapped
948663,16630,Mapped
948691,12046,Mapped
948871,14624,Mapped
948889,3774,Mapped
948942,30460,Mapped
949035,17263,Mapped
949036,11326,Mapped
949062,21679,Mapped
949173,5958,Mapped
949298,N/A,Unmapped
949300,N/A,Unmapped
949302,N/A,Unmapped
949304,N/A,Unmapped
949305,N/A,Unmapped
949306,N/A,Unmapped
949553,14815,Mapped
949554,6025,Mapped
949555,7639,Mapped
949558,8191,Mapped
949610,7723,Mapped
950693,76117,Mapped
950696,95708,Mapped
950698,20055,Mapped
950700,20054,Mapped
950701,30476,Mapped
950713,4384,Mapped
951582,5976,Mapped
951612003,9685,Mapped
951612004,9687,Mapped
951613,8088,Mapped
951630,30479,Mapped
951800,10094,Mapped
952541,30481,Mapped
953155,21646,Mapped
953159,17040,Mapped
953609,18858,Mapped
953610,18857,Mapped
953612,18856,Mapped
953627,25354,Mapped
953648,2930,Mapped
953742,15430,Mapped
953743,1805,Mapped
953748,30489,Mapped
953756,12138,Mapped
953757,173,Mapped
953863,11115,Mapped
953865,11117,Mapped
953866,11114,Mapped
953995,30490,Mapped
954057,2657,Mapped
954091,2848,Mapped
954101,50160,Mapped
954185,23898,Mapped
954205,12081,Mapped
954618,24796,Mapped
954650,30495,Mapped
955189,5195,Mapped
955191,5197,Mapped
955194,20937,Mapped
955210,12954,Mapped
955214,5817,Mapped
956054,4341,Mapped
956165,10215,Mapped
956166,10214,Mapped
956550,N/A,Unmapped
957645,12085,Mapped
959481,3532,Mapped
961073,3445,Mapped
961127,55890,Mapped
961648,2055,Mapped
961649,2054,Mapped
962555,25208,Mapped
963573,99487,Mapped
963577,16280,Mapped
963651,6450,Mapped
964347,55175,Mapped
964660,6594,Mapped
964661,6596,Mapped
964679,11359,Mapped
964911,23465,Mapped
965536,60403,Mapped
965540,30510,Mapped
965571,18436,Mapped
965572,30511,Mapped
965630,21705,Mapped
966146,1074,Mapped
966202,5675,Mapped
966585,7842,Mapped
970587,81112,Mapped
971137,8614,Mapped
971138,8615,Mapped
971140001,21800,Mapped
971140003,21802,Mapped
971141001,21804,Mapped
971216,13568,Mapped
971220,11421,Mapped
972044,2975,Mapped
972056,62587,Mapped
972057,62588,Mapped
972058,62589,Mapped
972061,149268,Mapped
972547,12014,Mapped
972588,44330,Mapped
972602,9185,Mapped
973614,4354,Mapped
973624,11940,Mapped
973625,12045,Mapped
974774,4869,Mapped
974775,4872,Mapped
974776,13315,Mapped
974777,4879,Mapped
974779,156554,Mapped
974934,7037,Mapped
975101,21858,Mapped
975173,15441,Mapped
975174,2513,Mapped
975175,2512,Mapped
975176,15442,Mapped
975177,2511,Mapped
975223,104079,Mapped
975528,4679,Mapped
975720,18481,Mapped
975941,5336,Mapped
976008,5684,Mapped
976123,N/A,Unmapped
976126,8992,Mapped
976345,2319,Mapped
976346,2332,Mapped
976353,11349,Mapped
976366,30545,Mapped
976464,18699,Mapped
976465,18700,Mapped
976466,30551,Mapped
976468,56816,Mapped
976469,18696,Mapped
976470,18697,Mapped
976471,18698,Mapped
976566,5217,Mapped
976573,20943,Mapped
976575,20944,Mapped
976596,13300,Mapped
976600,1664,Mapped
976601,1662,Mapped
976602,16123,Mapped
976603,1663,Mapped
977044,N/A,Unmapped
977515,N/A,Unmapped
977556,5430,Mapped
977882,7903,Mapped
977897,6355,Mapped
977898,6352,Mapped
977899,6353,Mapped
978244,3647,Mapped
978245,3648,Mapped
978246,3650,Mapped
978247,3645,Mapped
978341,70116,Mapped
978537,13267,Mapped
978545,13201,Mapped
978546,5291,Mapped
978571,20720,Mapped
978578,5289,Mapped
978699,11370,Mapped
978701,11369,Mapped
978709,22395,Mapped
978710,22396,Mapped
978711,22397,Mapped
978712,22398,Mapped
978805,152486,Mapped
978881,2581,Mapped
978908,884,Mapped
979045,62594,Mapped
979103,7517,Mapped
979553,13102,Mapped
979827,15616,Mapped
979828,30571,Mapped
979829,30572,Mapped
979866003,1132,Mapped
979866004,1128,Mapped
979866006,1129,Mapped
980036,4369,Mapped
980037,84,Mapped
981713,21775,Mapped
981714,1849,Mapped
981716,16212,Mapped
981717,1847,Mapped
981718,1848,Mapped
981719,1846,Mapped
981753,3726,Mapped
981778001,801,Mapped
981778002,816,Mapped
981778003,802,Mapped
981826,30573,Mapped
981873,4281,Mapped
982287,1384,Mapped
983020,25387,Mapped
983021,25386,Mapped
983228,N/A,Unmapped
983229,N/A,Unmapped
983230,N/A,Unmapped
983309,2955,Mapped
983310,2954,Mapped
983392,5800,Mapped
983394,N/A,Unmapped
983658,9766,Mapped
983659,9760,Mapped
983667,6626,Mapped
983725,3610,Mapped
984586,2953,Mapped
985035,N/A,Unmapped
985038,2741,Mapped
985039,21680,Mapped
985056001,44420,Mapped
985056002,48758,Mapped
985056004,13899,Mapped
985068,25308,Mapped
985069,25220,Mapped
985072,30595,Mapped
985535,N/A,Unmapped
985536,N/A,Unmapped
985537,10679,Mapped
985712001,575,Mapped
985712002,808,Mapped
985712003,809,Mapped
985712005,807,Mapped
985875,55179,Mapped
985876,55180,Mapped
985877,56818,Mapped
985965,18938,Mapped
985967,2240,Mapped
986534,12891,Mapped
986555,3582,Mapped
986565,6743,Mapped
986586,7806,Mapped
986588,7804,Mapped
986592,8199,Mapped
986802,30606,Mapped
986803,18966,Mapped
986804,18965,Mapped
986831,12568,Mapped
987606,55181,Mapped
987607,55182,Mapped
987611,161339,Mapped
987612,161340,Mapped
987613,161341,Mapped
987614,161400,Mapped
987615,161342,Mapped
987617,161345,Mapped
987618,161344,Mapped
987928,24838,Mapped
987929,99461,Mapped
987930,149254,Mapped
987945,11188,Mapped
987954,10653,Mapped
987955,10654,Mapped
987956,24519,Mapped
988069,25098,Mapped
988070,25097,Mapped
988169,12804,Mapped
988254,4710,Mapped
988423,12863,Mapped
988762,18187,Mapped
988830,1002,Mapped
988831,1001,Mapped
989721,18978,Mapped
989722,18979,Mapped
989725,18980,Mapped
989726,111225,Mapped
989727,137341,Mapped
989728,18981,Mapped
989731,18982,Mapped
989732,137336,Mapped
989733,18983,Mapped
989734,137337,Mapped
989735,18984,Mapped
989736,18985,Mapped
989737,161348,Mapped
989987,18455,Mapped
990000,10701,Mapped
990053,2060,Mapped
990054,2059,Mapped
990069,4083,Mapped
990070,4078,Mapped
990076,3702,Mapped
990093,3858,Mapped
990265,9597,Mapped
990385,1696,Mapped
990386,1694,Mapped
990388,30634,Mapped
990389,1687,Mapped
990391,1719,Mapped
990463,151615,Mapped
990839,9117,Mapped
990925,30635,Mapped
990948,18961,Mapped
990993,9099,Mapped
991015,23534,Mapped
991322,93097,Mapped
991377,24763,Mapped
991655,24897,Mapped
991656,11922,Mapped
991659,11971,Mapped
991660,11972,Mapped
991744,18976,Mapped
991746,30653,Mapped
991748,30654,Mapped
991750,30655,Mapped
991823,8336,Mapped
991825,30657,Mapped
991841,8160,Mapped
991863,9079,Mapped
991864,9080,Mapped
991937,N/A,Unmapped
991938,N/A,Unmapped
991939,N/A,Unmapped
991940,N/A,Unmapped
991941,N/A,Unmapped
991942,N/A,Unmapped
991943,N/A,Unmapped
991945,N/A,Unmapped
991946,N/A,Unmapped
992063,8308,Mapped
992070,58031,Mapped
992422,9565,Mapped
992423,9562,Mapped
992425,9567,Mapped
992429,9568,Mapped
992538,15726,Mapped
992544,N/A,Unmapped
992551,3355,Mapped
992979001,6970,Mapped
992979003,6968,Mapped
992979004,6969,Mapped
992982002,6981,Mapped
992982003,20426,Mapped
992982004,6980,Mapped
992983,6959,Mapped
992991,4284,Mapped
992992,4283,Mapped
992996,1705,Mapped
992997,1711,Mapped
992998,15948,Mapped
992999,1712,Mapped
993000,1703,Mapped
993001,1707,Mapped
993014,3165,Mapped
993022,1851,Mapped
993023,16213,Mapped
993024,1850,Mapped
993550,3605,Mapped
993593,N/A,Unmapped
993596,N/A,Unmapped
993602,N/A,Unmapped
993605,N/A,Unmapped
993607,N/A,Unmapped
993610,N/A,Unmapped
993650,15429,Mapped
993653,15428,Mapped
993680,3725,Mapped
993782,4141,Mapped
993788,3797,Mapped
993791,3238,Mapped
993792,3247,Mapped
993929,1285,Mapped
993944,24821,Mapped
993945,8882,Mapped
993954,76189,Mapped
993958,25035,Mapped
993959,25036,Mapped
993960,25037,Mapped
994201,6637,Mapped
994202,6638,Mapped
994227,3246,Mapped
994269,12111,Mapped
994300,3636,Mapped
994387,1741,Mapped
994441,13230,Mapped
994443,21218,Mapped
995211,45721,Mapped
995213,9742,Mapped
995215,56823,Mapped
995326,25219,Mapped
995327,50611,Mapped
995329,25234,Mapped
995330,25233,Mapped
995331,45715,Mapped
995334,50172,Mapped
995338,25217,Mapped
995339,25218,Mapped
995384001,7044,Mapped
995384002,7045,Mapped
995512,2826,Mapped
995513,2827,Mapped
995514,2829,Mapped
995515,14599,Mapped
995518,2834,Mapped
995519,2353,Mapped
995527,2021,Mapped
996035,30703,Mapped
996126,10031,Mapped
996149,161351,Mapped
996150,111226,Mapped
996151,161350,Mapped
996152,161352,Mapped
996161,N/A,Unmapped
996166,10154,Mapped
996223,2258,Mapped
996229,81107,Mapped
996230,71731,Mapped
996235,1906,Mapped
996237,1907,Mapped
996241,12693,Mapped
996631,N/A,Unmapped
996655,24899,Mapped
996706,11002,Mapped
996707,11001,Mapped
996710,47955,Mapped
996744,10960,Mapped
996753,5793,Mapped
997166,8678,Mapped
997170,10177,Mapped
997216,23448,Mapped
997223,9301,Mapped
997230,8700,Mapped
997239,21656,Mapped
997240,30726,Mapped
997344,55895,Mapped
997367,12082,Mapped
997396,21847,Mapped
997995,2628,Mapped
997996,2630,Mapped
998183,16195,Mapped
998184,4233,Mapped
998479,8342,Mapped
998510,19561,Mapped
999112,1028,Mapped
999116,21709,Mapped
999117,18716,Mapped
999119,11198,Mapped
999310002,22072,Mapped
999323,13419,Mapped
999722,1713,Mapped
999858,137339,Mapped
999861,18986,Mapped
999926,15977,Mapped
999954,1595,Mapped
